2026-09-28 00:03:16,680 [INFO] WebApp:354 - JxBrowser engine has been closed 
2026-09-28 00:03:16,774 [ERROR] LogOutputStream:75 - [STDERR_REDIRECT] [Fatal Error] :1:1: Premature end of file.
2026-09-28 00:03:16,774 [ERROR] LogOutputStream:75 - [STDERR_REDIRECT] 
2026-09-28 00:03:17,764 [ERROR] LogOutputStream:75 - [STDERR_REDIRECT] [Fatal Error] :1:1: Premature end of file.
2026-09-28 00:03:17,764 [ERROR] LogOutputStream:75 - [STDERR_REDIRECT] 
2026-09-28 00:03:18,764 [ERROR] LogOutputStream:75 - [STDERR_REDIRECT] [Fatal Error] :1:1: Premature end of file.
2026-09-28 00:03:18,764 [ERROR] LogOutputStream:75 - [STDERR_REDIRECT] 
2026-09-28 00:03:19,762 [ERROR] LogOutputStream:75 - [STDERR_REDIRECT] [Fatal Error] :1:1: Premature end of file.
2026-09-28 00:03:19,762 [ERROR] LogOutputStream:75 - [STDERR_REDIRECT] 
2026-09-28 00:03:20,764 [ERROR] LogOutputStream:75 - [STDERR_REDIRECT] [Fatal Error] :1:1: Premature end of file.
2026-09-28 00:03:20,764 [ERROR] LogOutputStream:75 - [STDERR_REDIRECT] 
2026-09-28 00:03:21,764 [ERROR] LogOutputStream:75 - [STDERR_REDIRECT] [Fatal Error] :1:1: Premature end of file.
2026-09-28 00:03:21,764 [ERROR] LogOutputStream:75 - [STDERR_REDIRECT] 
2026-09-28 00:03:22,763 [ERROR] LogOutputStream:75 - [STDERR_REDIRECT] [Fatal Error] :1:1: Premature end of file.
2026-09-28 00:03:22,763 [ERROR] LogOutputStream:75 - [STDERR_REDIRECT] 
2026-09-28 00:03:23,765 [ERROR] LogOutputStream:75 - [STDERR_REDIRECT] [Fatal Error] :1:1: Premature end of file.
2026-09-28 00:03:23,765 [ERROR] LogOutputStream:75 - [STDERR_REDIRECT] 
2026-09-28 00:05:17,670 [INFO] Activator:176 - 


2026-09-28 00:05:17,672 [INFO] Activator:177 - !SESSION log4j initialized
2026-09-28 00:05:24,355 [INFO] LogOutputStream:77 - [STDOUT_REDIRECT] 
2026-09-28 00:05:27,056 [INFO] ApplicationProperties:184 - Using Application install path: C:\ST\STM32CubeIDE_1.15.1\STM32CubeIDE\plugins\com.st.stm32cube.common.mx_6.11.1.202404110753
2026-09-28 00:05:27,077 [INFO] DbMcusXml:78 - Set database path to: C:\ST\STM32CubeIDE_1.15.1\STM32CubeIDE\plugins\com.st.stm32cube.common.mx_6.11.1.202404110753\\db\/mcu/
2026-09-28 00:05:27,078 [INFO] ApiDb:274 - Set plugin database path to: C:\ST\STM32CubeIDE_1.15.1\STM32CubeIDE\plugins\com.st.stm32cube.common.mx_6.11.1.202404110753\\db\/plugins/boardmanager/
2026-09-28 00:05:27,078 [WARN] ApiDb:259 - Overriding images path with different value:  => C:\ST\STM32CubeIDE_1.15.1\STM32CubeIDE\plugins\com.st.stm32cube.common.mx_6.11.1.202404110753\\db\/plugins/mcufinder/images/
2026-09-28 00:05:27,091 [INFO] ApiDb:250 - Set database path to: C:\Users\robor\.stmcufinder\plugins\mcufinder//mcu/
2026-09-28 00:05:27,093 [INFO] DbMcusAds:125 - Set database path to: C:\Users\robor\.stmcufinder\plugins\mcufinder//mcu/
2026-09-28 00:05:27,094 [INFO] CrossReferenceDbSqlite:203 - Set database path to: C:\Users\robor\.stmcufinder\plugins\mcufinder//mcu/cs/
2026-09-28 00:05:27,208 [INFO] RulesReader:64 - Compatibility file has been processed (297 Rules)
2026-09-28 00:05:27,327 [INFO] DbMcusXml:78 - Set database path to: C:\ST\STM32CubeIDE_1.15.1\STM32CubeIDE\plugins\com.st.stm32cube.common.mx_6.11.1.202404110753\\db\/mcu/
2026-09-28 00:05:27,327 [INFO] ApiDb:274 - Set plugin database path to: C:\ST\STM32CubeIDE_1.15.1\STM32CubeIDE\plugins\com.st.stm32cube.common.mx_6.11.1.202404110753\\db\/plugins/boardmanager/
2026-09-28 00:05:27,327 [INFO] ApiDb:261 - Set plugin images path to: C:\ST\STM32CubeIDE_1.15.1\STM32CubeIDE\plugins\com.st.stm32cube.common.mx_6.11.1.202404110753\\db\/plugins/mcufinder/images/
2026-09-28 00:05:27,328 [WARN] DbFile:41 - Overriding database path with different value: C:\Users\robor\.stmcufinder\plugins\mcufinder/ => C:\Users\robor\.stmcufinder\plugins\mcufinder
2026-09-28 00:05:27,328 [INFO] ApiDb:250 - Set database path to: C:\Users\robor\.stmcufinder\plugins\mcufinder//mcu/
2026-09-28 00:05:27,328 [WARN] DbFile:41 - Overriding database path with different value: C:\Users\robor\.stmcufinder\plugins\mcufinder/ => C:\Users\robor\.stmcufinder\plugins\mcufinder
2026-09-28 00:05:27,328 [INFO] DbMcusAds:125 - Set database path to: C:\Users\robor\.stmcufinder\plugins\mcufinder//mcu/
2026-09-28 00:05:27,328 [WARN] DbFile:41 - Overriding database path with different value: C:\Users\robor\.stmcufinder\plugins\mcufinder/ => C:\Users\robor\.stmcufinder\plugins\mcufinder
2026-09-28 00:05:27,328 [WARN] DbFile:41 - Overriding database path with different value: C:\Users\robor\.stmcufinder\plugins\mcufinder/ => C:\Users\robor\.stmcufinder\plugins\mcufinder
2026-09-28 00:05:27,328 [INFO] CrossReferenceDbSqlite:203 - Set database path to: C:\Users\robor\.stmcufinder\plugins\mcufinder//mcu/cs/
2026-09-28 00:05:27,419 [INFO] MainPanel:264 - HeapMemory: 268435456
2026-09-28 00:05:27,516 [INFO] DbMcusXml:78 - Set database path to: C:\ST\STM32CubeIDE_1.15.1\STM32CubeIDE\plugins\com.st.stm32cube.common.mx_6.11.1.202404110753\\db\/mcu/
2026-09-28 00:05:27,516 [INFO] ApiDb:274 - Set plugin database path to: C:\ST\STM32CubeIDE_1.15.1\STM32CubeIDE\plugins\com.st.stm32cube.common.mx_6.11.1.202404110753\\db\/plugins/boardmanager/
2026-09-28 00:05:27,516 [INFO] ApiDb:261 - Set plugin images path to: C:\ST\STM32CubeIDE_1.15.1\STM32CubeIDE\plugins\com.st.stm32cube.common.mx_6.11.1.202404110753\\db\/plugins/mcufinder/images/
2026-09-28 00:05:27,517 [WARN] DbFile:41 - Overriding database path with different value: C:\Users\robor\.stmcufinder\plugins\mcufinder/ => C:\Users\robor\.stmcufinder\plugins\mcufinder
2026-09-28 00:05:27,517 [INFO] ApiDb:250 - Set database path to: C:\Users\robor\.stmcufinder\plugins\mcufinder//mcu/
2026-09-28 00:05:27,517 [WARN] DbFile:41 - Overriding database path with different value: C:\Users\robor\.stmcufinder\plugins\mcufinder/ => C:\Users\robor\.stmcufinder\plugins\mcufinder
2026-09-28 00:05:27,517 [INFO] DbMcusAds:125 - Set database path to: C:\Users\robor\.stmcufinder\plugins\mcufinder//mcu/
2026-09-28 00:05:27,517 [WARN] DbFile:41 - Overriding database path with different value: C:\Users\robor\.stmcufinder\plugins\mcufinder/ => C:\Users\robor\.stmcufinder\plugins\mcufinder
2026-09-28 00:05:27,517 [WARN] DbFile:41 - Overriding database path with different value: C:\Users\robor\.stmcufinder\plugins\mcufinder/ => C:\Users\robor\.stmcufinder\plugins\mcufinder
2026-09-28 00:05:27,517 [INFO] CrossReferenceDbSqlite:203 - Set database path to: C:\Users\robor\.stmcufinder\plugins\mcufinder//mcu/cs/
2026-09-28 00:05:27,534 [INFO] ApplicationProperties:184 - Using Application install path: C:\ST\STM32CubeIDE_1.15.1\STM32CubeIDE\plugins\com.st.stm32cube.common.mx_6.11.1.202404110753
2026-09-28 00:05:27,536 [INFO] PluginManage:196 - Search for loadable plugins [exclusion list=, ]
2026-09-28 00:05:27,538 [INFO] PluginManage:310 - Check plugin analytics
2026-09-28 00:05:27,703 [INFO] AnalyticsPlugin:253 - Accepted Software Licenses: 
2026-09-28 00:05:27,704 [INFO] AnalyticsPlugin:255 - Accepted CMSIS Pack Licenses: 
2026-09-28 00:05:27,704 [INFO] AnalyticsPlugin:257 - Accepted Firmware Licenses: FW.F4.1.28.0
2026-09-28 00:05:27,707 [INFO] PluginManage:359 - Loaded plugin analytics (category:tool,tabindex:-1)
2026-09-28 00:05:27,708 [INFO] PluginManage:310 - Check plugin cadmodel
2026-09-28 00:05:27,716 [INFO] CADModel:105 - Init CAD model plugin
2026-09-28 00:05:27,716 [INFO] PluginManage:359 - Loaded plugin cadmodel (category:power,tabindex:5)
2026-09-28 00:05:27,716 [INFO] PluginManage:310 - Check plugin clock
2026-09-28 00:05:27,731 [INFO] PluginManage:359 - Loaded plugin clock (category:base,tabindex:2)
2026-09-28 00:05:27,732 [INFO] PluginManage:310 - Check plugin ddr
2026-09-28 00:05:27,735 [INFO] PluginManage:359 - Loaded plugin ddr (category:tool,tabindex:6)
2026-09-28 00:05:27,735 [INFO] PluginManage:310 - Check plugin filemanager
2026-09-28 00:05:27,880 [INFO] PluginManage:359 - Loaded plugin filemanager (category:base,tabindex:10)
2026-09-28 00:05:27,880 [INFO] PluginManage:310 - Check plugin ipmanager
2026-09-28 00:05:27,888 [INFO] PluginManage:359 - Loaded plugin ipmanager (category:base,tabindex:5)
2026-09-28 00:05:27,888 [INFO] PluginManage:310 - Check plugin lpbam
2026-09-28 00:05:27,897 [INFO] PluginManage:359 - Loaded plugin lpbam (category:base,tabindex:0)
2026-09-28 00:05:27,897 [INFO] PluginManage:310 - Check plugin memorymap
2026-09-28 00:05:27,910 [INFO] PluginManage:359 - Loaded plugin memorymap (category:base,tabindex:4)
2026-09-28 00:05:27,910 [INFO] PluginManage:310 - Check plugin pinoutandconfiguration
2026-09-28 00:05:27,918 [INFO] PluginManage:359 - Loaded plugin pinoutandconfiguration (category:base,tabindex:1)
2026-09-28 00:05:27,918 [INFO] PluginManage:310 - Check plugin pinoutconfig
2026-09-28 00:05:28,003 [WARN] SupportedApi:132 - Cannot load RTOS API schema: s4s-elt-must-match.1: The content of 'definitions' must match (annotation?, (simpleType | complexType)?, (unique | key | keyref)*)). A problem was found starting at: attribute.
2026-09-28 00:05:28,134 [INFO] PluginManage:359 - Loaded plugin pinoutconfig (category:base,tabindex:0)
2026-09-28 00:05:28,134 [INFO] PluginManage:310 - Check plugin power
2026-09-28 00:05:28,145 [INFO] PluginManage:359 - Loaded plugin power (category:power,tabindex:4)
2026-09-28 00:05:28,145 [INFO] PluginManage:310 - Check plugin projectmanager
2026-09-28 00:05:28,163 [INFO] PluginManage:359 - Loaded plugin projectmanager (category:projectmanager,tabindex:3)
2026-09-28 00:05:28,163 [INFO] PluginManage:310 - Check plugin thirdparty
2026-09-28 00:05:28,306 [INFO] PluginManage:359 - Loaded plugin thirdparty (category:base,tabindex:-1)
2026-09-28 00:05:28,306 [WARN] IntegrityCheckThread:84 - waiting for thirdparty lock release [integrity check]
2026-09-28 00:05:28,306 [INFO] PluginManage:310 - Check plugin tools
2026-09-28 00:05:28,306 [INFO] IntegrityCheckThread:86 - entering critical section [integrity check]
2026-09-28 00:05:28,307 [INFO] ThirdPartyUpdaterWithRetryManager:70 - Updater plugin not ready yet. [1/15]
2026-09-28 00:05:28,310 [INFO] PluginManage:359 - Loaded plugin tools (category:base,tabindex:7)
2026-09-28 00:05:28,310 [INFO] PluginManage:310 - Check plugin tutovideos
2026-09-28 00:05:28,484 [INFO] PluginManage:359 - Loaded plugin tutovideos (category:base,tabindex:-1)
2026-09-28 00:05:28,484 [INFO] PluginManage:310 - Check plugin updater
2026-09-28 00:05:28,497 [INFO] PluginManage:359 - Loaded plugin updater (category:base,tabindex:12)
2026-09-28 00:05:28,497 [INFO] PluginManage:310 - Check plugin userauth
2026-09-28 00:05:28,503 [INFO] UserAuth:114 - Init User Auth plugin
2026-09-28 00:05:28,503 [INFO] PluginManage:359 - Loaded plugin userauth (category:base,tabindex:14)
2026-09-28 00:05:28,503 [INFO] PluginManage:283 - PluginManage : Loaded plugins [17]
2026-09-28 00:05:28,729 [INFO] PinOutPanel:1561 - setPackage(No Configuration,No Configuration)
2026-09-28 00:05:28,811 [INFO] CADModel:165 - CPN selected for project level
2026-09-28 00:05:28,811 [INFO] CADModel:114 - Register for checkConnection events
2026-09-28 00:05:28,829 [INFO] IPUIPlugin:80 - create IPUIPlugin
2026-09-28 00:05:28,830 [INFO] PluginManager:220 - loadIPPluginJar : add adc
2026-09-28 00:05:28,832 [INFO] IPUIPlugin:80 - create IPUIPlugin
2026-09-28 00:05:28,833 [INFO] PluginManager:220 - loadIPPluginJar : add aes
2026-09-28 00:05:28,836 [INFO] IPUIPlugin:80 - create IPUIPlugin
2026-09-28 00:05:28,836 [INFO] PluginManager:220 - loadIPPluginJar : add can
2026-09-28 00:05:28,838 [INFO] IPUIPlugin:80 - create IPUIPlugin
2026-09-28 00:05:28,839 [INFO] PluginManager:220 - loadIPPluginJar : add comp
2026-09-28 00:05:28,842 [INFO] IPUIPlugin:80 - create IPUIPlugin
2026-09-28 00:05:28,842 [INFO] PluginManager:220 - loadIPPluginJar : add cryp
2026-09-28 00:05:28,845 [INFO] IPUIPlugin:80 - create IPUIPlugin
2026-09-28 00:05:28,845 [INFO] PluginManager:220 - loadIPPluginJar : add dfsdm
2026-09-28 00:05:28,851 [INFO] IPUIPlugin:80 - create IPUIPlugin
2026-09-28 00:05:28,851 [INFO] PluginManager:220 - loadIPPluginJar : add dma
2026-09-28 00:05:28,854 [INFO] IPUIPlugin:80 - create IPUIPlugin
2026-09-28 00:05:28,854 [INFO] PluginManager:220 - loadIPPluginJar : add dma3
2026-09-28 00:05:28,858 [INFO] IPUIPlugin:80 - create IPUIPlugin
2026-09-28 00:05:28,858 [INFO] PluginManager:220 - loadIPPluginJar : add extmemmanager
2026-09-28 00:05:28,860 [INFO] IPUIPlugin:80 - create IPUIPlugin
2026-09-28 00:05:28,860 [INFO] PluginManager:220 - loadIPPluginJar : add fatfs
2026-09-28 00:05:28,866 [INFO] IPUIPlugin:80 - create IPUIPlugin
2026-09-28 00:05:28,866 [INFO] PluginManager:220 - loadIPPluginJar : add fmc
2026-09-28 00:05:28,873 [INFO] IPUIPlugin:80 - create IPUIPlugin
2026-09-28 00:05:28,873 [INFO] PluginManager:220 - loadIPPluginJar : add freertos
2026-09-28 00:05:28,875 [INFO] IPUIPlugin:80 - create IPUIPlugin
2026-09-28 00:05:28,875 [INFO] PluginManager:220 - loadIPPluginJar : add genericplugin
2026-09-28 00:05:28,878 [INFO] IPUIPlugin:80 - create IPUIPlugin
2026-09-28 00:05:28,878 [INFO] PluginManager:220 - loadIPPluginJar : add gfxmmu
2026-09-28 00:05:28,884 [INFO] IPUIPlugin:80 - create IPUIPlugin
2026-09-28 00:05:28,884 [INFO] PluginManager:220 - loadIPPluginJar : add gic
2026-09-28 00:05:28,888 [INFO] IPUIPlugin:80 - create IPUIPlugin
2026-09-28 00:05:28,888 [INFO] PluginManager:220 - loadIPPluginJar : add gpio
2026-09-28 00:05:28,891 [INFO] IPUIPlugin:80 - create IPUIPlugin
2026-09-28 00:05:28,891 [INFO] PluginManager:220 - loadIPPluginJar : add gtzc
2026-09-28 00:05:28,894 [INFO] IPUIPlugin:80 - create IPUIPlugin
2026-09-28 00:05:28,894 [INFO] PluginManager:220 - loadIPPluginJar : add hash
2026-09-28 00:05:28,897 [INFO] IPUIPlugin:80 - create IPUIPlugin
2026-09-28 00:05:28,897 [INFO] PluginManager:220 - loadIPPluginJar : add i2c
2026-09-28 00:05:28,899 [INFO] IPUIPlugin:80 - create IPUIPlugin
2026-09-28 00:05:28,899 [INFO] PluginManager:220 - loadIPPluginJar : add i2s
2026-09-28 00:05:28,902 [INFO] IPUIPlugin:80 - create IPUIPlugin
2026-09-28 00:05:28,902 [INFO] PluginManager:220 - loadIPPluginJar : add i3c
2026-09-28 00:05:28,905 [INFO] IPUIPlugin:80 - create IPUIPlugin
2026-09-28 00:05:28,905 [INFO] PluginManager:220 - loadIPPluginJar : add ipddr
2026-09-28 00:05:28,912 [INFO] IPUIPlugin:80 - create IPUIPlugin
2026-09-28 00:05:28,912 [INFO] PluginManager:220 - loadIPPluginJar : add linkedlist
2026-09-28 00:05:28,915 [INFO] IPUIPlugin:80 - create IPUIPlugin
2026-09-28 00:05:28,916 [INFO] PluginManager:220 - loadIPPluginJar : add lorawan
2026-09-28 00:05:28,918 [INFO] IPUIPlugin:80 - create IPUIPlugin
2026-09-28 00:05:28,918 [INFO] PluginManager:220 - loadIPPluginJar : add ltdc
2026-09-28 00:05:28,924 [INFO] IPUIPlugin:80 - create IPUIPlugin
2026-09-28 00:05:28,924 [INFO] PluginManager:220 - loadIPPluginJar : add mdma
2026-09-28 00:05:28,928 [INFO] IPUIPlugin:80 - create IPUIPlugin
2026-09-28 00:05:28,928 [INFO] PluginManager:220 - loadIPPluginJar : add nvic
2026-09-28 00:05:28,932 [INFO] IPUIPlugin:80 - create IPUIPlugin
2026-09-28 00:05:28,932 [INFO] PluginManager:220 - loadIPPluginJar : add opamp
2026-09-28 00:05:28,936 [INFO] IPUIPlugin:80 - create IPUIPlugin
2026-09-28 00:05:28,936 [INFO] PluginManager:220 - loadIPPluginJar : add openamp
2026-09-28 00:05:28,940 [INFO] IPUIPlugin:80 - create IPUIPlugin
2026-09-28 00:05:28,940 [INFO] PluginManager:220 - loadIPPluginJar : add pdm2pcm
2026-09-28 00:05:28,945 [INFO] IPUIPlugin:80 - create IPUIPlugin
2026-09-28 00:05:28,947 [INFO] PluginManager:220 - loadIPPluginJar : add plateformsettings
2026-09-28 00:05:28,949 [INFO] IPUIPlugin:80 - create IPUIPlugin
2026-09-28 00:05:28,949 [INFO] PluginManager:220 - loadIPPluginJar : add quadspi
2026-09-28 00:05:28,954 [INFO] IPUIPlugin:80 - create IPUIPlugin
2026-09-28 00:05:28,954 [INFO] PluginManager:220 - loadIPPluginJar : add resmgrutility
2026-09-28 00:05:28,957 [INFO] IPUIPlugin:80 - create IPUIPlugin
2026-09-28 00:05:28,957 [INFO] PluginManager:220 - loadIPPluginJar : add sai
2026-09-28 00:05:28,959 [INFO] IPUIPlugin:80 - create IPUIPlugin
2026-09-28 00:05:28,959 [INFO] PluginManager:220 - loadIPPluginJar : add spi
2026-09-28 00:05:28,966 [INFO] IPUIPlugin:80 - create IPUIPlugin
2026-09-28 00:05:28,966 [INFO] PluginManager:220 - loadIPPluginJar : add stm32_wpan
2026-09-28 00:05:28,968 [INFO] IPUIPlugin:80 - create IPUIPlugin
2026-09-28 00:05:28,968 [INFO] PluginManager:220 - loadIPPluginJar : add tim
2026-09-28 00:05:28,972 [INFO] IPUIPlugin:80 - create IPUIPlugin
2026-09-28 00:05:28,972 [INFO] PluginManager:220 - loadIPPluginJar : add touchsensing
2026-09-28 00:05:28,974 [INFO] IPUIPlugin:80 - create IPUIPlugin
2026-09-28 00:05:28,974 [INFO] PluginManager:220 - loadIPPluginJar : add tracer_emb
2026-09-28 00:05:28,977 [INFO] IPUIPlugin:80 - create IPUIPlugin
2026-09-28 00:05:28,977 [INFO] PluginManager:220 - loadIPPluginJar : add ts
2026-09-28 00:05:28,978 [INFO] IPUIPlugin:80 - create IPUIPlugin
2026-09-28 00:05:28,980 [INFO] PluginManager:220 - loadIPPluginJar : add tsc
2026-09-28 00:05:28,982 [INFO] IPUIPlugin:80 - create IPUIPlugin
2026-09-28 00:05:28,982 [INFO] PluginManager:220 - loadIPPluginJar : add ucpd
2026-09-28 00:05:28,985 [INFO] IPUIPlugin:80 - create IPUIPlugin
2026-09-28 00:05:28,985 [INFO] PluginManager:220 - loadIPPluginJar : add usart
2026-09-28 00:05:28,988 [INFO] IPUIPlugin:80 - create IPUIPlugin
2026-09-28 00:05:28,988 [INFO] PluginManager:220 - loadIPPluginJar : add usbx
2026-09-28 00:05:29,113 [INFO] CADModel:165 - CPN selected for project level
2026-09-28 00:05:29,113 [INFO] CADModel:114 - Register for checkConnection events
2026-09-28 00:05:29,113 [FATAL] Updater:308 - Updater called before beeing initialized
2026-09-28 00:05:29,113 [ERROR] CADModel:125 - Updater not yet initialized, retry later 
2026-09-28 00:05:29,263 [INFO] CADModel:165 - CPN selected for project level
2026-09-28 00:05:29,263 [INFO] CADModel:114 - Register for checkConnection events
2026-09-28 00:05:29,263 [FATAL] Updater:308 - Updater called before beeing initialized
2026-09-28 00:05:29,263 [ERROR] CADModel:125 - Updater not yet initialized, retry later 
2026-09-28 00:05:29,266 [FATAL] Updater:308 - Updater called before beeing initialized
2026-09-28 00:05:29,372 [FATAL] Updater:308 - Updater called before beeing initialized
2026-09-28 00:05:29,377 [INFO] DbMcusAds:53 - JSON generation date=Tue Sep 22 17:55:16 IST 2026 (1790079916640)
2026-09-28 00:05:29,378 [FATAL] Updater:308 - Updater called before beeing initialized
2026-09-28 00:05:29,427 [WARN] DetailPanel:346 - Failed to get advertising image, set to default
2026-09-28 00:05:29,540 [FATAL] Updater:308 - Updater called before beeing initialized
2026-09-28 00:05:29,543 [FATAL] Updater:308 - Updater called before beeing initialized
2026-09-28 00:05:29,543 [FATAL] Updater:308 - Updater called before beeing initialized
2026-09-28 00:05:29,543 [WARN] DetailPanel:346 - Failed to get advertising image, set to default
2026-09-28 00:05:29,543 [FATAL] Updater:308 - Updater called before beeing initialized
2026-09-28 00:05:29,594 [ERROR] Updater:1120 - MainUpdater not yet initialized. External WinMGr cannot be set.
2026-09-28 00:05:29,596 [INFO] Updater:1056 - Updater Version found : 6.11.1
2026-09-28 00:05:29,616 [INFO] ApplicationProperties:184 - Using Application install path: C:\ST\STM32CubeIDE_1.15.1\STM32CubeIDE\plugins\com.st.stm32cube.common.mx_6.11.1.202404110753
2026-09-28 00:05:31,195 [ERROR] LogOutputStream:75 - [STDERR_REDIRECT] Sep 28, 2026 12:05:31 AM java.util.prefs.WindowsPreferences <init>
2026-09-28 00:05:31,196 [ERROR] LogOutputStream:75 - [STDERR_REDIRECT] WARNING: Could not open/create prefs root node Software\JavaSoft\Prefs at root 0xffffffff80000002. Windows RegCreateKeyEx(...) returned error code 5.
2026-09-28 00:05:31,196 [ERROR] LogOutputStream:75 - [STDERR_REDIRECT] 
2026-09-28 00:05:31,308 [INFO] ThirdPartyUpdaterWithRetryManager:70 - Updater plugin not ready yet. [2/15]
2026-09-28 00:05:31,505 [INFO] MainUpdater:2873 - connection check result : 10
2026-09-28 00:05:31,506 [INFO] MainUpdater:290 - Updater Check For Update Now.
2026-09-28 00:05:31,506 [INFO] MicroXplorer:498 - Change Database Version : DB.6.0.111
2026-09-28 00:05:31,512 [INFO] McuFinderGlobals:63 - Set McuFinder mode to 2 (CubeIDE integrated)
2026-09-28 00:05:31,513 [INFO] UserAuth:179 - activating auth plugin
2026-09-28 00:05:31,516 [INFO] UserAuth:415 - Internet connection configuration mode: 1
2026-09-28 00:05:31,559 [INFO] JxBrowserEngine:152 - Initiate JxBrowser Engine with user profile folder
2026-09-28 00:05:31,709 [INFO] CheckServerUpdateThread:120 - End of CheckServer Thread
2026-09-28 00:05:32,553 [INFO] WebApp:161 - Instantiating new browser for Auth
2026-09-28 00:05:33,151 [INFO] WebApp:779 - Register for checkConnection events
2026-09-28 00:05:33,151 [INFO] WebApp:414 - Apply proxy settings
2026-09-28 00:05:33,152 [INFO] WebApp:499 - Chromium requires no authentication
2026-09-28 00:05:33,160 [INFO] WebApp:442 - Direct internet connection detected
2026-09-28 00:05:33,343 [INFO] WebApp:192 - Starting web application
2026-09-28 00:05:33,344 [INFO] WebApp:544 - Web application path used C:\ST\STM32CubeIDE_1.15.1\STM32CubeIDE\plugins\com.st.stm32cube.common.mx_6.11.1.202404110753\db\plugins\mcufinder\reactClient1\index.html
2026-09-28 00:05:33,590 [ERROR] LogOutputStream:75 - [STDERR_REDIRECT] [Fatal Error] :1:1: Premature end of file.
2026-09-28 00:05:33,591 [ERROR] LogOutputStream:75 - [STDERR_REDIRECT] 
2026-09-28 00:05:34,524 [ERROR] LogOutputStream:75 - [STDERR_REDIRECT] [Fatal Error] :1:1: Premature end of file.
2026-09-28 00:05:34,525 [ERROR] LogOutputStream:75 - [STDERR_REDIRECT] 
2026-09-28 00:05:34,618 [WARN] PackLoader:240 - Cannot read IP mode file for STMicroelectronics.X-CUBE-AZRTOS-H7.3.5.0
2026-09-28 00:05:34,632 [WARN] PackLoader:240 - Cannot read IP mode file for STMicroelectronics.FP-SNS-MOTENVWB1.1.4.0
2026-09-28 00:05:34,640 [WARN] PackLoader:240 - Cannot read IP mode file for STMicroelectronics.FP-ATR-ASTRA1.2.0.3
2026-09-28 00:05:34,644 [WARN] PackLoader:240 - Cannot read IP mode file for STMicroelectronics.FP-ATR-ASTRA1.2.0.2
2026-09-28 00:05:34,661 [ERROR] Engine:466 - C:\Users\robor\.stm32cubemx\thirdparties\pdsc\STMicroelectronics.X-CUBE-SMBUS.2.1.1.pdsc: PDSC version is not supported
2026-09-28 00:05:34,665 [WARN] PackLoader:240 - Cannot read IP mode file for STMicroelectronics.X-CUBE-SMBUS.2.1.0
2026-09-28 00:05:34,670 [ERROR] Engine:466 - C:\Users\robor\.stm32cubemx\thirdparties\pdsc\STMicroelectronics.X-CUBE-ST60.1.0.0.pdsc: PDSC version is not supported
2026-09-28 00:05:34,695 [WARN] PackLoader:240 - Cannot read IP mode file for STMicroelectronics.X-CUBE-AZRTOS-F7.1.1.0
2026-09-28 00:05:34,704 [ERROR] Engine:466 - C:\Users\robor\.stm32cubemx\thirdparties\pdsc\STMicroelectronics.X-CUBE-FREERTOS.1.6.0.pdsc: PDSC version is not supported
2026-09-28 00:05:34,707 [ERROR] Engine:466 - C:\Users\robor\.stm32cubemx\thirdparties\pdsc\STMicroelectronics.FP-SNS-MOTENV1.5.1.0.pdsc: PDSC version is not supported
2026-09-28 00:05:34,738 [WARN] PackLoader:240 - Cannot read IP mode file for STMicroelectronics.X-CUBE-AZRTOS-H7RS.1.3.0
2026-09-28 00:05:34,770 [WARN] PackLoader:240 - Cannot read IP mode file for Infineon.AIROC-Wi-Fi-Bluetooth-STM32.1.7.0
2026-09-28 00:05:34,802 [WARN] PackLoader:240 - Cannot read IP mode file for STMicroelectronics.X-CUBE-AZRTOS-H7.3.4.0
2026-09-28 00:05:34,815 [WARN] PackLoader:240 - Cannot read IP mode file for STMicroelectronics.X-CUBE-DISPLAY.3.0.0
2026-09-28 00:05:34,828 [WARN] PackLoader:240 - Cannot read IP mode file for STMicroelectronics.X-CUBE-GNSS1.7.1.1
2026-09-28 00:05:34,832 [ERROR] Engine:466 - C:\Users\robor\.stm32cubemx\thirdparties\pdsc\STMicroelectronics.FP-SNS-MOTENVWB1.1.5.0.pdsc: PDSC version is not supported
2026-09-28 00:05:34,840 [WARN] PackLoader:240 - Cannot read IP mode file for STMicroelectronics.X-CUBE-NFC10.1.0.0
2026-09-28 00:05:34,859 [WARN] PackLoader:240 - Cannot read IP mode file for STMicroelectronics.X-CUBE-BLEMGR.4.0.0
2026-09-28 00:05:34,868 [ERROR] Engine:466 - C:\Users\robor\.stm32cubemx\thirdparties\pdsc\STMicroelectronics.X-CUBE-ST60.1.1.0.pdsc: PDSC version is not supported
2026-09-28 00:05:34,880 [WARN] PackLoader:240 - Cannot read IP mode file for emotas.I-CUBE-CANOPEN.1.3.0
2026-09-28 00:05:34,885 [ERROR] Engine:466 - C:\Users\robor\.stm32cubemx\thirdparties\pdsc\STMicroelectronics.X-CUBE-WBA.1.1.0.pdsc: PDSC version is not supported
2026-09-28 00:05:34,894 [WARN] PackLoader:240 - Cannot read IP mode file for STMicroelectronics.X-CUBE-GNSS1.7.1.0
2026-09-28 00:05:34,905 [WARN] ConditionMgr:438 - getConditionDescription Invalid condition id : Cortex-A Device cause : null
2026-09-28 00:05:34,944 [WARN] ConditionMgr:1039 - genDependencies : Invalid condition id : Cortex-A Device cause : null
2026-09-28 00:05:34,944 [WARN] ConditionMgr:1039 - genDependencies : Invalid condition id : Cortex-A Device cause : null
2026-09-28 00:05:34,944 [WARN] ConditionMgr:1039 - genDependencies : Invalid condition id : Cortex-A Device cause : null
2026-09-28 00:05:34,950 [ERROR] Engine:466 - C:\Users\robor\.stm32cubemx\thirdparties\pdsc\STMicroelectronics.FP-SNS-STBOX1.2.1.0.pdsc: PDSC version is not supported
2026-09-28 00:05:34,958 [WARN] PackLoader:240 - Cannot read IP mode file for STMicroelectronics.FP-SNS-SMARTAG2.1.2.0
2026-09-28 00:05:34,980 [ERROR] Engine:466 - C:\Users\robor\.stm32cubemx\thirdparties\pdsc\STMicroelectronics.FP-SNS-FLIGHT1.5.1.0.pdsc: PDSC version is not supported
2026-09-28 00:05:34,990 [INFO] LogOutputStream:77 - [STDOUT_REDIRECT] 1 : Invalid condition id : UX_CORESTACK_Condition cause : null
2026-09-28 00:05:34,991 [INFO] LogOutputStream:77 - [STDOUT_REDIRECT] 1 : Invalid condition id : UX_CORESTACK_Condition cause : null
2026-09-28 00:05:34,992 [INFO] LogOutputStream:77 - [STDOUT_REDIRECT] 1 : Invalid condition id : UX_CORESTACK_Condition cause : null
2026-09-28 00:05:34,993 [INFO] LogOutputStream:77 - [STDOUT_REDIRECT] 1 : Invalid condition id : UX_CORESTACK_Condition cause : null
2026-09-28 00:05:34,994 [INFO] LogOutputStream:77 - [STDOUT_REDIRECT] 1 : Invalid condition id : UX_CORESTACK_Condition cause : null
2026-09-28 00:05:34,996 [WARN] PackLoader:240 - Cannot read IP mode file for STMicroelectronics.X-CUBE-AZRTOS-WL.2.0.0
2026-09-28 00:05:35,004 [WARN] PackLoader:240 - Cannot read IP mode file for STMicroelectronics.FP-SNS-MOTENV1.5.0.0
2026-09-28 00:05:35,023 [WARN] PackLoader:240 - Cannot read IP mode file for STMicroelectronics.X-CUBE-AZRTOS-H7RS.1.2.0
2026-09-28 00:05:35,036 [WARN] PackLoader:240 - Cannot read IP mode file for WES.I-CUBE-Cesium.1.3.0
2026-09-28 00:05:35,044 [WARN] PackLoader:240 - Cannot read IP mode file for STMicroelectronics.X-CUBE-BLE2.3.3.0
2026-09-28 00:05:35,048 [ERROR] Engine:466 - C:\Users\robor\.stm32cubemx\thirdparties\pdsc\Avnet-IOTCONNECT.X-CUBE-iotc-st67-sdk.1.0.0.pdsc: PDSC version is not supported
2026-09-28 00:05:35,057 [WARN] PackLoader:240 - Cannot read IP mode file for STMicroelectronics.X-CUBE-NFC9.1.0.0
2026-09-28 00:05:35,066 [WARN] PackLoader:240 - Cannot read IP mode file for wolfSSL.I-CUBE-wolfSSL.5.8.0
2026-09-28 00:05:35,074 [WARN] PackLoader:240 - Cannot read IP mode file for STMicroelectronics.X-CUBE-BLE1.7.1.0
2026-09-28 00:05:35,079 [WARN] PackLoader:240 - Cannot read IP mode file for wolfSSL.I-CUBE-wolfMQTT.1.19.2
2026-09-28 00:05:35,087 [WARN] PackLoader:240 - Cannot read IP mode file for STMicroelectronics.X-CUBE-EEPRMA1.5.2.0
2026-09-28 00:05:35,092 [ERROR] Engine:466 - C:\Users\robor\.stm32cubemx\thirdparties\pdsc\STMicroelectronics.X-CUBE-ST67W61.1.1.0.pdsc: PDSC version is not supported
2026-09-28 00:05:35,099 [WARN] PackLoader:240 - Cannot read IP mode file for STMicroelectronics.X-CUBE-AI.10.1.0
2026-09-28 00:05:35,104 [ERROR] Engine:466 - C:\Users\robor\.stm32cubemx\thirdparties\pdsc\STMicroelectronics.FP-SNS-STAIOTCFT.1.1.0.pdsc: PDSC version is not supported
2026-09-28 00:05:35,145 [WARN] PackLoader:240 - Cannot read IP mode file for STMicroelectronics.X-CUBE-MEMS1.12.0.0
2026-09-28 00:05:35,246 [WARN] PackLoader:240 - Cannot read IP mode file for STMicroelectronics.X-CUBE-AZRTOS-G0.1.1.0
2026-09-28 00:05:35,254 [WARN] PackLoader:240 - Cannot read IP mode file for STMicroelectronics.X-CUBE-SAFEA1.1.2.2
2026-09-28 00:05:35,260 [WARN] PackLoader:240 - Cannot read IP mode file for STMicroelectronics.X-CUBE-NFC4.3.0.0
2026-09-28 00:05:35,271 [WARN] PackLoader:240 - Cannot read IP mode file for EmbeddedOffice.I-CUBE-FS-RTOS.1.0.1
2026-09-28 00:05:35,272 [ERROR] ConditionMgr:805 - Attr not supported : Dmpu
2026-09-28 00:05:35,272 [ERROR] ConditionMgr:805 - Attr not supported : Dmpu
2026-09-28 00:05:35,272 [ERROR] ConditionMgr:805 - Attr not supported : Dmpu
2026-09-28 00:05:35,273 [ERROR] ConditionMgr:805 - Attr not supported : Dmpu
2026-09-28 00:05:35,273 [ERROR] ConditionMgr:805 - Attr not supported : Dmpu
2026-09-28 00:05:35,273 [ERROR] ConditionMgr:805 - Attr not supported : Dmpu
2026-09-28 00:05:35,273 [ERROR] ConditionMgr:805 - Attr not supported : Dmpu
2026-09-28 00:05:35,273 [ERROR] ConditionMgr:805 - Attr not supported : Dmpu
2026-09-28 00:05:35,273 [ERROR] ConditionMgr:805 - Attr not supported : Dmpu
2026-09-28 00:05:35,273 [ERROR] ConditionMgr:805 - Attr not supported : Dmpu
2026-09-28 00:05:35,273 [ERROR] ConditionMgr:805 - Attr not supported : Dmpu
2026-09-28 00:05:35,273 [ERROR] ConditionMgr:805 - Attr not supported : Dmpu
2026-09-28 00:05:35,273 [ERROR] ConditionMgr:805 - Attr not supported : Dmpu
2026-09-28 00:05:35,274 [ERROR] ConditionMgr:805 - Attr not supported : Dmpu
2026-09-28 00:05:35,274 [ERROR] ConditionMgr:805 - Attr not supported : Dmpu
2026-09-28 00:05:35,274 [ERROR] ConditionMgr:805 - Attr not supported : Dmpu
2026-09-28 00:05:35,274 [ERROR] ConditionMgr:805 - Attr not supported : Dmpu
2026-09-28 00:05:35,274 [ERROR] ConditionMgr:805 - Attr not supported : Dmpu
2026-09-28 00:05:35,274 [ERROR] ConditionMgr:805 - Attr not supported : Dmpu
2026-09-28 00:05:35,274 [ERROR] ConditionMgr:805 - Attr not supported : Dmpu
2026-09-28 00:05:35,274 [ERROR] ConditionMgr:805 - Attr not supported : Dmpu
2026-09-28 00:05:35,274 [ERROR] ConditionMgr:805 - Attr not supported : Dmpu
2026-09-28 00:05:35,274 [ERROR] ConditionMgr:805 - Attr not supported : Dmpu
2026-09-28 00:05:35,274 [ERROR] ConditionMgr:805 - Attr not supported : Dmpu
2026-09-28 00:05:35,274 [ERROR] ConditionMgr:805 - Attr not supported : Dmpu
2026-09-28 00:05:35,274 [ERROR] ConditionMgr:805 - Attr not supported : Dmpu
2026-09-28 00:05:35,275 [ERROR] ConditionMgr:805 - Attr not supported : Dmpu
2026-09-28 00:05:35,275 [ERROR] ConditionMgr:805 - Attr not supported : Dmpu
2026-09-28 00:05:35,275 [ERROR] ConditionMgr:805 - Attr not supported : Dmpu
2026-09-28 00:05:35,275 [ERROR] ConditionMgr:805 - Attr not supported : Dmpu
2026-09-28 00:05:35,275 [ERROR] ConditionMgr:805 - Attr not supported : Dmpu
2026-09-28 00:05:35,275 [ERROR] ConditionMgr:805 - Attr not supported : Dmpu
2026-09-28 00:05:35,275 [ERROR] ConditionMgr:805 - Attr not supported : Dmpu
2026-09-28 00:05:35,275 [ERROR] ConditionMgr:805 - Attr not supported : Dmpu
2026-09-28 00:05:35,275 [ERROR] ConditionMgr:805 - Attr not supported : Dmpu
2026-09-28 00:05:35,275 [ERROR] ConditionMgr:805 - Attr not supported : Dmpu
2026-09-28 00:05:35,275 [ERROR] ConditionMgr:805 - Attr not supported : Dmpu
2026-09-28 00:05:35,275 [ERROR] ConditionMgr:805 - Attr not supported : Dmpu
2026-09-28 00:05:35,275 [ERROR] ConditionMgr:805 - Attr not supported : Dmpu
2026-09-28 00:05:35,276 [ERROR] ConditionMgr:805 - Attr not supported : Dmpu
2026-09-28 00:05:35,276 [ERROR] ConditionMgr:805 - Attr not supported : Dmpu
2026-09-28 00:05:35,276 [ERROR] ConditionMgr:805 - Attr not supported : Dmpu
2026-09-28 00:05:35,276 [ERROR] ConditionMgr:805 - Attr not supported : Dmpu
2026-09-28 00:05:35,276 [ERROR] ConditionMgr:805 - Attr not supported : Dmpu
2026-09-28 00:05:35,276 [ERROR] ConditionMgr:805 - Attr not supported : Dmpu
2026-09-28 00:05:35,276 [ERROR] ConditionMgr:805 - Attr not supported : Dmpu
2026-09-28 00:05:35,276 [ERROR] ConditionMgr:805 - Attr not supported : Dmpu
2026-09-28 00:05:35,276 [ERROR] ConditionMgr:805 - Attr not supported : Dmpu
2026-09-28 00:05:35,277 [ERROR] ConditionMgr:805 - Attr not supported : Dmpu
2026-09-28 00:05:35,277 [ERROR] ConditionMgr:805 - Attr not supported : Dmpu
2026-09-28 00:05:35,277 [ERROR] ConditionMgr:805 - Attr not supported : Dmpu
2026-09-28 00:05:35,277 [ERROR] ConditionMgr:805 - Attr not supported : Dmpu
2026-09-28 00:05:35,277 [ERROR] ConditionMgr:805 - Attr not supported : Dmpu
2026-09-28 00:05:35,277 [ERROR] ConditionMgr:805 - Attr not supported : Dmpu
2026-09-28 00:05:35,277 [ERROR] ConditionMgr:805 - Attr not supported : Dmpu
2026-09-28 00:05:35,278 [ERROR] ConditionMgr:805 - Attr not supported : Dmpu
2026-09-28 00:05:35,278 [ERROR] ConditionMgr:805 - Attr not supported : Dmpu
2026-09-28 00:05:35,278 [ERROR] ConditionMgr:805 - Attr not supported : Dmpu
2026-09-28 00:05:35,278 [ERROR] ConditionMgr:805 - Attr not supported : Dmpu
2026-09-28 00:05:35,279 [ERROR] ConditionMgr:805 - Attr not supported : Dmpu
2026-09-28 00:05:35,279 [ERROR] ConditionMgr:805 - Attr not supported : Dmpu
2026-09-28 00:05:35,279 [ERROR] ConditionMgr:805 - Attr not supported : Dmpu
2026-09-28 00:05:35,279 [ERROR] ConditionMgr:805 - Attr not supported : Dmpu
2026-09-28 00:05:35,279 [ERROR] ConditionMgr:805 - Attr not supported : Dmpu
2026-09-28 00:05:35,287 [WARN] PackLoader:240 - Cannot read IP mode file for STMicroelectronics.X-CUBE-WB05N.2.0.0
2026-09-28 00:05:35,296 [WARN] PackLoader:240 - Cannot read IP mode file for wolfSSL.I-CUBE-wolfTPM.3.8.0
2026-09-28 00:05:35,300 [ERROR] Engine:466 - C:\Users\robor\.stm32cubemx\thirdparties\pdsc\STMicroelectronics.X-CUBE-TCPP.4.2.0.pdsc: PDSC version is not supported
2026-09-28 00:05:35,306 [WARN] PackLoader:240 - Cannot read IP mode file for RealThread.X-CUBE-RT-Thread_Nano.4.1.1
2026-09-28 00:05:35,312 [WARN] PackLoader:240 - Cannot read IP mode file for STMicroelectronics.FP-ATR-SIGFOX1.3.2.0
2026-09-28 00:05:35,319 [WARN] PackLoader:240 - Cannot read IP mode file for STMicroelectronics.X-CUBE-EEPRMA1.5.1.0
2026-09-28 00:05:35,324 [ERROR] Engine:466 - C:\Users\robor\.stm32cubemx\thirdparties\pdsc\STMicroelectronics.X-CUBE-FREERTOS.1.5.0.pdsc: PDSC version is not supported
2026-09-28 00:05:35,332 [WARN] PackLoader:240 - Cannot read IP mode file for ITTIA_DB.I-CUBE-ITTIADB.8.9.0
2026-09-28 00:05:35,340 [WARN] PackLoader:240 - Cannot read IP mode file for STMicroelectronics.X-CUBE-NFC6.3.2.0
2026-09-28 00:05:35,345 [ERROR] Engine:466 - C:\Users\robor\.stm32cubemx\thirdparties\pdsc\STMicroelectronics.X-CUBE-ST67W61.1.0.0.pdsc: PDSC version is not supported
2026-09-28 00:05:35,349 [WARN] PackLoader:240 - Cannot read IP mode file for STMicroelectronics.X-CUBE-AI.10.2.1
2026-09-28 00:05:35,354 [WARN] PackLoader:240 - Cannot read IP mode file for STMicroelectronics.X-CUBE-AI.10.2.0
2026-09-28 00:05:35,395 [WARN] PackLoader:240 - Cannot read IP mode file for STMicroelectronics.X-CUBE-MEMS1.12.1.0
2026-09-28 00:05:35,525 [WARN] PackLoader:240 - Cannot read IP mode file for SEGGER.I-CUBE-embOS.1.3.1
2026-09-28 00:05:35,548 [ERROR] LogOutputStream:75 - [STDERR_REDIRECT] [Fatal Error] :1:1: Premature end of file.
2026-09-28 00:05:35,549 [ERROR] LogOutputStream:75 - [STDERR_REDIRECT] 
2026-09-28 00:05:35,571 [WARN] PackLoader:240 - Cannot read IP mode file for STMicroelectronics.X-CUBE-ALGOBUILD.1.4.0
2026-09-28 00:05:35,617 [WARN] PackLoader:240 - Cannot read IP mode file for STMicroelectronics.X-CUBE-MEMS1.11.3.0
2026-09-28 00:05:35,723 [ERROR] Engine:466 - C:\Users\robor\.stm32cubemx\thirdparties\pdsc\STMicroelectronics.FP-SNS-STAIOTCFT.2.0.0.pdsc: PDSC version is not supported
2026-09-28 00:05:35,729 [WARN] PackLoader:240 - Cannot read IP mode file for STMicroelectronics.X-CUBE-NFC13.1.0.0
2026-09-28 00:05:35,736 [WARN] PackLoader:240 - Cannot read IP mode file for STMicroelectronics.X-CUBE-PM33A1.1.0.0
2026-09-28 00:05:35,754 [WARN] PackLoader:240 - Cannot read IP mode file for STMicroelectronics.X-CUBE-AZRTOS-F4.1.1.0
2026-09-28 00:05:35,759 [ERROR] Engine:466 - C:\Users\robor\.stm32cubemx\thirdparties\pdsc\Avnet-IotConnect.X-CUBE-IoTC-DA16k-PMOD.1.0.0.pdsc: PDSC version is not supported
2026-09-28 00:05:35,767 [WARN] PackLoader:240 - Cannot read IP mode file for STMicroelectronics.X-CUBE-ISPU.2.1.0
2026-09-28 00:05:35,773 [ERROR] Engine:466 - C:\Users\robor\.stm32cubemx\thirdparties\pdsc\STMicroelectronics.X-CUBE-IPS.3.2.0.pdsc: PDSC version is not supported
2026-09-28 00:05:35,776 [ERROR] Engine:466 - C:\Users\robor\.stm32cubemx\thirdparties\pdsc\STMicroelectronics.eDS-WB_DPC_TT-BIDIR.2.1.1.pdsc: PDSC version is not supported
2026-09-28 00:05:35,785 [WARN] PackLoader:240 - Cannot read IP mode file for STMicroelectronics.X-CUBE-NFC12.1.0.0
2026-09-28 00:05:35,802 [WARN] PackLoader:240 - Cannot read IP mode file for STMicroelectronics.X-CUBE-AZRTOS-L5.2.0.0
2026-09-28 00:05:35,812 [WARN] PackLoader:240 - Cannot read IP mode file for STMicroelectronics.X-CUBE-NFC6.3.1.0
2026-09-28 00:05:35,830 [WARN] PackLoader:240 - Cannot read IP mode file for STMicroelectronics.X-CUBE-ALGOBUILD.1.5.0
2026-09-28 00:05:35,835 [ERROR] Engine:466 - C:\Users\robor\.stm32cubemx\thirdparties\pdsc\STMicroelectronics.eDS-WB_DPC_VIENNA.1.2.0.pdsc: PDSC version is not supported
2026-09-28 00:05:35,868 [WARN] PackLoader:240 - Cannot read IP mode file for STMicroelectronics.X-CUBE-MEMS1.13.0.0
2026-09-28 00:05:35,930 [ERROR] Engine:466 - C:\Users\robor\.stm32cubemx\thirdparties\pdsc\STMicroelectronics.eDS-WB_DPC_3PH2L-BIDIR.1.1.1.pdsc: PDSC version is not supported
2026-09-28 00:05:35,933 [ERROR] Engine:466 - C:\Users\robor\.stm32cubemx\thirdparties\pdsc\STMicroelectronics.X-CUBE-ST67W61.1.3.0.pdsc: PDSC version is not supported
2026-09-28 00:05:35,938 [WARN] PackLoader:240 - Cannot read IP mode file for STMicroelectronics.X-CUBE-FREERTOS.1.3.1
2026-09-28 00:05:35,947 [WARN] PackLoader:240 - Cannot read IP mode file for STMicroelectronics.X-CUBE-TOUCHGFX.4.26.0
2026-09-28 00:05:35,950 [WARN] PackLoader:240 - Cannot read IP mode file for STMicroelectronics.X-CUBE-TOUCHGFX.4.26.1
2026-09-28 00:05:35,952 [ERROR] Engine:466 - C:\Users\robor\.stm32cubemx\thirdparties\pdsc\STMicroelectronics.FP-SNS-STAIOTCFT.1.0.0.pdsc: PDSC version is not supported
2026-09-28 00:05:35,960 [WARN] PackLoader:240 - Cannot read IP mode file for STMicroelectronics.X-CUBE-DPower.1.3.0
2026-09-28 00:05:35,973 [WARN] ConditionMgr:438 - getConditionDescription Invalid condition id : LAN8742 Phy interface Condition cause : null
2026-09-28 00:05:35,974 [WARN] PackLoader:240 - Cannot read IP mode file for STMicroelectronics.X-CUBE-AZRTOS-L4.2.0.0
2026-09-28 00:05:35,975 [WARN] ConditionMgr:1039 - genDependencies : Invalid condition id : LAN8742 Phy interface Condition cause : null
2026-09-28 00:05:35,976 [WARN] ConditionMgr:1039 - genDependencies : Invalid condition id : LAN8742 Phy interface Condition cause : null
2026-09-28 00:05:35,976 [WARN] ConditionMgr:1039 - genDependencies : Invalid condition id : LAN8742 Phy interface Condition cause : null
2026-09-28 00:05:35,986 [WARN] PackLoader:240 - Cannot read IP mode file for STMicroelectronics.X-CUBE-SFXS2LP1.4.0.0
2026-09-28 00:05:35,992 [WARN] PackLoader:240 - Cannot read IP mode file for STMicroelectronics.X-CUBE-WB05N.2.1.0
2026-09-28 00:05:35,997 [ERROR] Engine:466 - C:\Users\robor\.stm32cubemx\thirdparties\pdsc\STMicroelectronics.X-CUBE-ST67W61.1.2.0.pdsc: PDSC version is not supported
2026-09-28 00:05:36,011 [WARN] PackLoader:240 - Cannot read IP mode file for STMicroelectronics.X-CUBE-AZRTOS-H7.3.3.0
2026-09-28 00:05:36,018 [ERROR] Engine:466 - C:\Users\robor\.stm32cubemx\thirdparties\pdsc\STMicroelectronics.X-CUBE-BLEMGR.4.1.0.pdsc: PDSC version is not supported
2026-09-28 00:05:36,028 [WARN] ConditionMgr:438 - getConditionDescription Invalid condition id : UX DEVICE CLASS RTOS Condition cause : null
2026-09-28 00:05:36,029 [WARN] ConditionMgr:438 - getConditionDescription Invalid condition id : UX DEVICE CLASS RTOS Condition cause : null
2026-09-28 00:05:36,030 [WARN] PackLoader:240 - Cannot read IP mode file for STMicroelectronics.X-CUBE-AZRTOS-WB.2.0.0
2026-09-28 00:05:36,031 [WARN] ConditionMgr:1039 - genDependencies : Invalid condition id : UX DEVICE CLASS RTOS Condition cause : null
2026-09-28 00:05:36,031 [WARN] ConditionMgr:1039 - genDependencies : Invalid condition id : UX DEVICE CLASS RTOS Condition cause : null
2026-09-28 00:05:36,032 [WARN] ConditionMgr:1039 - genDependencies : Invalid condition id : UX DEVICE CLASS RTOS Condition cause : null
2026-09-28 00:05:36,032 [WARN] ConditionMgr:1039 - genDependencies : Invalid condition id : UX DEVICE CLASS RTOS Condition cause : null
2026-09-28 00:05:36,033 [WARN] ConditionMgr:1039 - genDependencies : Invalid condition id : UX DEVICE CLASS RTOS Condition cause : null
2026-09-28 00:05:36,040 [WARN] PackLoader:240 - Cannot read IP mode file for STMicroelectronics.X-CUBE-GNSS1.7.0.1
2026-09-28 00:05:36,046 [WARN] PackLoader:240 - Cannot read IP mode file for STMicroelectronics.X-CUBE-TOUCHGFX.4.25.0
2026-09-28 00:05:36,054 [WARN] PackLoader:240 - Cannot read IP mode file for STMicroelectronics.FP-SNS-STBOX1.2.0.0
2026-09-28 00:05:36,063 [WARN] PackLoader:240 - Cannot read IP mode file for STMicroelectronics.X-CUBE-STSE01.2.0.0
2026-09-28 00:05:36,073 [WARN] PackLoader:240 - Cannot read IP mode file for STMicroelectronics.X-CUBE-SUBG2.5.0.0
2026-09-28 00:05:36,088 [WARN] PackLoader:240 - Cannot read IP mode file for STMicroelectronics.X-CUBE-AZRTOS-H7RS.1.1.0
2026-09-28 00:05:36,097 [WARN] PackLoader:240 - Cannot read IP mode file for Cesanta.I-CUBE-Mongoose.7.13.0
2026-09-28 00:05:36,108 [WARN] PackLoader:240 - Cannot read IP mode file for STMicroelectronics.X-CUBE-AZRTOS-G4.2.0.0
2026-09-28 00:05:36,115 [WARN] PackLoader:240 - Cannot read IP mode file for wolfSSL.I-CUBE-wolfSSH.1.4.20
2026-09-28 00:05:36,122 [WARN] PackLoader:240 - Cannot read IP mode file for STMicroelectronics.X-CUBE-NFC7.2.0.0
2026-09-28 00:05:36,127 [ERROR] Engine:466 - C:\Users\robor\.stm32cubemx\thirdparties\pdsc\STMicroelectronics.X-CUBE-IPS.3.1.0.pdsc: PDSC version is not supported
2026-09-28 00:05:36,132 [ERROR] Engine:466 - C:\Users\robor\.stm32cubemx\thirdparties\pdsc\STMicroelectronics.X-CUBE-BLEMGR.4.2.0.pdsc: PDSC version is not supported
2026-09-28 00:05:36,137 [WARN] PackLoader:240 - Cannot read IP mode file for STMicroelectronics.X-CUBE-ALS.1.0.2
2026-09-28 00:05:36,144 [WARN] PackLoader:240 - Cannot read IP mode file for STMicroelectronics.X-CUBE-STSE01.1.0.0
2026-09-28 00:05:36,152 [WARN] PackLoader:240 - Cannot read IP mode file for portGmbH.I-Cube-SoM-uGOAL.1.1.0
2026-09-28 00:05:36,157 [ERROR] Engine:466 - C:\Users\robor\.stm32cubemx\thirdparties\pdsc\STMicroelectronics.X-CUBE-TOF1.3.4.3.pdsc: PDSC version is not supported
2026-09-28 00:05:36,158 [INFO] ThirdParty:978 - Integrity check success = true
2026-09-28 00:05:36,159 [INFO] IntegrityCheckThread:100 - exiting critical section [integrity check]
2026-09-28 00:05:36,159 [INFO] IntegrityCheckThread:103 - End integrity checks thread
2026-09-28 00:05:36,527 [ERROR] LogOutputStream:75 - [STDERR_REDIRECT] [Fatal Error] :1:1: Premature end of file.
2026-09-28 00:05:36,527 [ERROR] LogOutputStream:75 - [STDERR_REDIRECT] 
2026-09-28 00:05:37,525 [ERROR] LogOutputStream:75 - [STDERR_REDIRECT] [Fatal Error] :1:1: Premature end of file.
2026-09-28 00:05:37,525 [ERROR] LogOutputStream:75 - [STDERR_REDIRECT] 
2026-09-28 00:05:38,525 [ERROR] LogOutputStream:75 - [STDERR_REDIRECT] [Fatal Error] :1:1: Premature end of file.
2026-09-28 00:05:38,526 [ERROR] LogOutputStream:75 - [STDERR_REDIRECT] 
2026-09-28 00:05:39,524 [ERROR] LogOutputStream:75 - [STDERR_REDIRECT] [Fatal Error] :1:1: Premature end of file.
2026-09-28 00:05:39,525 [ERROR] LogOutputStream:75 - [STDERR_REDIRECT] 
2026-09-28 00:05:40,525 [ERROR] LogOutputStream:75 - [STDERR_REDIRECT] [Fatal Error] :1:1: Premature end of file.
2026-09-28 00:05:40,525 [ERROR] LogOutputStream:75 - [STDERR_REDIRECT] 
2026-09-28 00:05:41,524 [ERROR] LogOutputStream:75 - [STDERR_REDIRECT] [Fatal Error] :1:1: Premature end of file.
2026-09-28 00:05:41,524 [ERROR] LogOutputStream:75 - [STDERR_REDIRECT] 
2026-09-28 00:05:42,524 [ERROR] LogOutputStream:75 - [STDERR_REDIRECT] [Fatal Error] :1:1: Premature end of file.
2026-09-28 00:05:42,524 [ERROR] LogOutputStream:75 - [STDERR_REDIRECT] 
2026-09-28 00:05:43,525 [ERROR] LogOutputStream:75 - [STDERR_REDIRECT] [Fatal Error] :1:1: Premature end of file.
2026-09-28 00:05:43,525 [ERROR] LogOutputStream:75 - [STDERR_REDIRECT] 
2026-09-28 00:05:44,524 [ERROR] LogOutputStream:75 - [STDERR_REDIRECT] [Fatal Error] :1:1: Premature end of file.
2026-09-28 00:05:44,525 [ERROR] LogOutputStream:75 - [STDERR_REDIRECT] 
2026-09-28 00:05:45,524 [ERROR] LogOutputStream:75 - [STDERR_REDIRECT] [Fatal Error] :1:1: Premature end of file.
2026-09-28 00:05:45,524 [ERROR] LogOutputStream:75 - [STDERR_REDIRECT] 
2026-09-28 00:05:46,524 [ERROR] LogOutputStream:75 - [STDERR_REDIRECT] [Fatal Error] :1:1: Premature end of file.
2026-09-28 00:05:46,524 [ERROR] LogOutputStream:75 - [STDERR_REDIRECT] 
2026-09-28 00:05:47,524 [ERROR] LogOutputStream:75 - [STDERR_REDIRECT] [Fatal Error] :1:1: Premature end of file.
2026-09-28 00:05:47,524 [ERROR] LogOutputStream:75 - [STDERR_REDIRECT] 
2026-09-28 00:05:48,524 [ERROR] LogOutputStream:75 - [STDERR_REDIRECT] [Fatal Error] :1:1: Premature end of file.
2026-09-28 00:05:48,524 [ERROR] LogOutputStream:75 - [STDERR_REDIRECT] 
2026-09-28 00:05:49,524 [ERROR] LogOutputStream:75 - [STDERR_REDIRECT] [Fatal Error] :1:1: Premature end of file.
2026-09-28 00:05:49,525 [ERROR] LogOutputStream:75 - [STDERR_REDIRECT] 
2026-09-28 00:05:50,525 [ERROR] LogOutputStream:75 - [STDERR_REDIRECT] [Fatal Error] :1:1: Premature end of file.
2026-09-28 00:05:50,525 [ERROR] LogOutputStream:75 - [STDERR_REDIRECT] 
2026-09-28 00:05:51,526 [ERROR] LogOutputStream:75 - [STDERR_REDIRECT] [Fatal Error] :1:1: Premature end of file.
2026-09-28 00:05:51,527 [ERROR] LogOutputStream:75 - [STDERR_REDIRECT] 
2026-09-28 00:05:52,526 [ERROR] LogOutputStream:75 - [STDERR_REDIRECT] [Fatal Error] :1:1: Premature end of file.
2026-09-28 00:05:52,526 [ERROR] LogOutputStream:75 - [STDERR_REDIRECT] 
2026-09-28 00:05:53,524 [ERROR] LogOutputStream:75 - [STDERR_REDIRECT] [Fatal Error] :1:1: Premature end of file.
2026-09-28 00:05:53,525 [ERROR] LogOutputStream:75 - [STDERR_REDIRECT] 
2026-09-28 00:05:54,525 [ERROR] LogOutputStream:75 - [STDERR_REDIRECT] [Fatal Error] :1:1: Premature end of file.
2026-09-28 00:05:54,525 [ERROR] LogOutputStream:75 - [STDERR_REDIRECT] 
2026-09-28 00:05:55,526 [ERROR] LogOutputStream:75 - [STDERR_REDIRECT] [Fatal Error] :1:1: Premature end of file.
2026-09-28 00:05:55,526 [ERROR] LogOutputStream:75 - [STDERR_REDIRECT] 
2026-09-28 00:05:56,525 [ERROR] LogOutputStream:75 - [STDERR_REDIRECT] [Fatal Error] :1:1: Premature end of file.
2026-09-28 00:05:56,526 [ERROR] LogOutputStream:75 - [STDERR_REDIRECT] 
2026-09-28 00:05:57,525 [ERROR] LogOutputStream:75 - [STDERR_REDIRECT] [Fatal Error] :1:1: Premature end of file.
2026-09-28 00:05:57,525 [ERROR] LogOutputStream:75 - [STDERR_REDIRECT] 
2026-09-28 00:05:58,525 [ERROR] LogOutputStream:75 - [STDERR_REDIRECT] [Fatal Error] :1:1: Premature end of file.
2026-09-28 00:05:58,525 [ERROR] LogOutputStream:75 - [STDERR_REDIRECT] 
2026-09-28 00:05:59,525 [ERROR] LogOutputStream:75 - [STDERR_REDIRECT] [Fatal Error] :1:1: Premature end of file.
2026-09-28 00:05:59,525 [ERROR] LogOutputStream:75 - [STDERR_REDIRECT] 
2026-09-28 00:06:00,525 [ERROR] LogOutputStream:75 - [STDERR_REDIRECT] [Fatal Error] :1:1: Premature end of file.
2026-09-28 00:06:00,525 [ERROR] LogOutputStream:75 - [STDERR_REDIRECT] 
2026-09-28 00:06:01,525 [ERROR] LogOutputStream:75 - [STDERR_REDIRECT] [Fatal Error] :1:1: Premature end of file.
2026-09-28 00:06:01,525 [ERROR] LogOutputStream:75 - [STDERR_REDIRECT] 
2026-09-28 00:06:02,525 [ERROR] LogOutputStream:75 - [STDERR_REDIRECT] [Fatal Error] :1:1: Premature end of file.
2026-09-28 00:06:02,525 [ERROR] LogOutputStream:75 - [STDERR_REDIRECT] 
2026-09-28 00:06:03,526 [ERROR] LogOutputStream:75 - [STDERR_REDIRECT] [Fatal Error] :1:1: Premature end of file.
2026-09-28 00:06:03,527 [ERROR] LogOutputStream:75 - [STDERR_REDIRECT] 
2026-09-28 00:06:04,523 [ERROR] LogOutputStream:75 - [STDERR_REDIRECT] [Fatal Error] :1:1: Premature end of file.
2026-09-28 00:06:04,523 [ERROR] LogOutputStream:75 - [STDERR_REDIRECT] 
2026-09-28 00:06:05,525 [ERROR] LogOutputStream:75 - [STDERR_REDIRECT] [Fatal Error] :1:1: Premature end of file.
2026-09-28 00:06:05,526 [ERROR] LogOutputStream:75 - [STDERR_REDIRECT] 
2026-09-28 00:06:06,526 [ERROR] LogOutputStream:75 - [STDERR_REDIRECT] [Fatal Error] :1:1: Premature end of file.
2026-09-28 00:06:06,526 [ERROR] LogOutputStream:75 - [STDERR_REDIRECT] 
2026-09-28 00:06:07,525 [ERROR] LogOutputStream:75 - [STDERR_REDIRECT] [Fatal Error] :1:1: Premature end of file.
2026-09-28 00:06:07,525 [ERROR] LogOutputStream:75 - [STDERR_REDIRECT] 
2026-09-28 00:06:08,529 [ERROR] LogOutputStream:75 - [STDERR_REDIRECT] [Fatal Error] :1:1: Premature end of file.
2026-09-28 00:06:08,529 [ERROR] LogOutputStream:75 - [STDERR_REDIRECT] 
2026-09-28 00:06:09,526 [ERROR] LogOutputStream:75 - [STDERR_REDIRECT] [Fatal Error] :1:1: Premature end of file.
2026-09-28 00:06:09,527 [ERROR] LogOutputStream:75 - [STDERR_REDIRECT] 
2026-09-28 00:06:10,524 [ERROR] LogOutputStream:75 - [STDERR_REDIRECT] [Fatal Error] :1:1: Premature end of file.
2026-09-28 00:06:10,524 [ERROR] LogOutputStream:75 - [STDERR_REDIRECT] 
2026-09-28 00:06:11,530 [ERROR] LogOutputStream:75 - [STDERR_REDIRECT] [Fatal Error] :1:1: Premature end of file.
2026-09-28 00:06:11,530 [ERROR] LogOutputStream:75 - [STDERR_REDIRECT] 
2026-09-28 00:06:12,528 [ERROR] LogOutputStream:75 - [STDERR_REDIRECT] [Fatal Error] :1:1: Premature end of file.
2026-09-28 00:06:12,529 [ERROR] LogOutputStream:75 - [STDERR_REDIRECT] 
2026-09-28 00:06:13,528 [ERROR] LogOutputStream:75 - [STDERR_REDIRECT] [Fatal Error] :1:1: Premature end of file.
2026-09-28 00:06:13,528 [ERROR] LogOutputStream:75 - [STDERR_REDIRECT] 
2026-09-28 00:06:14,525 [ERROR] LogOutputStream:75 - [STDERR_REDIRECT] [Fatal Error] :1:1: Premature end of file.
2026-09-28 00:06:14,525 [ERROR] LogOutputStream:75 - [STDERR_REDIRECT] 
2026-09-28 00:06:15,531 [ERROR] LogOutputStream:75 - [STDERR_REDIRECT] [Fatal Error] :1:1: Premature end of file.
2026-09-28 00:06:15,531 [ERROR] LogOutputStream:75 - [STDERR_REDIRECT] 
2026-09-28 00:06:16,330 [INFO] McuFinderGlobals:63 - Set McuFinder mode to 2 (CubeIDE integrated)
2026-09-28 00:06:16,334 [INFO] MainUpdater:2873 - connection check result : 10
2026-09-28 00:06:16,337 [INFO] McuFinderGlobals:76 - Set McuFinderConnectedMode to true
2026-09-28 00:06:16,530 [ERROR] LogOutputStream:75 - [STDERR_REDIRECT] [Fatal Error] :1:1: Premature end of file.
2026-09-28 00:06:16,530 [ERROR] LogOutputStream:75 - [STDERR_REDIRECT] 
2026-09-28 00:06:16,621 [INFO] ServerAccessManage:473 - Download File mcusAds.json._tmp_
2026-09-28 00:06:16,731 [INFO] LoadUrlFilesThread:156 - End of LoadUrlFiles Thread
2026-09-28 00:06:16,900 [INFO] ServerAccessManage:473 - Download File cube-finder-db.zip
2026-09-28 00:06:17,525 [ERROR] LogOutputStream:75 - [STDERR_REDIRECT] [Fatal Error] :1:1: Premature end of file.
2026-09-28 00:06:17,525 [ERROR] LogOutputStream:75 - [STDERR_REDIRECT] 
2026-09-28 00:06:18,526 [ERROR] LogOutputStream:75 - [STDERR_REDIRECT] [Fatal Error] :1:1: Premature end of file.
2026-09-28 00:06:18,526 [ERROR] LogOutputStream:75 - [STDERR_REDIRECT] 
2026-09-28 00:06:19,523 [ERROR] LogOutputStream:75 - [STDERR_REDIRECT] [Fatal Error] :1:1: Premature end of file.
2026-09-28 00:06:19,523 [ERROR] LogOutputStream:75 - [STDERR_REDIRECT] 
2026-09-28 00:06:20,526 [ERROR] LogOutputStream:75 - [STDERR_REDIRECT] [Fatal Error] :1:1: Premature end of file.
2026-09-28 00:06:20,526 [ERROR] LogOutputStream:75 - [STDERR_REDIRECT] 
2026-09-28 00:06:21,523 [ERROR] LogOutputStream:75 - [STDERR_REDIRECT] [Fatal Error] :1:1: Premature end of file.
2026-09-28 00:06:21,523 [ERROR] LogOutputStream:75 - [STDERR_REDIRECT] 
2026-09-28 00:06:21,780 [INFO] FileExtend:240 - Unzip File : cube-finder-db.zip
2026-09-28 00:06:21,780 [INFO] FileExtend:255 - Standard Zip Deflate
2026-09-28 00:06:22,482 [INFO] LoadUrlFilesThread:156 - End of LoadUrlFiles Thread
2026-09-28 00:06:22,537 [ERROR] LogOutputStream:75 - [STDERR_REDIRECT] [Fatal Error] :1:1: Premature end of file.
2026-09-28 00:06:22,537 [ERROR] LogOutputStream:75 - [STDERR_REDIRECT] 
2026-09-28 00:06:23,525 [ERROR] LogOutputStream:75 - [STDERR_REDIRECT] [Fatal Error] :1:1: Premature end of file.
2026-09-28 00:06:23,525 [ERROR] LogOutputStream:75 - [STDERR_REDIRECT] 
2026-09-28 00:06:24,524 [ERROR] LogOutputStream:75 - [STDERR_REDIRECT] [Fatal Error] :1:1: Premature end of file.
2026-09-28 00:06:24,524 [ERROR] LogOutputStream:75 - [STDERR_REDIRECT] 
2026-09-28 00:06:25,524 [ERROR] LogOutputStream:75 - [STDERR_REDIRECT] [Fatal Error] :1:1: Premature end of file.
2026-09-28 00:06:25,524 [ERROR] LogOutputStream:75 - [STDERR_REDIRECT] 
2026-09-28 00:06:26,525 [ERROR] LogOutputStream:75 - [STDERR_REDIRECT] [Fatal Error] :1:1: Premature end of file.
2026-09-28 00:06:26,525 [ERROR] LogOutputStream:75 - [STDERR_REDIRECT] 
2026-09-28 00:06:27,530 [ERROR] LogOutputStream:75 - [STDERR_REDIRECT] [Fatal Error] :1:1: Premature end of file.
2026-09-28 00:06:27,530 [ERROR] LogOutputStream:75 - [STDERR_REDIRECT] 
2026-09-28 00:06:28,525 [ERROR] LogOutputStream:75 - [STDERR_REDIRECT] [Fatal Error] :1:1: Premature end of file.
2026-09-28 00:06:28,525 [ERROR] LogOutputStream:75 - [STDERR_REDIRECT] 
2026-09-28 00:06:29,526 [ERROR] LogOutputStream:75 - [STDERR_REDIRECT] [Fatal Error] :1:1: Premature end of file.
2026-09-28 00:06:29,526 [ERROR] LogOutputStream:75 - [STDERR_REDIRECT] 
2026-09-28 00:06:30,524 [ERROR] LogOutputStream:75 - [STDERR_REDIRECT] [Fatal Error] :1:1: Premature end of file.
2026-09-28 00:06:30,524 [ERROR] LogOutputStream:75 - [STDERR_REDIRECT] 
2026-09-28 00:06:31,524 [ERROR] LogOutputStream:75 - [STDERR_REDIRECT] [Fatal Error] :1:1: Premature end of file.
2026-09-28 00:06:31,524 [ERROR] LogOutputStream:75 - [STDERR_REDIRECT] 
2026-09-28 00:06:32,525 [ERROR] LogOutputStream:75 - [STDERR_REDIRECT] [Fatal Error] :1:1: Premature end of file.
2026-09-28 00:06:32,525 [ERROR] LogOutputStream:75 - [STDERR_REDIRECT] 
2026-09-28 00:06:33,523 [ERROR] LogOutputStream:75 - [STDERR_REDIRECT] [Fatal Error] :1:1: Premature end of file.
2026-09-28 00:06:33,523 [ERROR] LogOutputStream:75 - [STDERR_REDIRECT] 
2026-09-28 00:06:34,525 [ERROR] LogOutputStream:75 - [STDERR_REDIRECT] [Fatal Error] :1:1: Premature end of file.
2026-09-28 00:06:34,526 [ERROR] LogOutputStream:75 - [STDERR_REDIRECT] 
2026-09-28 00:06:35,531 [ERROR] LogOutputStream:75 - [STDERR_REDIRECT] [Fatal Error] :1:1: Premature end of file.
2026-09-28 00:06:35,532 [ERROR] LogOutputStream:75 - [STDERR_REDIRECT] 
2026-09-28 00:06:36,529 [ERROR] LogOutputStream:75 - [STDERR_REDIRECT] [Fatal Error] :1:1: Premature end of file.
2026-09-28 00:06:36,530 [ERROR] LogOutputStream:75 - [STDERR_REDIRECT] 
2026-09-28 00:06:37,523 [ERROR] LogOutputStream:75 - [STDERR_REDIRECT] [Fatal Error] :1:1: Premature end of file.
2026-09-28 00:06:37,524 [ERROR] LogOutputStream:75 - [STDERR_REDIRECT] 
2026-09-28 00:06:38,526 [ERROR] LogOutputStream:75 - [STDERR_REDIRECT] [Fatal Error] :1:1: Premature end of file.
2026-09-28 00:06:38,526 [ERROR] LogOutputStream:75 - [STDERR_REDIRECT] 
2026-09-28 00:06:39,524 [ERROR] LogOutputStream:75 - [STDERR_REDIRECT] [Fatal Error] :1:1: Premature end of file.
2026-09-28 00:06:39,524 [ERROR] LogOutputStream:75 - [STDERR_REDIRECT] 
2026-09-28 00:06:40,525 [ERROR] LogOutputStream:75 - [STDERR_REDIRECT] [Fatal Error] :1:1: Premature end of file.
2026-09-28 00:06:40,525 [ERROR] LogOutputStream:75 - [STDERR_REDIRECT] 
2026-09-28 00:06:41,524 [ERROR] LogOutputStream:75 - [STDERR_REDIRECT] [Fatal Error] :1:1: Premature end of file.
2026-09-28 00:06:41,524 [ERROR] LogOutputStream:75 - [STDERR_REDIRECT] 
2026-09-28 00:06:42,525 [ERROR] LogOutputStream:75 - [STDERR_REDIRECT] [Fatal Error] :1:1: Premature end of file.
2026-09-28 00:06:42,525 [ERROR] LogOutputStream:75 - [STDERR_REDIRECT] 
2026-09-28 00:06:43,528 [ERROR] LogOutputStream:75 - [STDERR_REDIRECT] [Fatal Error] :1:1: Premature end of file.
2026-09-28 00:06:43,528 [ERROR] LogOutputStream:75 - [STDERR_REDIRECT] 
2026-09-28 00:06:44,526 [ERROR] LogOutputStream:75 - [STDERR_REDIRECT] [Fatal Error] :1:1: Premature end of file.
2026-09-28 00:06:44,526 [ERROR] LogOutputStream:75 - [STDERR_REDIRECT] 
2026-09-28 00:06:45,525 [ERROR] LogOutputStream:75 - [STDERR_REDIRECT] [Fatal Error] :1:1: Premature end of file.
2026-09-28 00:06:45,525 [ERROR] LogOutputStream:75 - [STDERR_REDIRECT] 
2026-09-28 00:06:46,523 [ERROR] LogOutputStream:75 - [STDERR_REDIRECT] [Fatal Error] :1:1: Premature end of file.
2026-09-28 00:06:46,523 [ERROR] LogOutputStream:75 - [STDERR_REDIRECT] 
2026-09-28 00:06:47,523 [ERROR] LogOutputStream:75 - [STDERR_REDIRECT] [Fatal Error] :1:1: Premature end of file.
2026-09-28 00:06:47,524 [ERROR] LogOutputStream:75 - [STDERR_REDIRECT] 
2026-09-28 00:06:48,526 [ERROR] LogOutputStream:75 - [STDERR_REDIRECT] [Fatal Error] :1:1: Premature end of file.
2026-09-28 00:06:48,526 [ERROR] LogOutputStream:75 - [STDERR_REDIRECT] 
2026-09-28 00:06:49,525 [ERROR] LogOutputStream:75 - [STDERR_REDIRECT] [Fatal Error] :1:1: Premature end of file.
2026-09-28 00:06:49,525 [ERROR] LogOutputStream:75 - [STDERR_REDIRECT] 
2026-09-28 00:06:50,532 [ERROR] LogOutputStream:75 - [STDERR_REDIRECT] [Fatal Error] :1:1: Premature end of file.
2026-09-28 00:06:50,533 [ERROR] LogOutputStream:75 - [STDERR_REDIRECT] 
2026-09-28 00:06:51,541 [ERROR] LogOutputStream:75 - [STDERR_REDIRECT] [Fatal Error] :1:1: Premature end of file.
2026-09-28 00:06:51,541 [ERROR] LogOutputStream:75 - [STDERR_REDIRECT] 
2026-09-28 00:06:52,526 [ERROR] LogOutputStream:75 - [STDERR_REDIRECT] [Fatal Error] :1:1: Premature end of file.
2026-09-28 00:06:52,527 [ERROR] LogOutputStream:75 - [STDERR_REDIRECT] 
2026-09-28 00:06:53,526 [ERROR] LogOutputStream:75 - [STDERR_REDIRECT] [Fatal Error] :1:1: Premature end of file.
2026-09-28 00:06:53,527 [ERROR] LogOutputStream:75 - [STDERR_REDIRECT] 
2026-09-28 00:06:54,529 [ERROR] LogOutputStream:75 - [STDERR_REDIRECT] [Fatal Error] :1:1: Premature end of file.
2026-09-28 00:06:54,529 [ERROR] LogOutputStream:75 - [STDERR_REDIRECT] 
2026-09-28 00:06:55,527 [ERROR] LogOutputStream:75 - [STDERR_REDIRECT] [Fatal Error] :1:1: Premature end of file.
2026-09-28 00:06:55,528 [ERROR] LogOutputStream:75 - [STDERR_REDIRECT] 
2026-09-28 00:06:56,524 [ERROR] LogOutputStream:75 - [STDERR_REDIRECT] [Fatal Error] :1:1: Premature end of file.
2026-09-28 00:06:56,524 [ERROR] LogOutputStream:75 - [STDERR_REDIRECT] 
2026-09-28 00:06:57,524 [ERROR] LogOutputStream:75 - [STDERR_REDIRECT] [Fatal Error] :1:1: Premature end of file.
2026-09-28 00:06:57,524 [ERROR] LogOutputStream:75 - [STDERR_REDIRECT] 
2026-09-28 00:06:58,525 [ERROR] LogOutputStream:75 - [STDERR_REDIRECT] [Fatal Error] :1:1: Premature end of file.
2026-09-28 00:06:58,525 [ERROR] LogOutputStream:75 - [STDERR_REDIRECT] 
2026-09-28 00:06:59,526 [ERROR] LogOutputStream:75 - [STDERR_REDIRECT] [Fatal Error] :1:1: Premature end of file.
2026-09-28 00:06:59,526 [ERROR] LogOutputStream:75 - [STDERR_REDIRECT] 
2026-09-28 00:07:00,528 [ERROR] LogOutputStream:75 - [STDERR_REDIRECT] [Fatal Error] :1:1: Premature end of file.
2026-09-28 00:07:00,529 [ERROR] LogOutputStream:75 - [STDERR_REDIRECT] 
2026-09-28 00:07:01,530 [ERROR] LogOutputStream:75 - [STDERR_REDIRECT] [Fatal Error] :1:1: Premature end of file.
2026-09-28 00:07:01,531 [ERROR] LogOutputStream:75 - [STDERR_REDIRECT] 
2026-09-28 00:07:02,529 [ERROR] LogOutputStream:75 - [STDERR_REDIRECT] [Fatal Error] :1:1: Premature end of file.
2026-09-28 00:07:02,530 [ERROR] LogOutputStream:75 - [STDERR_REDIRECT] 
2026-09-28 00:07:03,526 [ERROR] LogOutputStream:75 - [STDERR_REDIRECT] [Fatal Error] :1:1: Premature end of file.
2026-09-28 00:07:03,526 [ERROR] LogOutputStream:75 - [STDERR_REDIRECT] 
2026-09-28 00:07:04,524 [ERROR] LogOutputStream:75 - [STDERR_REDIRECT] [Fatal Error] :1:1: Premature end of file.
2026-09-28 00:07:04,525 [ERROR] LogOutputStream:75 - [STDERR_REDIRECT] 
2026-09-28 00:07:05,524 [ERROR] LogOutputStream:75 - [STDERR_REDIRECT] [Fatal Error] :1:1: Premature end of file.
2026-09-28 00:07:05,524 [ERROR] LogOutputStream:75 - [STDERR_REDIRECT] 
2026-09-28 00:07:06,525 [ERROR] LogOutputStream:75 - [STDERR_REDIRECT] [Fatal Error] :1:1: Premature end of file.
2026-09-28 00:07:06,526 [ERROR] LogOutputStream:75 - [STDERR_REDIRECT] 
2026-09-28 00:07:07,524 [ERROR] LogOutputStream:75 - [STDERR_REDIRECT] [Fatal Error] :1:1: Premature end of file.
2026-09-28 00:07:07,524 [ERROR] LogOutputStream:75 - [STDERR_REDIRECT] 
2026-09-28 00:07:07,667 [WARN] ServerAccessManage:1168 - Warning during Server Connection :  timeout Read timed out
2026-09-28 00:07:08,526 [ERROR] LogOutputStream:75 - [STDERR_REDIRECT] [Fatal Error] :1:1: Premature end of file.
2026-09-28 00:07:08,526 [ERROR] LogOutputStream:75 - [STDERR_REDIRECT] 
2026-09-28 00:07:09,526 [ERROR] LogOutputStream:75 - [STDERR_REDIRECT] [Fatal Error] :1:1: Premature end of file.
2026-09-28 00:07:09,526 [ERROR] LogOutputStream:75 - [STDERR_REDIRECT] 
2026-09-28 00:07:10,525 [ERROR] LogOutputStream:75 - [STDERR_REDIRECT] [Fatal Error] :1:1: Premature end of file.
2026-09-28 00:07:10,525 [ERROR] LogOutputStream:75 - [STDERR_REDIRECT] 
2026-09-28 00:07:11,524 [ERROR] LogOutputStream:75 - [STDERR_REDIRECT] [Fatal Error] :1:1: Premature end of file.
2026-09-28 00:07:11,525 [ERROR] LogOutputStream:75 - [STDERR_REDIRECT] 
2026-09-28 00:07:12,525 [ERROR] LogOutputStream:75 - [STDERR_REDIRECT] [Fatal Error] :1:1: Premature end of file.
2026-09-28 00:07:12,525 [ERROR] LogOutputStream:75 - [STDERR_REDIRECT] 
2026-09-28 00:07:13,524 [ERROR] LogOutputStream:75 - [STDERR_REDIRECT] [Fatal Error] :1:1: Premature end of file.
2026-09-28 00:07:13,524 [ERROR] LogOutputStream:75 - [STDERR_REDIRECT] 
2026-09-28 00:07:14,529 [ERROR] LogOutputStream:75 - [STDERR_REDIRECT] [Fatal Error] :1:1: Premature end of file.
2026-09-28 00:07:14,529 [ERROR] LogOutputStream:75 - [STDERR_REDIRECT] 
2026-09-28 00:07:15,525 [ERROR] LogOutputStream:75 - [STDERR_REDIRECT] [Fatal Error] :1:1: Premature end of file.
2026-09-28 00:07:15,526 [ERROR] LogOutputStream:75 - [STDERR_REDIRECT] 
2026-09-28 00:07:16,525 [ERROR] LogOutputStream:75 - [STDERR_REDIRECT] [Fatal Error] :1:1: Premature end of file.
2026-09-28 00:07:16,525 [ERROR] LogOutputStream:75 - [STDERR_REDIRECT] 
2026-09-28 00:07:17,525 [ERROR] LogOutputStream:75 - [STDERR_REDIRECT] [Fatal Error] :1:1: Premature end of file.
2026-09-28 00:07:17,525 [ERROR] LogOutputStream:75 - [STDERR_REDIRECT] 
2026-09-28 00:07:18,524 [ERROR] LogOutputStream:75 - [STDERR_REDIRECT] [Fatal Error] :1:1: Premature end of file.
2026-09-28 00:07:18,524 [ERROR] LogOutputStream:75 - [STDERR_REDIRECT] 
2026-09-28 00:07:19,523 [ERROR] LogOutputStream:75 - [STDERR_REDIRECT] [Fatal Error] :1:1: Premature end of file.
2026-09-28 00:07:19,524 [ERROR] LogOutputStream:75 - [STDERR_REDIRECT] 
2026-09-28 00:07:20,525 [ERROR] LogOutputStream:75 - [STDERR_REDIRECT] [Fatal Error] :1:1: Premature end of file.
2026-09-28 00:07:20,525 [ERROR] LogOutputStream:75 - [STDERR_REDIRECT] 
2026-09-28 00:07:21,524 [ERROR] LogOutputStream:75 - [STDERR_REDIRECT] [Fatal Error] :1:1: Premature end of file.
2026-09-28 00:07:21,525 [ERROR] LogOutputStream:75 - [STDERR_REDIRECT] 
2026-09-28 00:07:22,525 [ERROR] LogOutputStream:75 - [STDERR_REDIRECT] [Fatal Error] :1:1: Premature end of file.
2026-09-28 00:07:22,525 [ERROR] LogOutputStream:75 - [STDERR_REDIRECT] 
2026-09-28 00:07:23,523 [ERROR] LogOutputStream:75 - [STDERR_REDIRECT] [Fatal Error] :1:1: Premature end of file.
2026-09-28 00:07:23,523 [ERROR] LogOutputStream:75 - [STDERR_REDIRECT] 
2026-09-28 00:07:24,524 [ERROR] LogOutputStream:75 - [STDERR_REDIRECT] [Fatal Error] :1:1: Premature end of file.
2026-09-28 00:07:24,524 [ERROR] LogOutputStream:75 - [STDERR_REDIRECT] 
2026-09-28 00:07:25,524 [ERROR] LogOutputStream:75 - [STDERR_REDIRECT] [Fatal Error] :1:1: Premature end of file.
2026-09-28 00:07:25,524 [ERROR] LogOutputStream:75 - [STDERR_REDIRECT] 
2026-09-28 00:07:26,525 [ERROR] LogOutputStream:75 - [STDERR_REDIRECT] [Fatal Error] :1:1: Premature end of file.
2026-09-28 00:07:26,525 [ERROR] LogOutputStream:75 - [STDERR_REDIRECT] 
2026-09-28 00:07:27,526 [ERROR] LogOutputStream:75 - [STDERR_REDIRECT] [Fatal Error] :1:1: Premature end of file.
2026-09-28 00:07:27,526 [ERROR] LogOutputStream:75 - [STDERR_REDIRECT] 
2026-09-28 00:07:28,523 [ERROR] LogOutputStream:75 - [STDERR_REDIRECT] [Fatal Error] :1:1: Premature end of file.
2026-09-28 00:07:28,523 [ERROR] LogOutputStream:75 - [STDERR_REDIRECT] 
2026-09-28 00:07:29,525 [ERROR] LogOutputStream:75 - [STDERR_REDIRECT] [Fatal Error] :1:1: Premature end of file.
2026-09-28 00:07:29,525 [ERROR] LogOutputStream:75 - [STDERR_REDIRECT] 
2026-09-28 00:07:30,524 [ERROR] LogOutputStream:75 - [STDERR_REDIRECT] [Fatal Error] :1:1: Premature end of file.
2026-09-28 00:07:30,524 [ERROR] LogOutputStream:75 - [STDERR_REDIRECT] 
2026-09-28 00:07:31,524 [ERROR] LogOutputStream:75 - [STDERR_REDIRECT] [Fatal Error] :1:1: Premature end of file.
2026-09-28 00:07:31,524 [ERROR] LogOutputStream:75 - [STDERR_REDIRECT] 
2026-09-28 00:07:32,525 [ERROR] LogOutputStream:75 - [STDERR_REDIRECT] [Fatal Error] :1:1: Premature end of file.
2026-09-28 00:07:32,525 [ERROR] LogOutputStream:75 - [STDERR_REDIRECT] 
2026-09-28 00:07:33,526 [ERROR] LogOutputStream:75 - [STDERR_REDIRECT] [Fatal Error] :1:1: Premature end of file.
2026-09-28 00:07:33,526 [ERROR] LogOutputStream:75 - [STDERR_REDIRECT] 
2026-09-28 00:07:34,526 [ERROR] LogOutputStream:75 - [STDERR_REDIRECT] [Fatal Error] :1:1: Premature end of file.
2026-09-28 00:07:34,526 [ERROR] LogOutputStream:75 - [STDERR_REDIRECT] 
2026-09-28 00:07:35,523 [ERROR] LogOutputStream:75 - [STDERR_REDIRECT] [Fatal Error] :1:1: Premature end of file.
2026-09-28 00:07:35,523 [ERROR] LogOutputStream:75 - [STDERR_REDIRECT] 
2026-09-28 00:07:36,526 [ERROR] LogOutputStream:75 - [STDERR_REDIRECT] [Fatal Error] :1:1: Premature end of file.
2026-09-28 00:07:36,526 [ERROR] LogOutputStream:75 - [STDERR_REDIRECT] 
2026-09-28 00:07:37,524 [ERROR] LogOutputStream:75 - [STDERR_REDIRECT] [Fatal Error] :1:1: Premature end of file.
2026-09-28 00:07:37,526 [ERROR] LogOutputStream:75 - [STDERR_REDIRECT] 
2026-09-28 00:07:38,525 [ERROR] LogOutputStream:75 - [STDERR_REDIRECT] [Fatal Error] :1:1: Premature end of file.
2026-09-28 00:07:38,525 [ERROR] LogOutputStream:75 - [STDERR_REDIRECT] 
2026-09-28 00:07:39,537 [ERROR] LogOutputStream:75 - [STDERR_REDIRECT] [Fatal Error] :1:1: Premature end of file.
2026-09-28 00:07:39,537 [ERROR] LogOutputStream:75 - [STDERR_REDIRECT] 
2026-09-28 00:07:40,536 [ERROR] LogOutputStream:75 - [STDERR_REDIRECT] [Fatal Error] :1:1: Premature end of file.
2026-09-28 00:07:40,536 [ERROR] LogOutputStream:75 - [STDERR_REDIRECT] 
2026-09-28 00:07:41,527 [ERROR] LogOutputStream:75 - [STDERR_REDIRECT] [Fatal Error] :1:1: Premature end of file.
2026-09-28 00:07:41,527 [ERROR] LogOutputStream:75 - [STDERR_REDIRECT] 
2026-09-28 00:07:42,524 [ERROR] LogOutputStream:75 - [STDERR_REDIRECT] [Fatal Error] :1:1: Premature end of file.
2026-09-28 00:07:42,524 [ERROR] LogOutputStream:75 - [STDERR_REDIRECT] 
2026-09-28 00:07:43,525 [ERROR] LogOutputStream:75 - [STDERR_REDIRECT] [Fatal Error] :1:1: Premature end of file.
2026-09-28 00:07:43,525 [ERROR] LogOutputStream:75 - [STDERR_REDIRECT] 
2026-09-28 00:07:44,525 [ERROR] LogOutputStream:75 - [STDERR_REDIRECT] [Fatal Error] :1:1: Premature end of file.
2026-09-28 00:07:44,525 [ERROR] LogOutputStream:75 - [STDERR_REDIRECT] 
2026-09-28 00:07:45,525 [ERROR] LogOutputStream:75 - [STDERR_REDIRECT] [Fatal Error] :1:1: Premature end of file.
2026-09-28 00:07:45,525 [ERROR] LogOutputStream:75 - [STDERR_REDIRECT] 
2026-09-28 00:07:46,524 [ERROR] LogOutputStream:75 - [STDERR_REDIRECT] [Fatal Error] :1:1: Premature end of file.
2026-09-28 00:07:46,524 [ERROR] LogOutputStream:75 - [STDERR_REDIRECT] 
2026-09-28 00:07:47,524 [ERROR] LogOutputStream:75 - [STDERR_REDIRECT] [Fatal Error] :1:1: Premature end of file.
2026-09-28 00:07:47,524 [ERROR] LogOutputStream:75 - [STDERR_REDIRECT] 
2026-09-28 00:07:48,525 [ERROR] LogOutputStream:75 - [STDERR_REDIRECT] [Fatal Error] :1:1: Premature end of file.
2026-09-28 00:07:48,525 [ERROR] LogOutputStream:75 - [STDERR_REDIRECT] 
2026-09-28 00:07:49,524 [ERROR] LogOutputStream:75 - [STDERR_REDIRECT] [Fatal Error] :1:1: Premature end of file.
2026-09-28 00:07:49,524 [ERROR] LogOutputStream:75 - [STDERR_REDIRECT] 
2026-09-28 00:07:50,525 [ERROR] LogOutputStream:75 - [STDERR_REDIRECT] [Fatal Error] :1:1: Premature end of file.
2026-09-28 00:07:50,525 [ERROR] LogOutputStream:75 - [STDERR_REDIRECT] 
2026-09-28 00:07:51,525 [ERROR] LogOutputStream:75 - [STDERR_REDIRECT] [Fatal Error] :1:1: Premature end of file.
2026-09-28 00:07:51,525 [ERROR] LogOutputStream:75 - [STDERR_REDIRECT] 
2026-09-28 00:07:52,525 [ERROR] LogOutputStream:75 - [STDERR_REDIRECT] [Fatal Error] :1:1: Premature end of file.
2026-09-28 00:07:52,525 [ERROR] LogOutputStream:75 - [STDERR_REDIRECT] 
2026-09-28 00:07:52,704 [WARN] ServerAccessManage:1168 - Warning during Server Connection :  timeout Read timed out
2026-09-28 00:07:52,704 [ERROR] ServerAccessManage:651 - Problem, Http timeout : crdb.zip.
2026-09-28 00:07:53,524 [ERROR] LogOutputStream:75 - [STDERR_REDIRECT] [Fatal Error] :1:1: Premature end of file.
2026-09-28 00:07:53,525 [ERROR] LogOutputStream:75 - [STDERR_REDIRECT] 
2026-09-28 00:07:54,525 [ERROR] LogOutputStream:75 - [STDERR_REDIRECT] [Fatal Error] :1:1: Premature end of file.
2026-09-28 00:07:54,525 [ERROR] LogOutputStream:75 - [STDERR_REDIRECT] 
2026-09-28 00:07:55,524 [ERROR] LogOutputStream:75 - [STDERR_REDIRECT] [Fatal Error] :1:1: Premature end of file.
2026-09-28 00:07:55,525 [ERROR] LogOutputStream:75 - [STDERR_REDIRECT] 
2026-09-28 00:07:56,523 [ERROR] LogOutputStream:75 - [STDERR_REDIRECT] [Fatal Error] :1:1: Premature end of file.
2026-09-28 00:07:56,523 [ERROR] LogOutputStream:75 - [STDERR_REDIRECT] 
2026-09-28 00:07:57,524 [ERROR] LogOutputStream:75 - [STDERR_REDIRECT] [Fatal Error] :1:1: Premature end of file.
2026-09-28 00:07:57,524 [ERROR] LogOutputStream:75 - [STDERR_REDIRECT] 
2026-09-28 00:07:58,524 [ERROR] LogOutputStream:75 - [STDERR_REDIRECT] [Fatal Error] :1:1: Premature end of file.
2026-09-28 00:07:58,525 [ERROR] LogOutputStream:75 - [STDERR_REDIRECT] 
2026-09-28 00:07:59,527 [ERROR] LogOutputStream:75 - [STDERR_REDIRECT] [Fatal Error] :1:1: Premature end of file.
2026-09-28 00:07:59,527 [ERROR] LogOutputStream:75 - [STDERR_REDIRECT] 
2026-09-28 00:08:00,525 [ERROR] LogOutputStream:75 - [STDERR_REDIRECT] [Fatal Error] :1:1: Premature end of file.
2026-09-28 00:08:00,525 [ERROR] LogOutputStream:75 - [STDERR_REDIRECT] 
2026-09-28 00:08:01,525 [ERROR] LogOutputStream:75 - [STDERR_REDIRECT] [Fatal Error] :1:1: Premature end of file.
2026-09-28 00:08:01,525 [ERROR] LogOutputStream:75 - [STDERR_REDIRECT] 
2026-09-28 00:08:02,278 [INFO] LoadUrlFilesThread:156 - End of LoadUrlFiles Thread
2026-09-28 00:08:02,527 [ERROR] LogOutputStream:75 - [STDERR_REDIRECT] [Fatal Error] :1:1: Premature end of file.
2026-09-28 00:08:02,527 [ERROR] LogOutputStream:75 - [STDERR_REDIRECT] 
2026-09-28 00:08:03,107 [INFO] DbMcusAds:53 - JSON generation date=Tue Sep 22 17:55:16 IST 2026 (1790079916640)
2026-09-28 00:08:03,124 [ERROR] TargetSelectorAdapter:267 - Unable to refresh data
2026-09-28 00:08:03,379 [INFO] ApiDb:581 - Connected to CubeFinder SQLite database (C:\Users\robor\.stmcufinder\plugins\mcufinder\mcu\cube-finder-db.db)
2026-09-28 00:08:03,453 [INFO] ApiDb:668 - CubeFinder database Data Model version=2.1
2026-09-28 00:08:03,453 [INFO] ApiDb:669 - CubeFinder database Configuration version=3.0.42
2026-09-28 00:08:03,453 [INFO] ApiDb:670 - CubeFinder database generation date=2026-08-04 (1785840812)
2026-09-28 00:08:03,453 [INFO] ApiDb:671 - CubeFinder database FW Pack versions=[FP-ATR-ASTRA1_V2.0.0, FP-SNS-FLIGHT1_V5.1.0, FP-SNS-MOTENV1_V5.1.0, FP-SNS-MOTENVWB1_V1.5.0, FP-SNS-SMARTAG2_V1.2.0, FP-SNS-STBOX1_V2.1.0, STM32Cube_FW_C0_V1.4.1, STM32Cube_FW_F4_V1.28.3, STM32Cube_FW_F7_V1.17.4, STM32Cube_FW_G0_V1.6.3, STM32Cube_FW_G4_V1.6.2, STM32Cube_FW_H5_V1.7.0, STM32Cube_FW_H7RS_V1.3.0, STM32Cube_FW_H7_V1.13.0, STM32Cube_FW_L0_V1.12.2, STM32Cube_FW_L4_V1.18.2, STM32Cube_FW_L5_V1.6.0, STM32Cube_FW_N6_V1.4.0, STM32Cube_FW_U0_V1.3.0, STM32Cube_FW_U3_V1.4.0, STM32Cube_FW_U5_V1.9.0, STM32Cube_FW_WB0_V1.5.0, STM32Cube_FW_WBA_V1.10.0, STM32Cube_FW_WB_V1.24.0, STM32Cube_FW_WL3_V1.5.0, STM32Cube_FW_WL_V1.6.0, X-CUBE-ALGOBUILD_V1.5.0, X-CUBE-ALS_V1.0.2, X-CUBE-AZRTOS-F4_V1.1.0, X-CUBE-AZRTOS-F7_V1.1.0, X-CUBE-AZRTOS-G0_V1.1.0, X-CUBE-AZRTOS-G4_V2.0.0, X-CUBE-AZRTOS-H7RS_V1.3.0, X-CUBE-AZRTOS-H7_V3.5.0, X-CUBE-AZRTOS-L4_V2.0.0, X-CUBE-AZRTOS-L5_V2.0.0, X-CUBE-AZRTOS-WB_V2.0.0, X-CUBE-AZRTOS-WL_V2.0.0, X-CUBE-BLE1_V7.1.0, X-CUBE-BLE2_V3.3.0, X-CUBE-BLEMGR_V4.2.0, X-CUBE-EEPRMA1_V5.2.0, X-CUBE-FREERTOS_V1.6.0, X-CUBE-GNSS1_V7.1.1, X-CUBE-MEMS1_V13.0.0, X-CUBE-NFC4_V3.0.0, X-CUBE-NFC7_V2.0.0, X-CUBE-SFXS2LP1_V4.0.0, X-CUBE-ST67W61_V1.3.0, X-CUBE-SUBG2_V5.0.0, X-CUBE-TOF1_V3.4.3]
2026-09-28 00:08:03,510 [INFO] DbBoardsSqlite:226 - include board P-NUCLEO-WB55-NUCLEO as a kit item of type 'Nucleo-64'
2026-09-28 00:08:03,510 [INFO] DbBoardsSqlite:226 - include board P-NUCLEO-WB55-USBDONGLE as a kit item of type 'Nucleo USB Dongle'
2026-09-28 00:08:03,511 [INFO] DbBoardsSqlite:226 - include board STEVAL-IDP005V1 as a kit item of type 'Evaluation Board'
2026-09-28 00:08:03,511 [INFO] DbBoardsSqlite:226 - include board STEVAL-IDP005V2 as a kit item of type 'Evaluation Board'
2026-09-28 00:08:03,528 [ERROR] LogOutputStream:75 - [STDERR_REDIRECT] [Fatal Error] :1:1: Premature end of file.
2026-09-28 00:08:03,528 [ERROR] LogOutputStream:75 - [STDERR_REDIRECT] 
2026-09-28 00:08:03,591 [INFO] ApiDb:240 - Found 483 in-development CPN: [B-G473E-ZEST1S, B-WB1M-WPAN1, B-WL5M-SUBG1, NUCLEO-C031C6, NUCLEO-H503RB, NUCLEO-H533RE, NUCLEO-H563ZI, NUCLEO-H7S3L8, NUCLEO-U031R8, NUCLEO-U083RC, NUCLEO-U545RE-Q, NUCLEO-U5A5ZJ-Q, NUCLEO-WBA52CG, NUCLEO-WBA55CG, STEVAL-PROTEUS1, STEVAL-SMARTAG2, STEVAL-STWINBX1, STM320518-EVAL, STM32C0116-DK, STM32C011D6Y3TR, STM32C011D6Y6TR, STM32C011F4P3, STM32C011F4P6, STM32C011F4U3, STM32C011F4U6TR, STM32C011F6P3, STM32C011F6P6, STM32C011F6U3, STM32C011F6U6TR, STM32C011J4M3, STM32C011J4M6, STM32C011J6M3, STM32C011J6M6, STM32C0316-DK, STM32C031C4T3, STM32C031C4T6, STM32C031C4U3, STM32C031C4U6, STM32C031C6T3, STM32C031C6T6, STM32C031C6U3, STM32C031C6U6, STM32C031F4P3, STM32C031F4P6, STM32C031F6P3, STM32C031F6P6, STM32C031G4U3, STM32C031G4U6, STM32C031G6U3, STM32C031G6U6, STM32C031K4T3, STM32C031K4T6, STM32C031K4U3, STM32C031K4U6, STM32C031K6T3, STM32C031K6T6, STM32C031K6U3, STM32C031K6U6, STM32G071K8TXN, STM32G071K8UXN, STM32G081GBU6N, STM32G081KBT6N, STM32G081KBUXN, STM32G0B1CCT6N, STM32G0B1KCT6, STM32G0B1NEY6TR, STM32G0B1RCT6N, STM32G0C1CCT6, STM32G0C1CCT6N, STM32G0C1CCU6N, STM32G0C1CET6N, STM32G0C1CEU6N, STM32G0C1KCT6, STM32G0C1NEY6TR, STM32G0C1RCI6N, STM32G0C1RCT6N, STM32G0C1REI6N, STM32G0C1RET6N, STM32G0C1VCI6, STM32G0C1VEI6, STM32G471CCT6, STM32G471CCU6, STM32G471CET3, STM32G471CET6, STM32G471CEU3, STM32G471CEU6, STM32G471MCT6, STM32G471MET3, STM32G471MET6, STM32G471MEY6TR, STM32G471QCT6, STM32G471QET3, STM32G471RCT6, STM32G471RET3, STM32G471RET6, STM32G471VCH6, STM32G471VCI6, STM32G471VCT6, STM32G471VEH3, STM32G471VEH6, STM32G471VEI3, STM32G471VEI6, STM32G471VET3, STM32G471VET6, STM32G474CCT6, STM32H503CBT6, STM32H503CBU6, STM32H503EBY6TR, STM32H503KBU6, STM32H503RBT6, STM32H523CCT6, STM32H523CCU6, STM32H523CET6, STM32H523CEU6, STM32H523HEY6TR, STM32H523RCT6, STM32H523RET6, STM32H523VCI6, STM32H523VCT6, STM32H523VEI6, STM32H523VET6, STM32H523ZCJ6, STM32H523ZCT6, STM32H523ZEJ6, STM32H523ZET6, STM32H533CET6, STM32H533CEU6, STM32H533HEY6TR, STM32H533RET6, STM32H533VEI6, STM32H533VET6, STM32H533ZEJ6, STM32H533ZET6, STM32H562AGI6, STM32H562AII6, STM32H562IGK6, STM32H562IGT6, STM32H562IIK6, STM32H562IIT6, STM32H562RGT6, STM32H562RGV6, STM32H562RIT6, STM32H562RIV6, STM32H562VGT6, STM32H562VIT6, STM32H562ZGT6, STM32H562ZIT6, STM32H563AGI6, STM32H563AII3Q, STM32H563AII6, STM32H563IGK6, STM32H563IGT6, STM32H563IIK3Q, STM32H563IIK6, STM32H563IIT3Q, STM32H563IIT6, STM32H563MIY3QTR, STM32H563RGT6, STM32H563RGV6, STM32H563RIT6, STM32H563RIV6, STM32H563VGT6, STM32H563VIT3Q, STM32H563VIT6, STM32H563ZGT6, STM32H563ZIT3Q, STM32H563ZIT6, STM32H573AII3Q, STM32H573AII6, STM32H573I-DK, STM32H573IIK3Q, STM32H573IIK6, STM32H573IIT3Q, STM32H573IIT6, STM32H573MIY3QTR, STM32H573RIT6, STM32H573RIV6, STM32H573VIT3Q, STM32H573VIT6, STM32H573ZIT3Q, STM32H573ZIT6, STM32H7R3A8I6, STM32H7R3I8K6, STM32H7R3I8T6, STM32H7R3L8H6, STM32H7R3L8H6H, STM32H7R3R8V6, STM32H7R3V8H6, STM32H7R3V8T6, STM32H7R3V8Y6, STM32H7R3Z8J6, STM32H7R3Z8T6, STM32H7R7A8I6, STM32H7R7I8K6, STM32H7R7I8T6, STM32H7R7L8H6, STM32H7R7L8H6H, STM32H7R7Z8J6, STM32H7S3A8I6, STM32H7S3I8K6, STM32H7S3I8T6, STM32H7S3L8H6, STM32H7S3L8H6H, STM32H7S3R8V6, STM32H7S3V8H6, STM32H7S3V8T6, STM32H7S3V8Y6, STM32H7S3Z8J6, STM32H7S3Z8T6, STM32H7S78-DK, STM32H7S7A8I6, STM32H7S7I8K6, STM32H7S7I8T6, STM32H7S7L8H6, STM32H7S7L8H6H, STM32H7S7Z8J6, STM32L4R5QGI6STR, STM32MP131AAE3, STM32MP131AAF3, STM32MP131AAG3, STM32MP131CAE3, STM32MP131CAF3, STM32MP131CAG3, STM32MP131DAE7, STM32MP131DAF7, STM32MP131DAG7, STM32MP131FAE7, STM32MP131FAF7, STM32MP131FAG7, STM32MP133AAE3, STM32MP133AAF3, STM32MP133AAG3, STM32MP133CAE3, STM32MP133CAF3, STM32MP133CAG3, STM32MP133DAE7, STM32MP133DAF7, STM32MP133DAG7, STM32MP133FAE7, STM32MP133FAF7, STM32MP133FAG7, STM32MP135AAE3, STM32MP135AAF3, STM32MP135AAG3, STM32MP135CAE3, STM32MP135CAF3, STM32MP135CAG3, STM32MP135DAE7, STM32MP135DAF7, STM32MP135DAG7, STM32MP135F-DK, STM32MP135FAE7, STM32MP135FAF7, STM32MP135FAF7T, STM32MP135FAF7U, STM32MP135FAG7, STM32U031C6T6, STM32U031C6U6, STM32U031C8T6, STM32U031C8U6, STM32U031F4P6, STM32U031F6P6, STM32U031F8P6, STM32U031G6Y6TR, STM32U031G8Y6TR, STM32U031K4U6, STM32U031K6U6, STM32U031K8U6, STM32U031R6I6, STM32U031R6T6, STM32U031R8I6, STM32U031R8T6, STM32U073C8T6, STM32U073C8U6, STM32U073CBT6, STM32U073CBU6, STM32U073CCT6, STM32U073CCU6, STM32U073H8Y6TR, STM32U073HBY6TR, STM32U073HCY6TR, STM32U073K8U6, STM32U073KBU6, STM32U073KCU6, STM32U073M8I6, STM32U073M8T6, STM32U073MBI6, STM32U073MBT6, STM32U073MCI6, STM32U073MCT6, STM32U073R8I6, STM32U073R8T6, STM32U073RBI6, STM32U073RBT6, STM32U073RCI6, STM32U073RCT6, STM32U083C-DK, STM32U083CCT6, STM32U083CCU6, STM32U083HCY6TR, STM32U083KCU6, STM32U083MCI6, STM32U083MCT6, STM32U083RCI6, STM32U083RCT6, STM32U535CBT6, STM32U535CBT6Q, STM32U535CBU6, STM32U535CBU6Q, STM32U535CCT6, STM32U535CCT6Q, STM32U535CCU6, STM32U535CCU6Q, STM32U535CET6, STM32U535CET6Q, STM32U535CEU6, STM32U535CEU6Q, STM32U535JEY6QTR, STM32U535NCY6QTR, STM32U535NEY6QTR, STM32U535RBI6, STM32U535RBI6Q, STM32U535RBT6, STM32U535RBT6Q, STM32U535RCI6, STM32U535RCI6Q, STM32U535RCT6, STM32U535RCT6Q, STM32U535REI6, STM32U535REI6Q, STM32U535RET6, STM32U535RET6Q, STM32U535VCI6, STM32U535VCI6Q, STM32U535VCT6, STM32U535VCT6Q, STM32U535VEI6, STM32U535VEI6Q, STM32U535VET6, STM32U535VET6Q, STM32U545CET6, STM32U545CET6Q, STM32U545CEU6, STM32U545CEU6Q, STM32U545JEY6QTR, STM32U545NEY6QTR, STM32U545REI6, STM32U545REI6Q, STM32U545RET6, STM32U545RET6Q, STM32U545VEI6, STM32U545VEI6Q, STM32U545VET6, STM32U545VET6Q, STM32U595AIH6, STM32U595AIH6Q, STM32U595AJH6, STM32U595AJH6Q, STM32U595QII6, STM32U595QII6Q, STM32U595QJI6, STM32U595QJI6Q, STM32U595RIT6, STM32U595RIT6Q, STM32U595RJT6, STM32U595RJT6Q, STM32U595VIT6, STM32U595VIT6Q, STM32U595VJT6, STM32U595VJT6Q, STM32U595ZIT6, STM32U595ZIT6Q, STM32U595ZIY6QTR, STM32U595ZJT6, STM32U595ZJT6Q, STM32U595ZJY6QTR, STM32U599BJY6QTR, STM32U599NIH6Q, STM32U599NJH6Q, STM32U599VIT6Q, STM32U599VJT6, STM32U599VJT6Q, STM32U599ZIT6Q, STM32U599ZIY6QTR, STM32U599ZJT6Q, STM32U599ZJY6QTR, STM32U5A5AJH6, STM32U5A5AJH6Q, STM32U5A5QII3Q , STM32U5A5QJI6, STM32U5A5QJI6Q, STM32U5A5RJT6, STM32U5A5RJT6Q, STM32U5A5VJT6, STM32U5A5VJT6Q, STM32U5A5ZJT6, STM32U5A5ZJT6Q, STM32U5A5ZJY6QTR, STM32U5A9BJY6QTR, STM32U5A9J-DK, STM32U5A9NJH6Q, STM32U5A9VJT6Q, STM32U5A9ZJT6Q, STM32U5A9ZJY6QTR, STM32U5F7VIT6, STM32U5F7VIT6Q, STM32U5F7VJT6, STM32U5F7VJT6Q, STM32U5F9BJY6QTR, STM32U5F9NJH6Q, STM32U5F9VIT6Q, STM32U5F9VJT6Q, STM32U5F9ZIJ6QTR, STM32U5F9ZIT6Q, STM32U5F9ZJJ6QTR, STM32U5F9ZJT6Q, STM32U5G7VJT6, STM32U5G7VJT6Q, STM32U5G9BJY6QTR, STM32U5G9J-DK1, STM32U5G9J-DK2, STM32U5G9NJH6Q, STM32U5G9VJT6Q, STM32U5G9ZJJ6QTR, STM32U5G9ZJT6Q, STM32WB1MMCH6, STM32WBA50KEU6, STM32WBA50KEU6TR, STM32WBA50KGU6, STM32WBA50KGU6TR, STM32WBA52CEU6, STM32WBA52CEU6TR, STM32WBA52CEU7, STM32WBA52CEU7TR, STM32WBA52CGU6, STM32WBA52CGU6TR, STM32WBA52CGU6U, STM32WBA52CGU7, STM32WBA52CGU7TR, STM32WBA52KEU6, STM32WBA52KEU6TR, STM32WBA52KGU6, STM32WBA52KGU6TR, STM32WBA54CEU6, STM32WBA54CEU6TR, STM32WBA54CEU7, STM32WBA54CEU7TR, STM32WBA54CGU6, STM32WBA54CGU6TR, STM32WBA54CGU7, STM32WBA54CGU7TR, STM32WBA54KEU6, STM32WBA54KEU6TR, STM32WBA54KEU7, STM32WBA54KEU7TR, STM32WBA54KGU6, STM32WBA54KGU6TR, STM32WBA54KGU7, STM32WBA54KGU7TR, STM32WBA55CEU6, STM32WBA55CEU6TR, STM32WBA55CEU7, STM32WBA55CEU7TR, STM32WBA55CGU6, STM32WBA55CGU6TR, STM32WBA55CGU6U, STM32WBA55CGU7, STM32WBA55CGU7TR, STM32WBA55G-DK1, STM32WBA55HEF6, STM32WBA55HEF7, STM32WBA55HGF6, STM32WBA55HGF7, STM32WBA55UEI6, STM32WBA55UEI6TR, STM32WBA55UEI7, STM32WBA55UEI7TR, STM32WBA55UGI6, STM32WBA55UGI6TR, STM32WBA55UGI7, STM32WBA55UGI7TR, STM32WL5MOCH6, STM32WL5MOCH6TR]
2026-09-28 00:08:03,594 [INFO] ApiDb:668 - CubeFinder database Data Model version=2.1
2026-09-28 00:08:03,594 [INFO] ApiDb:669 - CubeFinder database Configuration version=3.0.42
2026-09-28 00:08:03,594 [INFO] ApiDb:670 - CubeFinder database generation date=2026-08-04 (1785840812)
2026-09-28 00:08:03,594 [INFO] ApiDb:671 - CubeFinder database FW Pack versions=[FP-ATR-ASTRA1_V2.0.0, FP-SNS-FLIGHT1_V5.1.0, FP-SNS-MOTENV1_V5.1.0, FP-SNS-MOTENVWB1_V1.5.0, FP-SNS-SMARTAG2_V1.2.0, FP-SNS-STBOX1_V2.1.0, STM32Cube_FW_C0_V1.4.1, STM32Cube_FW_F4_V1.28.3, STM32Cube_FW_F7_V1.17.4, STM32Cube_FW_G0_V1.6.3, STM32Cube_FW_G4_V1.6.2, STM32Cube_FW_H5_V1.7.0, STM32Cube_FW_H7RS_V1.3.0, STM32Cube_FW_H7_V1.13.0, STM32Cube_FW_L0_V1.12.2, STM32Cube_FW_L4_V1.18.2, STM32Cube_FW_L5_V1.6.0, STM32Cube_FW_N6_V1.4.0, STM32Cube_FW_U0_V1.3.0, STM32Cube_FW_U3_V1.4.0, STM32Cube_FW_U5_V1.9.0, STM32Cube_FW_WB0_V1.5.0, STM32Cube_FW_WBA_V1.10.0, STM32Cube_FW_WB_V1.24.0, STM32Cube_FW_WL3_V1.5.0, STM32Cube_FW_WL_V1.6.0, X-CUBE-ALGOBUILD_V1.5.0, X-CUBE-ALS_V1.0.2, X-CUBE-AZRTOS-F4_V1.1.0, X-CUBE-AZRTOS-F7_V1.1.0, X-CUBE-AZRTOS-G0_V1.1.0, X-CUBE-AZRTOS-G4_V2.0.0, X-CUBE-AZRTOS-H7RS_V1.3.0, X-CUBE-AZRTOS-H7_V3.5.0, X-CUBE-AZRTOS-L4_V2.0.0, X-CUBE-AZRTOS-L5_V2.0.0, X-CUBE-AZRTOS-WB_V2.0.0, X-CUBE-AZRTOS-WL_V2.0.0, X-CUBE-BLE1_V7.1.0, X-CUBE-BLE2_V3.3.0, X-CUBE-BLEMGR_V4.2.0, X-CUBE-EEPRMA1_V5.2.0, X-CUBE-FREERTOS_V1.6.0, X-CUBE-GNSS1_V7.1.1, X-CUBE-MEMS1_V13.0.0, X-CUBE-NFC4_V3.0.0, X-CUBE-NFC7_V2.0.0, X-CUBE-SFXS2LP1_V4.0.0, X-CUBE-ST67W61_V1.3.0, X-CUBE-SUBG2_V5.0.0, X-CUBE-TOF1_V3.4.3]
2026-09-28 00:08:04,524 [ERROR] LogOutputStream:75 - [STDERR_REDIRECT] [Fatal Error] :1:1: Premature end of file.
2026-09-28 00:08:04,524 [ERROR] LogOutputStream:75 - [STDERR_REDIRECT] 
2026-09-28 00:08:05,523 [ERROR] LogOutputStream:75 - [STDERR_REDIRECT] [Fatal Error] :1:1: Premature end of file.
2026-09-28 00:08:05,523 [ERROR] LogOutputStream:75 - [STDERR_REDIRECT] 
2026-09-28 00:08:05,845 [INFO] ApiDb:240 - Found 483 in-development CPN: [B-G473E-ZEST1S, B-WB1M-WPAN1, B-WL5M-SUBG1, NUCLEO-C031C6, NUCLEO-H503RB, NUCLEO-H533RE, NUCLEO-H563ZI, NUCLEO-H7S3L8, NUCLEO-U031R8, NUCLEO-U083RC, NUCLEO-U545RE-Q, NUCLEO-U5A5ZJ-Q, NUCLEO-WBA52CG, NUCLEO-WBA55CG, STEVAL-PROTEUS1, STEVAL-SMARTAG2, STEVAL-STWINBX1, STM320518-EVAL, STM32C0116-DK, STM32C011D6Y3TR, STM32C011D6Y6TR, STM32C011F4P3, STM32C011F4P6, STM32C011F4U3, STM32C011F4U6TR, STM32C011F6P3, STM32C011F6P6, STM32C011F6U3, STM32C011F6U6TR, STM32C011J4M3, STM32C011J4M6, STM32C011J6M3, STM32C011J6M6, STM32C0316-DK, STM32C031C4T3, STM32C031C4T6, STM32C031C4U3, STM32C031C4U6, STM32C031C6T3, STM32C031C6T6, STM32C031C6U3, STM32C031C6U6, STM32C031F4P3, STM32C031F4P6, STM32C031F6P3, STM32C031F6P6, STM32C031G4U3, STM32C031G4U6, STM32C031G6U3, STM32C031G6U6, STM32C031K4T3, STM32C031K4T6, STM32C031K4U3, STM32C031K4U6, STM32C031K6T3, STM32C031K6T6, STM32C031K6U3, STM32C031K6U6, STM32G071K8TXN, STM32G071K8UXN, STM32G081GBU6N, STM32G081KBT6N, STM32G081KBUXN, STM32G0B1CCT6N, STM32G0B1KCT6, STM32G0B1NEY6TR, STM32G0B1RCT6N, STM32G0C1CCT6, STM32G0C1CCT6N, STM32G0C1CCU6N, STM32G0C1CET6N, STM32G0C1CEU6N, STM32G0C1KCT6, STM32G0C1NEY6TR, STM32G0C1RCI6N, STM32G0C1RCT6N, STM32G0C1REI6N, STM32G0C1RET6N, STM32G0C1VCI6, STM32G0C1VEI6, STM32G471CCT6, STM32G471CCU6, STM32G471CET3, STM32G471CET6, STM32G471CEU3, STM32G471CEU6, STM32G471MCT6, STM32G471MET3, STM32G471MET6, STM32G471MEY6TR, STM32G471QCT6, STM32G471QET3, STM32G471RCT6, STM32G471RET3, STM32G471RET6, STM32G471VCH6, STM32G471VCI6, STM32G471VCT6, STM32G471VEH3, STM32G471VEH6, STM32G471VEI3, STM32G471VEI6, STM32G471VET3, STM32G471VET6, STM32G474CCT6, STM32H503CBT6, STM32H503CBU6, STM32H503EBY6TR, STM32H503KBU6, STM32H503RBT6, STM32H523CCT6, STM32H523CCU6, STM32H523CET6, STM32H523CEU6, STM32H523HEY6TR, STM32H523RCT6, STM32H523RET6, STM32H523VCI6, STM32H523VCT6, STM32H523VEI6, STM32H523VET6, STM32H523ZCJ6, STM32H523ZCT6, STM32H523ZEJ6, STM32H523ZET6, STM32H533CET6, STM32H533CEU6, STM32H533HEY6TR, STM32H533RET6, STM32H533VEI6, STM32H533VET6, STM32H533ZEJ6, STM32H533ZET6, STM32H562AGI6, STM32H562AII6, STM32H562IGK6, STM32H562IGT6, STM32H562IIK6, STM32H562IIT6, STM32H562RGT6, STM32H562RGV6, STM32H562RIT6, STM32H562RIV6, STM32H562VGT6, STM32H562VIT6, STM32H562ZGT6, STM32H562ZIT6, STM32H563AGI6, STM32H563AII3Q, STM32H563AII6, STM32H563IGK6, STM32H563IGT6, STM32H563IIK3Q, STM32H563IIK6, STM32H563IIT3Q, STM32H563IIT6, STM32H563MIY3QTR, STM32H563RGT6, STM32H563RGV6, STM32H563RIT6, STM32H563RIV6, STM32H563VGT6, STM32H563VIT3Q, STM32H563VIT6, STM32H563ZGT6, STM32H563ZIT3Q, STM32H563ZIT6, STM32H573AII3Q, STM32H573AII6, STM32H573I-DK, STM32H573IIK3Q, STM32H573IIK6, STM32H573IIT3Q, STM32H573IIT6, STM32H573MIY3QTR, STM32H573RIT6, STM32H573RIV6, STM32H573VIT3Q, STM32H573VIT6, STM32H573ZIT3Q, STM32H573ZIT6, STM32H7R3A8I6, STM32H7R3I8K6, STM32H7R3I8T6, STM32H7R3L8H6, STM32H7R3L8H6H, STM32H7R3R8V6, STM32H7R3V8H6, STM32H7R3V8T6, STM32H7R3V8Y6, STM32H7R3Z8J6, STM32H7R3Z8T6, STM32H7R7A8I6, STM32H7R7I8K6, STM32H7R7I8T6, STM32H7R7L8H6, STM32H7R7L8H6H, STM32H7R7Z8J6, STM32H7S3A8I6, STM32H7S3I8K6, STM32H7S3I8T6, STM32H7S3L8H6, STM32H7S3L8H6H, STM32H7S3R8V6, STM32H7S3V8H6, STM32H7S3V8T6, STM32H7S3V8Y6, STM32H7S3Z8J6, STM32H7S3Z8T6, STM32H7S78-DK, STM32H7S7A8I6, STM32H7S7I8K6, STM32H7S7I8T6, STM32H7S7L8H6, STM32H7S7L8H6H, STM32H7S7Z8J6, STM32L4R5QGI6STR, STM32MP131AAE3, STM32MP131AAF3, STM32MP131AAG3, STM32MP131CAE3, STM32MP131CAF3, STM32MP131CAG3, STM32MP131DAE7, STM32MP131DAF7, STM32MP131DAG7, STM32MP131FAE7, STM32MP131FAF7, STM32MP131FAG7, STM32MP133AAE3, STM32MP133AAF3, STM32MP133AAG3, STM32MP133CAE3, STM32MP133CAF3, STM32MP133CAG3, STM32MP133DAE7, STM32MP133DAF7, STM32MP133DAG7, STM32MP133FAE7, STM32MP133FAF7, STM32MP133FAG7, STM32MP135AAE3, STM32MP135AAF3, STM32MP135AAG3, STM32MP135CAE3, STM32MP135CAF3, STM32MP135CAG3, STM32MP135DAE7, STM32MP135DAF7, STM32MP135DAG7, STM32MP135F-DK, STM32MP135FAE7, STM32MP135FAF7, STM32MP135FAF7T, STM32MP135FAF7U, STM32MP135FAG7, STM32U031C6T6, STM32U031C6U6, STM32U031C8T6, STM32U031C8U6, STM32U031F4P6, STM32U031F6P6, STM32U031F8P6, STM32U031G6Y6TR, STM32U031G8Y6TR, STM32U031K4U6, STM32U031K6U6, STM32U031K8U6, STM32U031R6I6, STM32U031R6T6, STM32U031R8I6, STM32U031R8T6, STM32U073C8T6, STM32U073C8U6, STM32U073CBT6, STM32U073CBU6, STM32U073CCT6, STM32U073CCU6, STM32U073H8Y6TR, STM32U073HBY6TR, STM32U073HCY6TR, STM32U073K8U6, STM32U073KBU6, STM32U073KCU6, STM32U073M8I6, STM32U073M8T6, STM32U073MBI6, STM32U073MBT6, STM32U073MCI6, STM32U073MCT6, STM32U073R8I6, STM32U073R8T6, STM32U073RBI6, STM32U073RBT6, STM32U073RCI6, STM32U073RCT6, STM32U083C-DK, STM32U083CCT6, STM32U083CCU6, STM32U083HCY6TR, STM32U083KCU6, STM32U083MCI6, STM32U083MCT6, STM32U083RCI6, STM32U083RCT6, STM32U535CBT6, STM32U535CBT6Q, STM32U535CBU6, STM32U535CBU6Q, STM32U535CCT6, STM32U535CCT6Q, STM32U535CCU6, STM32U535CCU6Q, STM32U535CET6, STM32U535CET6Q, STM32U535CEU6, STM32U535CEU6Q, STM32U535JEY6QTR, STM32U535NCY6QTR, STM32U535NEY6QTR, STM32U535RBI6, STM32U535RBI6Q, STM32U535RBT6, STM32U535RBT6Q, STM32U535RCI6, STM32U535RCI6Q, STM32U535RCT6, STM32U535RCT6Q, STM32U535REI6, STM32U535REI6Q, STM32U535RET6, STM32U535RET6Q, STM32U535VCI6, STM32U535VCI6Q, STM32U535VCT6, STM32U535VCT6Q, STM32U535VEI6, STM32U535VEI6Q, STM32U535VET6, STM32U535VET6Q, STM32U545CET6, STM32U545CET6Q, STM32U545CEU6, STM32U545CEU6Q, STM32U545JEY6QTR, STM32U545NEY6QTR, STM32U545REI6, STM32U545REI6Q, STM32U545RET6, STM32U545RET6Q, STM32U545VEI6, STM32U545VEI6Q, STM32U545VET6, STM32U545VET6Q, STM32U595AIH6, STM32U595AIH6Q, STM32U595AJH6, STM32U595AJH6Q, STM32U595QII6, STM32U595QII6Q, STM32U595QJI6, STM32U595QJI6Q, STM32U595RIT6, STM32U595RIT6Q, STM32U595RJT6, STM32U595RJT6Q, STM32U595VIT6, STM32U595VIT6Q, STM32U595VJT6, STM32U595VJT6Q, STM32U595ZIT6, STM32U595ZIT6Q, STM32U595ZIY6QTR, STM32U595ZJT6, STM32U595ZJT6Q, STM32U595ZJY6QTR, STM32U599BJY6QTR, STM32U599NIH6Q, STM32U599NJH6Q, STM32U599VIT6Q, STM32U599VJT6, STM32U599VJT6Q, STM32U599ZIT6Q, STM32U599ZIY6QTR, STM32U599ZJT6Q, STM32U599ZJY6QTR, STM32U5A5AJH6, STM32U5A5AJH6Q, STM32U5A5QII3Q , STM32U5A5QJI6, STM32U5A5QJI6Q, STM32U5A5RJT6, STM32U5A5RJT6Q, STM32U5A5VJT6, STM32U5A5VJT6Q, STM32U5A5ZJT6, STM32U5A5ZJT6Q, STM32U5A5ZJY6QTR, STM32U5A9BJY6QTR, STM32U5A9J-DK, STM32U5A9NJH6Q, STM32U5A9VJT6Q, STM32U5A9ZJT6Q, STM32U5A9ZJY6QTR, STM32U5F7VIT6, STM32U5F7VIT6Q, STM32U5F7VJT6, STM32U5F7VJT6Q, STM32U5F9BJY6QTR, STM32U5F9NJH6Q, STM32U5F9VIT6Q, STM32U5F9VJT6Q, STM32U5F9ZIJ6QTR, STM32U5F9ZIT6Q, STM32U5F9ZJJ6QTR, STM32U5F9ZJT6Q, STM32U5G7VJT6, STM32U5G7VJT6Q, STM32U5G9BJY6QTR, STM32U5G9J-DK1, STM32U5G9J-DK2, STM32U5G9NJH6Q, STM32U5G9VJT6Q, STM32U5G9ZJJ6QTR, STM32U5G9ZJT6Q, STM32WB1MMCH6, STM32WBA50KEU6, STM32WBA50KEU6TR, STM32WBA50KGU6, STM32WBA50KGU6TR, STM32WBA52CEU6, STM32WBA52CEU6TR, STM32WBA52CEU7, STM32WBA52CEU7TR, STM32WBA52CGU6, STM32WBA52CGU6TR, STM32WBA52CGU6U, STM32WBA52CGU7, STM32WBA52CGU7TR, STM32WBA52KEU6, STM32WBA52KEU6TR, STM32WBA52KGU6, STM32WBA52KGU6TR, STM32WBA54CEU6, STM32WBA54CEU6TR, STM32WBA54CEU7, STM32WBA54CEU7TR, STM32WBA54CGU6, STM32WBA54CGU6TR, STM32WBA54CGU7, STM32WBA54CGU7TR, STM32WBA54KEU6, STM32WBA54KEU6TR, STM32WBA54KEU7, STM32WBA54KEU7TR, STM32WBA54KGU6, STM32WBA54KGU6TR, STM32WBA54KGU7, STM32WBA54KGU7TR, STM32WBA55CEU6, STM32WBA55CEU6TR, STM32WBA55CEU7, STM32WBA55CEU7TR, STM32WBA55CGU6, STM32WBA55CGU6TR, STM32WBA55CGU6U, STM32WBA55CGU7, STM32WBA55CGU7TR, STM32WBA55G-DK1, STM32WBA55HEF6, STM32WBA55HEF7, STM32WBA55HGF6, STM32WBA55HGF7, STM32WBA55UEI6, STM32WBA55UEI6TR, STM32WBA55UEI7, STM32WBA55UEI7TR, STM32WBA55UGI6, STM32WBA55UGI6TR, STM32WBA55UGI7, STM32WBA55UGI7TR, STM32WL5MOCH6, STM32WL5MOCH6TR]
2026-09-28 00:08:05,852 [INFO] DbMcus:218 - Found 5304 MCUs, 5116 are supported
2026-09-28 00:08:05,853 [INFO] ApiDb:423 - Load user favorites file C:\Users\robor/.stm32cubeide/favorites.mcus.txt: 2 item(s)
2026-09-28 00:08:05,853 [INFO] ApiDb:427 - User favorites MCUs=[STM32F103C6T6A, STM32F103C8T6]
2026-09-28 00:08:05,853 [INFO] DbMcus:224 - Set 2 / 2 favorites MCUs
2026-09-28 00:08:06,393 [INFO] BoardInfo:889 - No configuration file found for board B-WBA5M-WPAN
2026-09-28 00:08:06,393 [INFO] DbBoards:161 - Board is not supported: B-WBA5M-WPAN
2026-09-28 00:08:06,397 [INFO] BoardInfo:889 - No configuration file found for board NUCLEO-C051C8
2026-09-28 00:08:06,398 [INFO] DbBoards:161 - Board is not supported: NUCLEO-C051C8
2026-09-28 00:08:06,399 [INFO] BoardInfo:889 - No configuration file found for board NUCLEO-C071RB
2026-09-28 00:08:06,400 [INFO] DbBoards:161 - Board is not supported: NUCLEO-C071RB
2026-09-28 00:08:06,401 [INFO] BoardInfo:889 - No configuration file found for board NUCLEO-C092RC
2026-09-28 00:08:06,401 [INFO] DbBoards:161 - Board is not supported: NUCLEO-C092RC
2026-09-28 00:08:06,458 [INFO] BoardInfo:889 - No configuration file found for board NUCLEO-H553ZG
2026-09-28 00:08:06,459 [INFO] DbBoards:161 - Board is not supported: NUCLEO-H553ZG
2026-09-28 00:08:06,461 [INFO] BoardInfo:889 - No configuration file found for board NUCLEO-H5E5ZJ
2026-09-28 00:08:06,462 [INFO] DbBoards:161 - Board is not supported: NUCLEO-H5E5ZJ
2026-09-28 00:08:06,499 [INFO] BoardInfo:889 - No configuration file found for board NUCLEO-N657X0-Q
2026-09-28 00:08:06,500 [INFO] DbBoards:161 - Board is not supported: NUCLEO-N657X0-Q
2026-09-28 00:08:06,504 [INFO] BoardInfo:889 - No configuration file found for board NUCLEO-U385RG-Q
2026-09-28 00:08:06,504 [INFO] DbBoards:161 - Board is not supported: NUCLEO-U385RG-Q
2026-09-28 00:08:06,505 [INFO] BoardInfo:889 - No configuration file found for board NUCLEO-U3C5ZI-Q
2026-09-28 00:08:06,506 [INFO] DbBoards:161 - Board is not supported: NUCLEO-U3C5ZI-Q
2026-09-28 00:08:06,511 [INFO] BoardInfo:889 - No configuration file found for board NUCLEO-WB05KZ
2026-09-28 00:08:06,511 [INFO] DbBoards:161 - Board is not supported: NUCLEO-WB05KZ
2026-09-28 00:08:06,512 [INFO] BoardInfo:889 - No configuration file found for board NUCLEO-WB07CC
2026-09-28 00:08:06,513 [INFO] DbBoards:161 - Board is not supported: NUCLEO-WB07CC
2026-09-28 00:08:06,514 [INFO] BoardInfo:889 - No configuration file found for board NUCLEO-WB09KE
2026-09-28 00:08:06,514 [INFO] DbBoards:161 - Board is not supported: NUCLEO-WB09KE
2026-09-28 00:08:06,518 [INFO] BoardInfo:889 - No configuration file found for board NUCLEO-WBA25CE1
2026-09-28 00:08:06,518 [INFO] DbBoards:161 - Board is not supported: NUCLEO-WBA25CE1
2026-09-28 00:08:06,522 [INFO] BoardInfo:889 - No configuration file found for board NUCLEO-WBA65RI
2026-09-28 00:08:06,522 [INFO] DbBoards:161 - Board is not supported: NUCLEO-WBA65RI
2026-09-28 00:08:06,524 [INFO] BoardInfo:889 - No configuration file found for board NUCLEO-WL33CC1
2026-09-28 00:08:06,524 [INFO] DbBoards:161 - Board is not supported: NUCLEO-WL33CC1
2026-09-28 00:08:06,525 [ERROR] LogOutputStream:75 - [STDERR_REDIRECT] [Fatal Error] :1:1: Premature end of file.
2026-09-28 00:08:06,525 [ERROR] LogOutputStream:75 - [STDERR_REDIRECT] 
2026-09-28 00:08:06,525 [INFO] BoardInfo:889 - No configuration file found for board NUCLEO-WL33CC2
2026-09-28 00:08:06,526 [INFO] DbBoards:161 - Board is not supported: NUCLEO-WL33CC2
2026-09-28 00:08:06,527 [INFO] BoardInfo:889 - No configuration file found for board NUCLEO-WL3RKB1
2026-09-28 00:08:06,528 [INFO] DbBoards:161 - Board is not supported: NUCLEO-WL3RKB1
2026-09-28 00:08:06,528 [INFO] BoardInfo:889 - No configuration file found for board NUCLEO-WL3RKB2
2026-09-28 00:08:06,530 [INFO] DbBoards:161 - Board is not supported: NUCLEO-WL3RKB2
2026-09-28 00:08:06,536 [INFO] BoardInfo:889 - No configuration file found for board P-NUCLEO-WB55
2026-09-28 00:08:06,537 [INFO] DbBoards:161 - Kit is not supported: P-NUCLEO-WB55
2026-09-28 00:08:06,541 [INFO] BoardInfo:889 - No configuration file found for board STEVAL-BFA001V1B
2026-09-28 00:08:06,542 [INFO] DbBoards:161 - Kit is not supported: STEVAL-BFA001V1B
2026-09-28 00:08:06,542 [INFO] BoardInfo:889 - No configuration file found for board STEVAL-BFA001V2B
2026-09-28 00:08:06,543 [INFO] DbBoards:161 - Kit is not supported: STEVAL-BFA001V2B
2026-09-28 00:08:06,617 [INFO] BoardInfo:889 - No configuration file found for board STM32H5F5J-DK
2026-09-28 00:08:06,617 [INFO] DbBoards:161 - Board is not supported: STM32H5F5J-DK
2026-09-28 00:08:06,659 [INFO] BoardInfo:889 - No configuration file found for board STM32MP215F-DK
2026-09-28 00:08:06,659 [INFO] DbBoards:161 - Board is not supported: STM32MP215F-DK
2026-09-28 00:08:06,660 [INFO] BoardInfo:889 - No configuration file found for board STM32MP257F-DK
2026-09-28 00:08:06,660 [INFO] DbBoards:161 - Board is not supported: STM32MP257F-DK
2026-09-28 00:08:06,662 [INFO] BoardInfo:889 - No configuration file found for board STM32MP257F-EV1
2026-09-28 00:08:06,662 [INFO] DbBoards:161 - Board is not supported: STM32MP257F-EV1
2026-09-28 00:08:06,663 [INFO] BoardInfo:889 - No configuration file found for board STM32N6570-DK
2026-09-28 00:08:06,663 [INFO] DbBoards:161 - Board is not supported: STM32N6570-DK
2026-09-28 00:08:06,681 [INFO] BoardInfo:889 - No configuration file found for board STM32WBA65I-DK1
2026-09-28 00:08:06,681 [INFO] DbBoards:161 - Board is not supported: STM32WBA65I-DK1
2026-09-28 00:08:06,681 [INFO] DbBoards:168 - Found 219 boards, 192 are supported
2026-09-28 00:08:06,681 [INFO] DbBoards:169 - Found 219 boards, 8 of them is supported for  Bsp
2026-09-28 00:08:06,685 [INFO] ApiDb:423 - Load user favorites file C:\Users\robor/.stm32cubeide/favorites.boards.txt: 0 item(s)
2026-09-28 00:08:06,685 [INFO] ApiDb:427 - User favorites Boards=[]
2026-09-28 00:08:06,685 [INFO] DbBoards:198 - Set 0 / 0 favorites Boards
2026-09-28 00:08:06,686 [INFO] McuFinderGlobals:76 - Set McuFinderConnectedMode to true
2026-09-28 00:08:06,693 [INFO] MultiScanPanel:200 - Auto-refresh data requested => check proxy status ongoing
2026-09-28 00:08:06,696 [INFO] FinderPluginLoader:95 - Searching for filters in installed packs
2026-09-28 00:08:07,535 [ERROR] LogOutputStream:75 - [STDERR_REDIRECT] [Fatal Error] :1:1: Premature end of file.
2026-09-28 00:08:07,536 [ERROR] LogOutputStream:75 - [STDERR_REDIRECT] 
2026-09-28 00:08:08,016 [INFO] LoadUrlFilesThread:185 - End of LoadServerUrlFiles without Thread
2026-09-28 00:08:08,040 [INFO] DetailPanel:341 - Set advertising image to C:/Users/robor/STM32Cube/Repository/\en.banner-sidekick.jpg
2026-09-28 00:08:08,550 [ERROR] LogOutputStream:75 - [STDERR_REDIRECT] [Fatal Error] :1:1: Premature end of file.
2026-09-28 00:08:08,552 [ERROR] LogOutputStream:75 - [STDERR_REDIRECT] 
2026-09-28 00:08:09,551 [ERROR] LogOutputStream:75 - [STDERR_REDIRECT] [Fatal Error] :1:1: Premature end of file.
2026-09-28 00:08:09,551 [ERROR] LogOutputStream:75 - [STDERR_REDIRECT] 
2026-09-28 00:08:10,524 [ERROR] LogOutputStream:75 - [STDERR_REDIRECT] [Fatal Error] :1:1: Premature end of file.
2026-09-28 00:08:10,524 [ERROR] LogOutputStream:75 - [STDERR_REDIRECT] 
2026-09-28 00:08:11,524 [ERROR] LogOutputStream:75 - [STDERR_REDIRECT] [Fatal Error] :1:1: Premature end of file.
2026-09-28 00:08:11,525 [ERROR] LogOutputStream:75 - [STDERR_REDIRECT] 
2026-09-28 00:08:12,526 [ERROR] LogOutputStream:75 - [STDERR_REDIRECT] [Fatal Error] :1:1: Premature end of file.
2026-09-28 00:08:12,526 [ERROR] LogOutputStream:75 - [STDERR_REDIRECT] 
2026-09-28 00:08:13,525 [ERROR] LogOutputStream:75 - [STDERR_REDIRECT] [Fatal Error] :1:1: Premature end of file.
2026-09-28 00:08:13,525 [ERROR] LogOutputStream:75 - [STDERR_REDIRECT] 
2026-09-28 00:08:14,526 [ERROR] LogOutputStream:75 - [STDERR_REDIRECT] [Fatal Error] :1:1: Premature end of file.
2026-09-28 00:08:14,526 [ERROR] LogOutputStream:75 - [STDERR_REDIRECT] 
2026-09-28 00:08:15,523 [ERROR] LogOutputStream:75 - [STDERR_REDIRECT] [Fatal Error] :1:1: Premature end of file.
2026-09-28 00:08:15,523 [ERROR] LogOutputStream:75 - [STDERR_REDIRECT] 
2026-09-28 00:08:16,526 [ERROR] LogOutputStream:75 - [STDERR_REDIRECT] [Fatal Error] :1:1: Premature end of file.
2026-09-28 00:08:16,526 [ERROR] LogOutputStream:75 - [STDERR_REDIRECT] 
2026-09-28 00:08:17,524 [ERROR] LogOutputStream:75 - [STDERR_REDIRECT] [Fatal Error] :1:1: Premature end of file.
2026-09-28 00:08:17,524 [ERROR] LogOutputStream:75 - [STDERR_REDIRECT] 
2026-09-28 00:08:18,522 [ERROR] LogOutputStream:75 - [STDERR_REDIRECT] [Fatal Error] :1:1: Premature end of file.
2026-09-28 00:08:18,524 [ERROR] LogOutputStream:75 - [STDERR_REDIRECT] 
2026-09-28 00:08:19,523 [ERROR] LogOutputStream:75 - [STDERR_REDIRECT] [Fatal Error] :1:1: Premature end of file.
2026-09-28 00:08:19,523 [ERROR] LogOutputStream:75 - [STDERR_REDIRECT] 
2026-09-28 00:08:20,523 [ERROR] LogOutputStream:75 - [STDERR_REDIRECT] [Fatal Error] :1:1: Premature end of file.
2026-09-28 00:08:20,523 [ERROR] LogOutputStream:75 - [STDERR_REDIRECT] 
2026-09-28 00:08:21,524 [ERROR] LogOutputStream:75 - [STDERR_REDIRECT] [Fatal Error] :1:1: Premature end of file.
2026-09-28 00:08:21,524 [ERROR] LogOutputStream:75 - [STDERR_REDIRECT] 
2026-09-28 00:08:22,527 [ERROR] LogOutputStream:75 - [STDERR_REDIRECT] [Fatal Error] :1:1: Premature end of file.
2026-09-28 00:08:22,527 [ERROR] LogOutputStream:75 - [STDERR_REDIRECT] 
2026-09-28 00:08:23,524 [ERROR] LogOutputStream:75 - [STDERR_REDIRECT] [Fatal Error] :1:1: Premature end of file.
2026-09-28 00:08:23,524 [ERROR] LogOutputStream:75 - [STDERR_REDIRECT] 
2026-09-28 00:08:24,526 [ERROR] LogOutputStream:75 - [STDERR_REDIRECT] [Fatal Error] :1:1: Premature end of file.
2026-09-28 00:08:24,526 [ERROR] LogOutputStream:75 - [STDERR_REDIRECT] 
2026-09-28 00:08:25,524 [ERROR] LogOutputStream:75 - [STDERR_REDIRECT] [Fatal Error] :1:1: Premature end of file.
2026-09-28 00:08:25,524 [ERROR] LogOutputStream:75 - [STDERR_REDIRECT] 
2026-09-28 00:08:26,524 [ERROR] LogOutputStream:75 - [STDERR_REDIRECT] [Fatal Error] :1:1: Premature end of file.
2026-09-28 00:08:26,524 [ERROR] LogOutputStream:75 - [STDERR_REDIRECT] 
2026-09-28 00:08:27,524 [ERROR] LogOutputStream:75 - [STDERR_REDIRECT] [Fatal Error] :1:1: Premature end of file.
2026-09-28 00:08:27,524 [ERROR] LogOutputStream:75 - [STDERR_REDIRECT] 
2026-09-28 00:08:28,525 [ERROR] LogOutputStream:75 - [STDERR_REDIRECT] [Fatal Error] :1:1: Premature end of file.
2026-09-28 00:08:28,526 [ERROR] LogOutputStream:75 - [STDERR_REDIRECT] 
2026-09-28 00:08:29,526 [ERROR] LogOutputStream:75 - [STDERR_REDIRECT] [Fatal Error] :1:1: Premature end of file.
2026-09-28 00:08:29,526 [ERROR] LogOutputStream:75 - [STDERR_REDIRECT] 
2026-09-28 00:08:30,523 [ERROR] LogOutputStream:75 - [STDERR_REDIRECT] [Fatal Error] :1:1: Premature end of file.
2026-09-28 00:08:30,523 [ERROR] LogOutputStream:75 - [STDERR_REDIRECT] 
2026-09-28 00:08:31,523 [ERROR] LogOutputStream:75 - [STDERR_REDIRECT] [Fatal Error] :1:1: Premature end of file.
2026-09-28 00:08:31,523 [ERROR] LogOutputStream:75 - [STDERR_REDIRECT] 
2026-09-28 00:08:32,527 [ERROR] LogOutputStream:75 - [STDERR_REDIRECT] [Fatal Error] :1:1: Premature end of file.
2026-09-28 00:08:32,528 [ERROR] LogOutputStream:75 - [STDERR_REDIRECT] 
2026-09-28 00:08:33,525 [ERROR] LogOutputStream:75 - [STDERR_REDIRECT] [Fatal Error] :1:1: Premature end of file.
2026-09-28 00:08:33,526 [ERROR] LogOutputStream:75 - [STDERR_REDIRECT] 
2026-09-28 00:08:34,213 [INFO] MainUpdater:2873 - connection check result : 10
2026-09-28 00:08:34,213 [INFO] MainUpdater:2873 - connection check result : 10
2026-09-28 00:08:34,233 [INFO] MicroXplorer:468 - Change Database Path : 
2026-09-28 00:08:34,233 [INFO] MicroXplorer:498 - Change Database Version : DB.6.0.111
2026-09-28 00:08:34,241 [WARN] ThirdParty:871 - waiting for thirdparty lock release [close project]
2026-09-28 00:08:34,241 [INFO] ThirdParty:873 - entering critical section [close project]
2026-09-28 00:08:34,241 [INFO] ThirdParty:883 - exiting critical section [close project]
2026-09-28 00:08:34,245 [INFO] PinOutPanel:1561 - setPackage(No Configuration,No Configuration)
2026-09-28 00:08:34,248 [INFO] UtilMem:75 - Begin LoadConfig() Used Memory: 878284488 Bytes (1073741824)
2026-09-28 00:08:34,250 [INFO] MicroXplorer:468 - Change Database Path : 
2026-09-28 00:08:34,250 [INFO] MicroXplorer:498 - Change Database Version : DB.6.0.111
2026-09-28 00:08:34,250 [INFO] OpenFileManager:312 - Change cursor
2026-09-28 00:08:34,544 [ERROR] LogOutputStream:75 - [STDERR_REDIRECT] [Fatal Error] :1:1: Premature end of file.
2026-09-28 00:08:34,544 [ERROR] LogOutputStream:75 - [STDERR_REDIRECT] 
2026-09-28 00:08:34,547 [INFO] Mcu:2021 - Initializing MCU STM32F103C8Tx STM32F103C8Tx STM32F103C8T6
2026-09-28 00:08:35,478 [INFO] Context:663 - Trying to add GPIOservice into a context  which must be forbidden
2026-09-28 00:08:35,529 [ERROR] LogOutputStream:75 - [STDERR_REDIRECT] [Fatal Error] :1:1: Premature end of file.
2026-09-28 00:08:35,529 [ERROR] LogOutputStream:75 - [STDERR_REDIRECT] 
2026-09-28 00:08:35,688 [INFO] ImportTextPane:194 - (OptionalMessage_ERROR) Unable to find key (Mcu.ThirdPartyNb) in loaded IOC file
2026-09-28 00:08:35,689 [INFO] ImportTextPane:194 - (OptionalMessage_ERROR) Unable to find key (Mcu.PinsNb) in loaded IOC file
2026-09-28 00:08:35,689 [INFO] ImportTextPane:194 - (OptionalMessage_ERROR) Unable to find key (Mcu.IPNb) in loaded IOC file
2026-09-28 00:08:35,810 [INFO] RtosManager:555 - Registered RTOS mode: class=CMSIS, group=RTOS, mode=CMSIS_V1, owner=FREERTOS
2026-09-28 00:08:35,810 [INFO] RtosManager:555 - Registered RTOS mode: class=CMSIS, group=RTOS2, mode=CMSIS_V2, owner=FREERTOS
2026-09-28 00:08:35,810 [INFO] RtosManager:555 - Registered RTOS mode: class=RTOS, group=Core, mode=CMSIS_V1, owner=FREERTOS
2026-09-28 00:08:35,810 [INFO] RtosManager:555 - Registered RTOS mode: class=RTOS, group=Core, mode=CMSIS_V2, owner=FREERTOS
2026-09-28 00:08:35,810 [WARN] ModelIntegratedComponent:184 - Missing modes for component STMicroelectronics:FreeRTOS:0.0.1:STMicroelectronics:RTOS:FreeRTOS:Core:::10.2.0:
2026-09-28 00:08:35,860 [WARN] ModelIntegratedComponent:63 - No mode defined for component null
2026-09-28 00:08:35,860 [WARN] ModelIntegratedComponent:63 - No mode defined for component null
2026-09-28 00:08:35,860 [WARN] ModelIntegratedComponent:63 - No mode defined for component null
2026-09-28 00:08:35,861 [WARN] ModelIntegratedComponent:63 - No mode defined for component null
2026-09-28 00:08:35,861 [WARN] ModelIntegratedComponent:63 - No mode defined for component null
2026-09-28 00:08:35,861 [WARN] ModelIntegratedComponent:63 - No mode defined for component null
2026-09-28 00:08:35,861 [WARN] ModelIntegratedComponent:63 - No mode defined for component null
2026-09-28 00:08:35,861 [WARN] ModelIntegratedComponent:63 - No mode defined for component null
2026-09-28 00:08:35,861 [WARN] ModelIntegratedComponent:63 - No mode defined for component null
2026-09-28 00:08:35,861 [WARN] ModelIntegratedComponent:63 - No mode defined for component null
2026-09-28 00:08:35,861 [WARN] ModelIntegratedComponent:63 - No mode defined for component null
2026-09-28 00:08:35,861 [WARN] ModelIntegratedComponent:63 - No mode defined for component null
2026-09-28 00:08:35,861 [WARN] ModelIntegratedComponent:63 - No mode defined for component null
2026-09-28 00:08:35,861 [WARN] ModelIntegratedComponent:63 - No mode defined for component null
2026-09-28 00:08:35,861 [WARN] ModelIntegratedComponent:63 - No mode defined for component null
2026-09-28 00:08:35,861 [WARN] ModelIntegratedComponent:63 - No mode defined for component null
2026-09-28 00:08:35,861 [WARN] ModelIntegratedComponent:63 - No mode defined for component null
2026-09-28 00:08:35,861 [WARN] ModelIntegratedComponent:63 - No mode defined for component null
2026-09-28 00:08:35,861 [WARN] ModelIntegratedComponent:63 - No mode defined for component null
2026-09-28 00:08:35,861 [WARN] ModelIntegratedComponent:63 - No mode defined for component null
2026-09-28 00:08:35,861 [WARN] ModelIntegratedComponent:63 - No mode defined for component null
2026-09-28 00:08:35,861 [WARN] ModelIntegratedComponent:63 - No mode defined for component null
2026-09-28 00:08:35,861 [WARN] ModelIntegratedComponent:63 - No mode defined for component null
2026-09-28 00:08:35,861 [WARN] ModelIntegratedComponent:63 - No mode defined for component null
2026-09-28 00:08:35,861 [WARN] ModelIntegratedComponent:63 - No mode defined for component null
2026-09-28 00:08:35,861 [WARN] ModelIntegratedComponent:63 - No mode defined for component null
2026-09-28 00:08:35,862 [WARN] ModelIntegratedComponent:63 - No mode defined for component null
2026-09-28 00:08:35,862 [WARN] ModelIntegratedComponent:63 - No mode defined for component null
2026-09-28 00:08:35,862 [WARN] ModelIntegratedComponent:63 - No mode defined for component null
2026-09-28 00:08:35,862 [WARN] ModelIntegratedComponent:63 - No mode defined for component null
2026-09-28 00:08:35,862 [WARN] ModelIntegratedComponent:63 - No mode defined for component null
2026-09-28 00:08:35,862 [WARN] ModelIntegratedComponent:63 - No mode defined for component null
2026-09-28 00:08:35,862 [WARN] ModelIntegratedComponent:63 - No mode defined for component null
2026-09-28 00:08:35,862 [WARN] ModelIntegratedComponent:63 - No mode defined for component null
2026-09-28 00:08:36,000 [INFO] ThirdPartyModel:298 - Start build external matchings
2026-09-28 00:08:36,528 [ERROR] LogOutputStream:75 - [STDERR_REDIRECT] [Fatal Error] :1:1: Premature end of file.
2026-09-28 00:08:36,528 [ERROR] LogOutputStream:75 - [STDERR_REDIRECT] 
2026-09-28 00:08:37,101 [INFO] ThirdPartyModel:316 - End build external matchings
2026-09-28 00:08:37,340 [INFO] UtilMem:75 - End LoadConfig() Used Memory: 741985640 Bytes (1073741824)
2026-09-28 00:08:37,361 [WARN] ThirdParty:833 - waiting for thirdparty lock release [change project]
2026-09-28 00:08:37,362 [INFO] ThirdParty:835 - entering critical section [change project]
2026-09-28 00:08:37,362 [INFO] ThirdParty:1030 - CMSIS Pack Vendor :STMicroelectronics X-CUBE-AZRTOS-H7 3.5.0
2026-09-28 00:08:37,362 [INFO] ThirdParty:1030 - CMSIS Pack Vendor :STMicroelectronics X-CUBE-PM33A1 1.0.0
2026-09-28 00:08:37,362 [INFO] ThirdParty:1030 - CMSIS Pack Vendor :STMicroelectronics USBPD 4.1
2026-09-28 00:08:37,362 [INFO] ThirdParty:1030 - CMSIS Pack Vendor :STMicroelectronics X-CUBE-AZRTOS-H7 3.3.0
2026-09-28 00:08:37,362 [INFO] ThirdParty:1030 - CMSIS Pack Vendor :STMicroelectronics X-CUBE-NFC9 1.0.0
2026-09-28 00:08:37,362 [INFO] ThirdParty:1030 - CMSIS Pack Vendor :wolfSSL I-CUBE-wolfSSL 5.8.0
2026-09-28 00:08:37,362 [INFO] ThirdParty:1030 - CMSIS Pack Vendor :STMicroelectronics USB_HOST 2.0.0
2026-09-28 00:08:37,362 [INFO] ThirdParty:1030 - CMSIS Pack Vendor :STMicroelectronics FP-SNS-MOTENVWB1 1.4.0
2026-09-28 00:08:37,362 [INFO] ThirdParty:1030 - CMSIS Pack Vendor :STMicroelectronics FP-ATR-ASTRA1 2.0.3
2026-09-28 00:08:37,362 [INFO] ThirdParty:1030 - CMSIS Pack Vendor :STMicroelectronics X-CUBE-AZRTOS-F4 1.1.0
2026-09-28 00:08:37,362 [INFO] ThirdParty:1030 - CMSIS Pack Vendor :STMicroelectronics LIBJPEG 8.0.0
2026-09-28 00:08:37,362 [INFO] ThirdParty:1030 - CMSIS Pack Vendor :STMicroelectronics FP-ATR-ASTRA1 2.0.2
2026-09-28 00:08:37,362 [INFO] ThirdParty:1030 - CMSIS Pack Vendor :STMicroelectronics X-CUBE-BLE1 7.1.0
2026-09-28 00:08:37,362 [INFO] ThirdParty:1030 - CMSIS Pack Vendor :STMicroelectronics X-CUBE-SMBUS 2.1.0
2026-09-28 00:08:37,362 [INFO] ThirdParty:1030 - CMSIS Pack Vendor :wolfSSL I-CUBE-wolfMQTT 1.19.2
2026-09-28 00:08:37,362 [INFO] ThirdParty:1030 - CMSIS Pack Vendor :STMicroelectronics USB_DEVICE 3.0.0
2026-09-28 00:08:37,362 [INFO] ThirdParty:1030 - CMSIS Pack Vendor :STMicroelectronics X-CUBE-ISPU 2.1.0
2026-09-28 00:08:37,362 [INFO] ThirdParty:1030 - CMSIS Pack Vendor :STMicroelectronics X-CUBE-EEPRMA1 5.2.0
2026-09-28 00:08:37,362 [INFO] ThirdParty:1030 - CMSIS Pack Vendor :STMicroelectronics X-CUBE-AZRTOS-WB 2.0.0
2026-09-28 00:08:37,362 [INFO] ThirdParty:1030 - CMSIS Pack Vendor :STMicroelectronics X-CUBE-GNSS1 7.0.1
2026-09-28 00:08:37,362 [INFO] ThirdParty:1030 - CMSIS Pack Vendor :STMicroelectronics X-CUBE-NFC12 1.0.0
2026-09-28 00:08:37,362 [INFO] ThirdParty:1030 - CMSIS Pack Vendor :STMicroelectronics X-CUBE-AZRTOS-F7 1.1.0
2026-09-28 00:08:37,362 [INFO] ThirdParty:1030 - CMSIS Pack Vendor :STMicroelectronics X-CUBE-AZRTOS-L5 2.0.0
2026-09-28 00:08:37,362 [INFO] ThirdParty:1030 - CMSIS Pack Vendor :STMicroelectronics X-CUBE-TOUCHGFX 4.25.0
2026-09-28 00:08:37,362 [INFO] ThirdParty:1030 - CMSIS Pack Vendor :STMicroelectronics USB_DEVICE 2.0.0
2026-09-28 00:08:37,362 [INFO] ThirdParty:1030 - CMSIS Pack Vendor :STMicroelectronics X-CUBE-NFC6 3.1.0
2026-09-28 00:08:37,362 [INFO] ThirdParty:1030 - CMSIS Pack Vendor :STMicroelectronics X-CUBE-AI 10.1.0
2026-09-28 00:08:37,362 [INFO] ThirdParty:1030 - CMSIS Pack Vendor :STMicroelectronics FP-SNS-STBOX1 2.0.0
2026-09-28 00:08:37,362 [INFO] ThirdParty:1030 - CMSIS Pack Vendor :STMicroelectronics X-CUBE-MEMS1 12.0.0
2026-09-28 00:08:37,362 [INFO] ThirdParty:1030 - CMSIS Pack Vendor :STMicroelectronics X-CUBE-STSE01 2.0.0
2026-09-28 00:08:37,362 [INFO] ThirdParty:1030 - CMSIS Pack Vendor :STMicroelectronics X-CUBE-ALGOBUILD 1.5.0
2026-09-28 00:08:37,362 [INFO] ThirdParty:1030 - CMSIS Pack Vendor :STMicroelectronics FreeRTOS 0.0.1
2026-09-28 00:08:37,362 [INFO] ThirdParty:1030 - CMSIS Pack Vendor :STMicroelectronics X-CUBE-AZRTOS-H7RS 1.3.0
2026-09-28 00:08:37,362 [INFO] ThirdParty:1030 - CMSIS Pack Vendor :STMicroelectronics X-CUBE-AZRTOS-G0 1.1.0
2026-09-28 00:08:37,362 [INFO] ThirdParty:1030 - CMSIS Pack Vendor :STMicroelectronics X-CUBE-SAFEA1 1.2.2
2026-09-28 00:08:37,362 [INFO] ThirdParty:1030 - CMSIS Pack Vendor :STMicroelectronics X-CUBE-NFC4 3.0.0
2026-09-28 00:08:37,362 [INFO] ThirdParty:1030 - CMSIS Pack Vendor :STMicroelectronics X-CUBE-SUBG2 5.0.0
2026-09-28 00:08:37,362 [INFO] ThirdParty:1030 - CMSIS Pack Vendor :STMicroelectronics X-CUBE-AZRTOS-H7RS 1.1.0
2026-09-28 00:08:37,362 [INFO] ThirdParty:1030 - CMSIS Pack Vendor :STMicroelectronics STM32_WPAN 1.0.0
2026-09-28 00:08:37,363 [INFO] ThirdParty:1030 - CMSIS Pack Vendor :EmbeddedOffice I-CUBE-FS-RTOS 1.0.1
2026-09-28 00:08:37,363 [INFO] ThirdParty:1030 - CMSIS Pack Vendor :STMicroelectronics lwIP 2.0.3
2026-09-28 00:08:37,363 [INFO] ThirdParty:1030 - CMSIS Pack Vendor :STMicroelectronics X-CUBE-MEMS1 13.0.0
2026-09-28 00:08:37,363 [INFO] ThirdParty:1030 - CMSIS Pack Vendor :Cesanta I-CUBE-Mongoose 7.13.0
2026-09-28 00:08:37,363 [INFO] ThirdParty:1030 - CMSIS Pack Vendor :STMicroelectronics USB_HOST 1.0.0
2026-09-28 00:08:37,363 [INFO] ThirdParty:1030 - CMSIS Pack Vendor :Infineon AIROC-Wi-Fi-Bluetooth-STM32 1.7.0
2026-09-28 00:08:37,363 [INFO] ThirdParty:1030 - CMSIS Pack Vendor :STMicroelectronics X-CUBE-AZRTOS-G4 2.0.0
2026-09-28 00:08:37,363 [INFO] ThirdParty:1030 - CMSIS Pack Vendor :STMicroelectronics X-CUBE-WB05N 2.0.0
2026-09-28 00:08:37,363 [INFO] ThirdParty:1030 - CMSIS Pack Vendor :STMicroelectronics PDM2PCM 3.1.0
2026-09-28 00:08:37,363 [INFO] ThirdParty:1030 - CMSIS Pack Vendor :STMicroelectronics PDM2PCM 3.3.0
2026-09-28 00:08:37,363 [INFO] ThirdParty:1030 - CMSIS Pack Vendor :wolfSSL I-CUBE-wolfTPM 3.8.0
2026-09-28 00:08:37,363 [INFO] ThirdParty:1030 - CMSIS Pack Vendor :STMicroelectronics X-CUBE-AZRTOS-H7 3.4.0
2026-09-28 00:08:37,363 [INFO] ThirdParty:1030 - CMSIS Pack Vendor :STMicroelectronics X-CUBE-DISPLAY 3.0.0
2026-09-28 00:08:37,363 [INFO] ThirdParty:1030 - CMSIS Pack Vendor :wolfSSL I-CUBE-wolfSSH 1.4.20
2026-09-28 00:08:37,363 [INFO] ThirdParty:1030 - CMSIS Pack Vendor :STMicroelectronics X-CUBE-NFC7 2.0.0
2026-09-28 00:08:37,363 [INFO] ThirdParty:1030 - CMSIS Pack Vendor :STMicroelectronics X-CUBE-GNSS1 7.1.1
2026-09-28 00:08:37,363 [INFO] ThirdParty:1030 - CMSIS Pack Vendor :RealThread X-CUBE-RT-Thread_Nano 4.1.1
2026-09-28 00:08:37,363 [INFO] ThirdParty:1030 - CMSIS Pack Vendor :STMicroelectronics FP-ATR-SIGFOX1 3.2.0
2026-09-28 00:08:37,363 [INFO] ThirdParty:1030 - CMSIS Pack Vendor :STMicroelectronics X-CUBE-NFC10 1.0.0
2026-09-28 00:08:37,363 [INFO] ThirdParty:1030 - CMSIS Pack Vendor :STMicroelectronics X-CUBE-BLEMGR 4.0.0
2026-09-28 00:08:37,363 [INFO] ThirdParty:1030 - CMSIS Pack Vendor :STMicroelectronics X-CUBE-EEPRMA1 5.1.0
2026-09-28 00:08:37,363 [INFO] ThirdParty:1030 - CMSIS Pack Vendor :STMicroelectronics X-CUBE-FREERTOS 1.3.1
2026-09-28 00:08:37,363 [INFO] ThirdParty:1030 - CMSIS Pack Vendor :STMicroelectronics HAL Drivers 0.0.0
2026-09-28 00:08:37,363 [INFO] ThirdParty:1030 - CMSIS Pack Vendor :STMicroelectronics MBEDTLS 2.16.2
2026-09-28 00:08:37,363 [INFO] ThirdParty:1030 - CMSIS Pack Vendor :STMicroelectronics X-CUBE-ALS 1.0.2
2026-09-28 00:08:37,363 [INFO] ThirdParty:1030 - CMSIS Pack Vendor :emotas I-CUBE-CANOPEN 1.3.0
2026-09-28 00:08:37,363 [INFO] ThirdParty:1030 - CMSIS Pack Vendor :STMicroelectronics MBEDTLS 2.14.1
2026-09-28 00:08:37,363 [INFO] ThirdParty:1030 - CMSIS Pack Vendor :STMicroelectronics X-CUBE-GNSS1 7.1.0
2026-09-28 00:08:37,363 [INFO] ThirdParty:1030 - CMSIS Pack Vendor :ITTIA_DB I-CUBE-ITTIADB 8.9.0
2026-09-28 00:08:37,363 [INFO] ThirdParty:1030 - CMSIS Pack Vendor :STMicroelectronics X-CUBE-TOUCHGFX 4.26.0
2026-09-28 00:08:37,363 [INFO] ThirdParty:1030 - CMSIS Pack Vendor :STMicroelectronics X-CUBE-STSE01 1.0.0
2026-09-28 00:08:37,363 [INFO] ThirdParty:1030 - CMSIS Pack Vendor :STMicroelectronics X-CUBE-TOUCHGFX 4.26.1
2026-09-28 00:08:37,363 [INFO] ThirdParty:1030 - CMSIS Pack Vendor :portGmbH I-Cube-SoM-uGOAL 1.1.0
2026-09-28 00:08:37,363 [INFO] ThirdParty:1030 - CMSIS Pack Vendor :STMicroelectronics X-CUBE-NFC6 3.2.0
2026-09-28 00:08:37,363 [INFO] ThirdParty:1030 - CMSIS Pack Vendor :quantropi X-CUBE-qispace-sdk-base 2.0.0
2026-09-28 00:08:37,363 [INFO] ThirdParty:1030 - CMSIS Pack Vendor :STMicroelectronics X-CUBE-AI 10.2.1
2026-09-28 00:08:37,363 [INFO] ThirdParty:1030 - CMSIS Pack Vendor :STMicroelectronics X-CUBE-AI 10.2.0
2026-09-28 00:08:37,363 [INFO] ThirdParty:1030 - CMSIS Pack Vendor :STMicroelectronics ThreadX 1.0.0
2026-09-28 00:08:37,363 [INFO] ThirdParty:1030 - CMSIS Pack Vendor :STMicroelectronics FP-SNS-SMARTAG2 1.2.0
2026-09-28 00:08:37,363 [INFO] ThirdParty:1030 - CMSIS Pack Vendor :STMicroelectronics X-CUBE-MEMS1 12.1.0
2026-09-28 00:08:37,363 [INFO] ThirdParty:1030 - CMSIS Pack Vendor :STMicroelectronics X-CUBE-AZRTOS-WL 2.0.0
2026-09-28 00:08:37,363 [INFO] ThirdParty:1030 - CMSIS Pack Vendor :SEGGER I-CUBE-embOS 1.3.1
2026-09-28 00:08:37,363 [INFO] ThirdParty:1030 - CMSIS Pack Vendor :STMicroelectronics X-CUBE-ALGOBUILD 1.4.0
2026-09-28 00:08:37,363 [INFO] ThirdParty:1030 - CMSIS Pack Vendor :STMicroelectronics X-CUBE-DPower 1.3.0
2026-09-28 00:08:37,363 [INFO] ThirdParty:1030 - CMSIS Pack Vendor :STMicroelectronics X-CUBE-MEMS1 11.3.0
2026-09-28 00:08:37,363 [INFO] ThirdParty:1030 - CMSIS Pack Vendor :STMicroelectronics FP-SNS-MOTENV1 5.0.0
2026-09-28 00:08:37,363 [INFO] ThirdParty:1030 - CMSIS Pack Vendor :STMicroelectronics USB_DEVICE 1.0.0
2026-09-28 00:08:37,363 [INFO] ThirdParty:1030 - CMSIS Pack Vendor :STMicroelectronics X-CUBE-AZRTOS-H7RS 1.2.0
2026-09-28 00:08:37,363 [INFO] ThirdParty:1030 - CMSIS Pack Vendor :STMicroelectronics X-CUBE-AZRTOS-L4 2.0.0
2026-09-28 00:08:37,363 [INFO] ThirdParty:1030 - CMSIS Pack Vendor :STMicroelectronics ThreadX 0.0.2
2026-09-28 00:08:37,364 [INFO] ThirdParty:1030 - CMSIS Pack Vendor :WES I-CUBE-Cesium 1.3.0
2026-09-28 00:08:37,364 [INFO] ThirdParty:1030 - CMSIS Pack Vendor :STMicroelectronics lwIP 2.1.2
2026-09-28 00:08:37,364 [INFO] ThirdParty:1030 - CMSIS Pack Vendor :STMicroelectronics X-CUBE-SFXS2LP1 4.0.0
2026-09-28 00:08:37,364 [INFO] ThirdParty:1030 - CMSIS Pack Vendor :STMicroelectronics X-CUBE-BLE2 3.3.0
2026-09-28 00:08:37,364 [INFO] ThirdParty:1030 - CMSIS Pack Vendor :STMicroelectronics X-CUBE-NFC13 1.0.0
2026-09-28 00:08:37,364 [INFO] ThirdParty:1030 - CMSIS Pack Vendor :STMicroelectronics PDM2PCM 3.2.0
2026-09-28 00:08:37,364 [INFO] ThirdParty:1030 - CMSIS Pack Vendor :STMicroelectronics X-CUBE-WB05N 2.1.0
2026-09-28 00:08:37,364 [INFO] ThirdParty:841 - exiting critical section [change project]
2026-09-28 00:08:37,531 [ERROR] LogOutputStream:75 - [STDERR_REDIRECT] [Fatal Error] :1:1: Premature end of file.
2026-09-28 00:08:37,532 [ERROR] LogOutputStream:75 - [STDERR_REDIRECT] 
2026-09-28 00:08:37,619 [INFO] PinOutPanel:1561 - setPackage(No Configuration,No Configuration)
2026-09-28 00:08:37,621 [INFO] PinOutPanel:1561 - setPackage(STM32F103C8Tx,LQFP48)
2026-09-28 00:08:38,038 [INFO] UtilMem:75 - Before build in PCC Used Memory: 737184520 Bytes (1073741824)
2026-09-28 00:08:38,532 [ERROR] LogOutputStream:75 - [STDERR_REDIRECT] [Fatal Error] :1:1: Premature end of file.
2026-09-28 00:08:38,533 [ERROR] LogOutputStream:75 - [STDERR_REDIRECT] 
2026-09-28 00:08:39,067 [INFO] UtilMem:75 - After build in PCC Used Memory: 802603408 Bytes (1073741824)
2026-09-28 00:08:39,092 [INFO] IPUIPlugin:80 - create IPUIPlugin
2026-09-28 00:08:39,092 [INFO] IPUIPlugin:80 - create IPUIPlugin
2026-09-28 00:08:39,092 [INFO] IPUIPlugin:80 - create IPUIPlugin
2026-09-28 00:08:39,092 [INFO] IPUIPlugin:80 - create IPUIPlugin
2026-09-28 00:08:39,092 [INFO] IPUIPlugin:80 - create IPUIPlugin
2026-09-28 00:08:39,093 [INFO] IPUIPlugin:80 - create IPUIPlugin
2026-09-28 00:08:39,093 [INFO] IPUIPlugin:80 - create IPUIPlugin
2026-09-28 00:08:39,093 [INFO] IPUIPlugin:80 - create IPUIPlugin
2026-09-28 00:08:39,093 [INFO] IPUIPlugin:80 - create IPUIPlugin
2026-09-28 00:08:39,093 [INFO] IPUIPlugin:80 - create IPUIPlugin
2026-09-28 00:08:39,093 [INFO] IPUIPlugin:80 - create IPUIPlugin
2026-09-28 00:08:39,093 [INFO] IPUIPlugin:80 - create IPUIPlugin
2026-09-28 00:08:39,093 [INFO] IPUIPlugin:80 - create IPUIPlugin
2026-09-28 00:08:39,094 [INFO] IPUIPlugin:80 - create IPUIPlugin
2026-09-28 00:08:39,094 [INFO] IPUIPlugin:80 - create IPUIPlugin
2026-09-28 00:08:39,094 [INFO] IPUIPlugin:80 - create IPUIPlugin
2026-09-28 00:08:39,094 [INFO] IPUIPlugin:80 - create IPUIPlugin
2026-09-28 00:08:39,094 [INFO] IPUIPlugin:80 - create IPUIPlugin
2026-09-28 00:08:39,094 [INFO] IPUIPlugin:80 - create IPUIPlugin
2026-09-28 00:08:39,094 [INFO] IPUIPlugin:80 - create IPUIPlugin
2026-09-28 00:08:39,094 [INFO] IPUIPlugin:80 - create IPUIPlugin
2026-09-28 00:08:39,095 [INFO] IPUIPlugin:80 - create IPUIPlugin
2026-09-28 00:08:39,095 [INFO] IPUIPlugin:80 - create IPUIPlugin
2026-09-28 00:08:39,095 [INFO] IPUIPlugin:80 - create IPUIPlugin
2026-09-28 00:08:39,095 [INFO] IPUIPlugin:80 - create IPUIPlugin
2026-09-28 00:08:39,095 [INFO] IPUIPlugin:80 - create IPUIPlugin
2026-09-28 00:08:39,095 [INFO] IPUIPlugin:80 - create IPUIPlugin
2026-09-28 00:08:39,367 [INFO] CADModel:165 - CPN selected for project levelSTM32F103C8T6
2026-09-28 00:08:39,367 [INFO] CADModel:114 - Register for checkConnection events
2026-09-28 00:08:39,415 [INFO] OpenFileManager:343 - Restore cursor
2026-09-28 00:08:39,527 [ERROR] LogOutputStream:75 - [STDERR_REDIRECT] [Fatal Error] :1:1: Premature end of file.
2026-09-28 00:08:39,527 [ERROR] LogOutputStream:75 - [STDERR_REDIRECT] 
2026-09-28 00:08:40,522 [INFO] UtilMem:75 - End SaveConfig() Used Memory: 881440280 Bytes (1073741824)
2026-09-28 00:08:40,535 [ERROR] LogOutputStream:75 - [STDERR_REDIRECT] [Fatal Error] :1:1: Premature end of file.
2026-09-28 00:08:40,536 [ERROR] LogOutputStream:75 - [STDERR_REDIRECT] 
2026-09-28 00:08:40,572 [INFO] UtilMem:75 - End SaveConfig() Used Memory: 894707400 Bytes (1073741824)
2026-09-28 00:08:40,985 [INFO] BlockDiagram:2759 - set Specific Code input for plugin: NVIC
2026-09-28 00:08:40,986 [INFO] BlockDiagram:2759 - set Specific Code input for plugin: RCC
2026-09-28 00:08:40,987 [INFO] CodeGenerator:807 - code generatio: config db path: C:\ST\STM32CubeIDE_1.15.1\STM32CubeIDE\plugins\com.st.stm32cube.common.mx_6.11.1.202404110753\\db\
2026-09-28 00:08:41,102 [INFO] CodeEngine:255 - oldGeneratedFile, F:\STM32\STM32_PRATICE_TASKS\PUSH_BTN_INPUT_C8\MXTmpFiles\license.tmp_save
2026-09-28 00:08:41,518 [INFO] CodeEngine:279 - Generated code: F:\STM32\STM32_PRATICE_TASKS\PUSH_BTN_INPUT_C8\MXTmpFiles\license.tmp
2026-09-28 00:08:41,534 [ERROR] LogOutputStream:75 - [STDERR_REDIRECT] [Fatal Error] :1:1: Premature end of file.
2026-09-28 00:08:41,535 [ERROR] LogOutputStream:75 - [STDERR_REDIRECT] 
2026-09-28 00:08:41,538 [INFO] CodeEngine:255 - oldGeneratedFile, F:\STM32\STM32_PRATICE_TASKS\PUSH_BTN_INPUT_C8\Core\Src\stm32f1xx_it.c_save
2026-09-28 00:08:41,755 [INFO] CodeEngine:279 - Generated code: F:\STM32\STM32_PRATICE_TASKS\PUSH_BTN_INPUT_C8\Core\Src\stm32f1xx_it.c
2026-09-28 00:08:41,760 [INFO] CodeEngine:255 - oldGeneratedFile, F:\STM32\STM32_PRATICE_TASKS\PUSH_BTN_INPUT_C8\Core\Inc\stm32f1xx_it.h_save
2026-09-28 00:08:41,870 [INFO] CodeEngine:279 - Generated code: F:\STM32\STM32_PRATICE_TASKS\PUSH_BTN_INPUT_C8\Core\Inc\stm32f1xx_it.h
2026-09-28 00:08:42,163 [INFO] CodeEngine:255 - oldGeneratedFile, F:\STM32\STM32_PRATICE_TASKS\PUSH_BTN_INPUT_C8\Core\Src\stm32f1xx_hal_msp.c_save
2026-09-28 00:08:42,320 [INFO] CodeEngine:279 - Generated code: F:\STM32\STM32_PRATICE_TASKS\PUSH_BTN_INPUT_C8\Core\Src\stm32f1xx_hal_msp.c
2026-09-28 00:08:42,326 [INFO] CodeEngine:255 - oldGeneratedFile, F:\STM32\STM32_PRATICE_TASKS\PUSH_BTN_INPUT_C8\MXTmpFiles\system.tmp_save
2026-09-28 00:08:42,403 [INFO] CodeEngine:279 - Generated code: F:\STM32\STM32_PRATICE_TASKS\PUSH_BTN_INPUT_C8\MXTmpFiles\system.tmp
2026-09-28 00:08:42,414 [INFO] CodeEngine:311 - oldGeneratedFile, F:\STM32\STM32_PRATICE_TASKS\PUSH_BTN_INPUT_C8\Core\Inc\stm32f1xx_hal_conf.h_save
2026-09-28 00:08:42,533 [INFO] CodeEngine:335 - Generated code: F:\STM32\STM32_PRATICE_TASKS\PUSH_BTN_INPUT_C8\Core\Inc\stm32f1xx_hal_conf.h
2026-09-28 00:08:42,536 [ERROR] LogOutputStream:75 - [STDERR_REDIRECT] [Fatal Error] :1:1: Premature end of file.
2026-09-28 00:08:42,537 [ERROR] LogOutputStream:75 - [STDERR_REDIRECT] 
2026-09-28 00:08:42,584 [INFO] CodeEngine:255 - oldGeneratedFile, F:\STM32\STM32_PRATICE_TASKS\PUSH_BTN_INPUT_C8\Core\Inc\main.h_save
2026-09-28 00:08:42,720 [INFO] CodeEngine:279 - Generated code: F:\STM32\STM32_PRATICE_TASKS\PUSH_BTN_INPUT_C8\Core\Inc\main.h
2026-09-28 00:08:42,725 [INFO] CodeEngine:255 - oldGeneratedFile, F:\STM32\STM32_PRATICE_TASKS\PUSH_BTN_INPUT_C8\Core\Src\main.c_save
2026-09-28 00:08:42,881 [INFO] CodeEngine:279 - Generated code: F:\STM32\STM32_PRATICE_TASKS\PUSH_BTN_INPUT_C8\Core\Src\main.c
2026-09-28 00:08:43,249 [INFO] ProjectBuilder:3163 - Time for Copy HAL[1] : 200mS.
2026-09-28 00:08:43,255 [INFO] ProjectBuilder:4736 - Project Generator version: 4.3.0-B58
2026-09-28 00:08:43,327 [INFO] ConfigFileManager:1503 - The Die is : DIE410
2026-09-28 00:08:43,337 [INFO] ApiDbMcu:508 - Load IP Config File for FATFS
2026-09-28 00:08:43,344 [INFO] ApiDbMcu:508 - Load IP Config File for FREERTOS
2026-09-28 00:08:43,362 [INFO] ApiDbMcu:508 - Load IP Config File for USB_DEVICE
2026-09-28 00:08:43,526 [ERROR] LogOutputStream:75 - [STDERR_REDIRECT] [Fatal Error] :1:1: Premature end of file.
2026-09-28 00:08:43,526 [ERROR] LogOutputStream:75 - [STDERR_REDIRECT] 
2026-09-28 00:08:43,700 [INFO] LogOutputStream:77 - [STDOUT_REDIRECT] 
2026-09-28 00:08:44,525 [ERROR] LogOutputStream:75 - [STDERR_REDIRECT] [Fatal Error] :1:1: Premature end of file.
2026-09-28 00:08:44,525 [ERROR] LogOutputStream:75 - [STDERR_REDIRECT] 
2026-09-28 00:08:45,417 [INFO] ProjectBuilder:5002 - Time for Generating toolchain IDE Files: 2161mS.
2026-09-28 00:08:45,418 [INFO] ProjectBuilder:3034 - Time for Copy CMSIS : 1mS.
2026-09-28 00:08:45,419 [INFO] ProjectBuilder:3034 - Time for Copy CMSIS : 0mS.
2026-09-28 00:08:45,534 [ERROR] LogOutputStream:75 - [STDERR_REDIRECT] [Fatal Error] :1:1: Premature end of file.
2026-09-28 00:08:45,535 [ERROR] LogOutputStream:75 - [STDERR_REDIRECT] 
2026-09-28 00:08:46,341 [INFO] McuFinderGlobals:76 - Set McuFinderConnectedMode to true
2026-09-28 00:08:46,344 [INFO] ApiDb:448 - Save user favorites file C:\Users\robor/.stm32cubeide/favorites.mcus.txt: 2 item(s)
2026-09-28 00:08:46,345 [INFO] ApiDb:452 - User favorites MCUs=[STM32F103C6T6A, STM32F103C8T6]
2026-09-28 00:08:46,635 [ERROR] LogOutputStream:75 - [STDERR_REDIRECT] [Fatal Error] :1:1: Premature end of file.
2026-09-28 00:08:46,637 [ERROR] LogOutputStream:75 - [STDERR_REDIRECT] 
2026-09-28 00:08:47,537 [ERROR] LogOutputStream:75 - [STDERR_REDIRECT] [Fatal Error] :1:1: Premature end of file.
2026-09-28 00:08:47,538 [ERROR] LogOutputStream:75 - [STDERR_REDIRECT] 
2026-09-28 00:08:48,524 [ERROR] LogOutputStream:75 - [STDERR_REDIRECT] [Fatal Error] :1:1: Premature end of file.
2026-09-28 00:08:48,524 [ERROR] LogOutputStream:75 - [STDERR_REDIRECT] 
2026-09-28 00:08:49,524 [ERROR] LogOutputStream:75 - [STDERR_REDIRECT] [Fatal Error] :1:1: Premature end of file.
2026-09-28 00:08:49,524 [ERROR] LogOutputStream:75 - [STDERR_REDIRECT] 
2026-09-28 00:08:50,524 [ERROR] LogOutputStream:75 - [STDERR_REDIRECT] [Fatal Error] :1:1: Premature end of file.
2026-09-28 00:08:50,524 [ERROR] LogOutputStream:75 - [STDERR_REDIRECT] 
2026-09-28 00:08:51,524 [ERROR] LogOutputStream:75 - [STDERR_REDIRECT] [Fatal Error] :1:1: Premature end of file.
2026-09-28 00:08:51,524 [ERROR] LogOutputStream:75 - [STDERR_REDIRECT] 
2026-09-28 00:08:52,525 [ERROR] LogOutputStream:75 - [STDERR_REDIRECT] [Fatal Error] :1:1: Premature end of file.
2026-09-28 00:08:52,525 [ERROR] LogOutputStream:75 - [STDERR_REDIRECT] 
2026-09-28 00:08:53,525 [ERROR] LogOutputStream:75 - [STDERR_REDIRECT] [Fatal Error] :1:1: Premature end of file.
2026-09-28 00:08:53,525 [ERROR] LogOutputStream:75 - [STDERR_REDIRECT] 
2026-09-28 00:08:54,525 [ERROR] LogOutputStream:75 - [STDERR_REDIRECT] [Fatal Error] :1:1: Premature end of file.
2026-09-28 00:08:54,525 [ERROR] LogOutputStream:75 - [STDERR_REDIRECT] 
2026-09-28 00:08:55,525 [ERROR] LogOutputStream:75 - [STDERR_REDIRECT] [Fatal Error] :1:1: Premature end of file.
2026-09-28 00:08:55,525 [ERROR] LogOutputStream:75 - [STDERR_REDIRECT] 
2026-09-28 00:08:56,524 [ERROR] LogOutputStream:75 - [STDERR_REDIRECT] [Fatal Error] :1:1: Premature end of file.
2026-09-28 00:08:56,524 [ERROR] LogOutputStream:75 - [STDERR_REDIRECT] 
2026-09-28 00:08:57,525 [ERROR] LogOutputStream:75 - [STDERR_REDIRECT] [Fatal Error] :1:1: Premature end of file.
2026-09-28 00:08:57,525 [ERROR] LogOutputStream:75 - [STDERR_REDIRECT] 
2026-09-28 00:08:58,526 [ERROR] LogOutputStream:75 - [STDERR_REDIRECT] [Fatal Error] :1:1: Premature end of file.
2026-09-28 00:08:58,526 [ERROR] LogOutputStream:75 - [STDERR_REDIRECT] 
2026-09-28 00:08:59,524 [ERROR] LogOutputStream:75 - [STDERR_REDIRECT] [Fatal Error] :1:1: Premature end of file.
2026-09-28 00:08:59,524 [ERROR] LogOutputStream:75 - [STDERR_REDIRECT] 
2026-09-28 00:09:00,525 [ERROR] LogOutputStream:75 - [STDERR_REDIRECT] [Fatal Error] :1:1: Premature end of file.
2026-09-28 00:09:00,525 [ERROR] LogOutputStream:75 - [STDERR_REDIRECT] 
2026-09-28 00:09:01,526 [ERROR] LogOutputStream:75 - [STDERR_REDIRECT] [Fatal Error] :1:1: Premature end of file.
2026-09-28 00:09:01,526 [ERROR] LogOutputStream:75 - [STDERR_REDIRECT] 
2026-09-28 00:09:02,524 [ERROR] LogOutputStream:75 - [STDERR_REDIRECT] [Fatal Error] :1:1: Premature end of file.
2026-09-28 00:09:02,524 [ERROR] LogOutputStream:75 - [STDERR_REDIRECT] 
2026-09-28 00:09:03,525 [ERROR] LogOutputStream:75 - [STDERR_REDIRECT] [Fatal Error] :1:1: Premature end of file.
2026-09-28 00:09:03,525 [ERROR] LogOutputStream:75 - [STDERR_REDIRECT] 
2026-09-28 00:09:04,524 [ERROR] LogOutputStream:75 - [STDERR_REDIRECT] [Fatal Error] :1:1: Premature end of file.
2026-09-28 00:09:04,524 [ERROR] LogOutputStream:75 - [STDERR_REDIRECT] 
2026-09-28 00:09:05,525 [ERROR] LogOutputStream:75 - [STDERR_REDIRECT] [Fatal Error] :1:1: Premature end of file.
2026-09-28 00:09:05,525 [ERROR] LogOutputStream:75 - [STDERR_REDIRECT] 
2026-09-28 00:09:06,523 [ERROR] LogOutputStream:75 - [STDERR_REDIRECT] [Fatal Error] :1:1: Premature end of file.
2026-09-28 00:09:06,524 [ERROR] LogOutputStream:75 - [STDERR_REDIRECT] 
2026-09-28 00:09:07,525 [ERROR] LogOutputStream:75 - [STDERR_REDIRECT] [Fatal Error] :1:1: Premature end of file.
2026-09-28 00:09:07,525 [ERROR] LogOutputStream:75 - [STDERR_REDIRECT] 
2026-09-28 00:09:08,521 [ERROR] LogOutputStream:75 - [STDERR_REDIRECT] [Fatal Error] :1:1: Premature end of file.
2026-09-28 00:09:08,521 [ERROR] LogOutputStream:75 - [STDERR_REDIRECT] 
2026-09-28 00:09:09,525 [ERROR] LogOutputStream:75 - [STDERR_REDIRECT] [Fatal Error] :1:1: Premature end of file.
2026-09-28 00:09:09,525 [ERROR] LogOutputStream:75 - [STDERR_REDIRECT] 
2026-09-28 00:09:10,526 [ERROR] LogOutputStream:75 - [STDERR_REDIRECT] [Fatal Error] :1:1: Premature end of file.
2026-09-28 00:09:10,526 [ERROR] LogOutputStream:75 - [STDERR_REDIRECT] 
2026-09-28 00:09:11,524 [ERROR] LogOutputStream:75 - [STDERR_REDIRECT] [Fatal Error] :1:1: Premature end of file.
2026-09-28 00:09:11,524 [ERROR] LogOutputStream:75 - [STDERR_REDIRECT] 
2026-09-28 00:09:12,524 [ERROR] LogOutputStream:75 - [STDERR_REDIRECT] [Fatal Error] :1:1: Premature end of file.
2026-09-28 00:09:12,524 [ERROR] LogOutputStream:75 - [STDERR_REDIRECT] 
2026-09-28 00:09:13,525 [ERROR] LogOutputStream:75 - [STDERR_REDIRECT] [Fatal Error] :1:1: Premature end of file.
2026-09-28 00:09:13,525 [ERROR] LogOutputStream:75 - [STDERR_REDIRECT] 
2026-09-28 00:09:14,524 [ERROR] LogOutputStream:75 - [STDERR_REDIRECT] [Fatal Error] :1:1: Premature end of file.
2026-09-28 00:09:14,524 [ERROR] LogOutputStream:75 - [STDERR_REDIRECT] 
2026-09-28 00:09:15,525 [ERROR] LogOutputStream:75 - [STDERR_REDIRECT] [Fatal Error] :1:1: Premature end of file.
2026-09-28 00:09:15,525 [ERROR] LogOutputStream:75 - [STDERR_REDIRECT] 
2026-09-28 00:09:16,524 [ERROR] LogOutputStream:75 - [STDERR_REDIRECT] [Fatal Error] :1:1: Premature end of file.
2026-09-28 00:09:16,524 [ERROR] LogOutputStream:75 - [STDERR_REDIRECT] 
2026-09-28 00:09:17,525 [ERROR] LogOutputStream:75 - [STDERR_REDIRECT] [Fatal Error] :1:1: Premature end of file.
2026-09-28 00:09:17,526 [ERROR] LogOutputStream:75 - [STDERR_REDIRECT] 
2026-09-28 00:09:18,525 [ERROR] LogOutputStream:75 - [STDERR_REDIRECT] [Fatal Error] :1:1: Premature end of file.
2026-09-28 00:09:18,525 [ERROR] LogOutputStream:75 - [STDERR_REDIRECT] 
2026-09-28 00:09:19,526 [ERROR] LogOutputStream:75 - [STDERR_REDIRECT] [Fatal Error] :1:1: Premature end of file.
2026-09-28 00:09:19,527 [ERROR] LogOutputStream:75 - [STDERR_REDIRECT] 
2026-09-28 00:09:20,525 [ERROR] LogOutputStream:75 - [STDERR_REDIRECT] [Fatal Error] :1:1: Premature end of file.
2026-09-28 00:09:20,525 [ERROR] LogOutputStream:75 - [STDERR_REDIRECT] 
2026-09-28 00:09:21,525 [ERROR] LogOutputStream:75 - [STDERR_REDIRECT] [Fatal Error] :1:1: Premature end of file.
2026-09-28 00:09:21,525 [ERROR] LogOutputStream:75 - [STDERR_REDIRECT] 
2026-09-28 00:09:22,523 [ERROR] LogOutputStream:75 - [STDERR_REDIRECT] [Fatal Error] :1:1: Premature end of file.
2026-09-28 00:09:22,524 [ERROR] LogOutputStream:75 - [STDERR_REDIRECT] 
2026-09-28 00:09:23,527 [ERROR] LogOutputStream:75 - [STDERR_REDIRECT] [Fatal Error] :1:1: Premature end of file.
2026-09-28 00:09:23,527 [ERROR] LogOutputStream:75 - [STDERR_REDIRECT] 
2026-09-28 00:09:24,523 [ERROR] LogOutputStream:75 - [STDERR_REDIRECT] [Fatal Error] :1:1: Premature end of file.
2026-09-28 00:09:24,523 [ERROR] LogOutputStream:75 - [STDERR_REDIRECT] 
2026-09-28 00:09:25,524 [ERROR] LogOutputStream:75 - [STDERR_REDIRECT] [Fatal Error] :1:1: Premature end of file.
2026-09-28 00:09:25,525 [ERROR] LogOutputStream:75 - [STDERR_REDIRECT] 
2026-09-28 00:09:26,524 [ERROR] LogOutputStream:75 - [STDERR_REDIRECT] [Fatal Error] :1:1: Premature end of file.
2026-09-28 00:09:26,524 [ERROR] LogOutputStream:75 - [STDERR_REDIRECT] 
2026-09-28 00:09:27,524 [ERROR] LogOutputStream:75 - [STDERR_REDIRECT] [Fatal Error] :1:1: Premature end of file.
2026-09-28 00:09:27,524 [ERROR] LogOutputStream:75 - [STDERR_REDIRECT] 
2026-09-28 00:09:28,523 [ERROR] LogOutputStream:75 - [STDERR_REDIRECT] [Fatal Error] :1:1: Premature end of file.
2026-09-28 00:09:28,523 [ERROR] LogOutputStream:75 - [STDERR_REDIRECT] 
2026-09-28 00:09:29,524 [ERROR] LogOutputStream:75 - [STDERR_REDIRECT] [Fatal Error] :1:1: Premature end of file.
2026-09-28 00:09:29,525 [ERROR] LogOutputStream:75 - [STDERR_REDIRECT] 
2026-09-28 00:09:30,524 [ERROR] LogOutputStream:75 - [STDERR_REDIRECT] [Fatal Error] :1:1: Premature end of file.
2026-09-28 00:09:30,525 [ERROR] LogOutputStream:75 - [STDERR_REDIRECT] 
2026-09-28 00:09:31,523 [ERROR] LogOutputStream:75 - [STDERR_REDIRECT] [Fatal Error] :1:1: Premature end of file.
2026-09-28 00:09:31,523 [ERROR] LogOutputStream:75 - [STDERR_REDIRECT] 
2026-09-28 00:09:32,523 [ERROR] LogOutputStream:75 - [STDERR_REDIRECT] [Fatal Error] :1:1: Premature end of file.
2026-09-28 00:09:32,523 [ERROR] LogOutputStream:75 - [STDERR_REDIRECT] 
2026-09-28 00:09:33,524 [ERROR] LogOutputStream:75 - [STDERR_REDIRECT] [Fatal Error] :1:1: Premature end of file.
2026-09-28 00:09:33,524 [ERROR] LogOutputStream:75 - [STDERR_REDIRECT] 
2026-09-28 00:09:34,525 [ERROR] LogOutputStream:75 - [STDERR_REDIRECT] [Fatal Error] :1:1: Premature end of file.
2026-09-28 00:09:34,526 [ERROR] LogOutputStream:75 - [STDERR_REDIRECT] 
2026-09-28 00:09:35,523 [ERROR] LogOutputStream:75 - [STDERR_REDIRECT] [Fatal Error] :1:1: Premature end of file.
2026-09-28 00:09:35,523 [ERROR] LogOutputStream:75 - [STDERR_REDIRECT] 
2026-09-28 00:09:36,523 [ERROR] LogOutputStream:75 - [STDERR_REDIRECT] [Fatal Error] :1:1: Premature end of file.
2026-09-28 00:09:36,523 [ERROR] LogOutputStream:75 - [STDERR_REDIRECT] 
2026-09-28 00:09:37,524 [ERROR] LogOutputStream:75 - [STDERR_REDIRECT] [Fatal Error] :1:1: Premature end of file.
2026-09-28 00:09:37,525 [ERROR] LogOutputStream:75 - [STDERR_REDIRECT] 
2026-09-28 00:09:38,524 [ERROR] LogOutputStream:75 - [STDERR_REDIRECT] [Fatal Error] :1:1: Premature end of file.
2026-09-28 00:09:38,524 [ERROR] LogOutputStream:75 - [STDERR_REDIRECT] 
2026-09-28 00:09:39,524 [ERROR] LogOutputStream:75 - [STDERR_REDIRECT] [Fatal Error] :1:1: Premature end of file.
2026-09-28 00:09:39,525 [ERROR] LogOutputStream:75 - [STDERR_REDIRECT] 
2026-09-28 00:09:40,523 [ERROR] LogOutputStream:75 - [STDERR_REDIRECT] [Fatal Error] :1:1: Premature end of file.
2026-09-28 00:09:40,523 [ERROR] LogOutputStream:75 - [STDERR_REDIRECT] 
2026-09-28 00:09:41,524 [ERROR] LogOutputStream:75 - [STDERR_REDIRECT] [Fatal Error] :1:1: Premature end of file.
2026-09-28 00:09:41,524 [ERROR] LogOutputStream:75 - [STDERR_REDIRECT] 
2026-09-28 00:09:42,524 [ERROR] LogOutputStream:75 - [STDERR_REDIRECT] [Fatal Error] :1:1: Premature end of file.
2026-09-28 00:09:42,524 [ERROR] LogOutputStream:75 - [STDERR_REDIRECT] 
2026-09-28 00:09:43,523 [ERROR] LogOutputStream:75 - [STDERR_REDIRECT] [Fatal Error] :1:1: Premature end of file.
2026-09-28 00:09:43,524 [ERROR] LogOutputStream:75 - [STDERR_REDIRECT] 
2026-09-28 00:09:44,524 [ERROR] LogOutputStream:75 - [STDERR_REDIRECT] [Fatal Error] :1:1: Premature end of file.
2026-09-28 00:09:44,524 [ERROR] LogOutputStream:75 - [STDERR_REDIRECT] 
2026-09-28 00:09:45,524 [ERROR] LogOutputStream:75 - [STDERR_REDIRECT] [Fatal Error] :1:1: Premature end of file.
2026-09-28 00:09:45,524 [ERROR] LogOutputStream:75 - [STDERR_REDIRECT] 
2026-09-28 00:09:46,525 [ERROR] LogOutputStream:75 - [STDERR_REDIRECT] [Fatal Error] :1:1: Premature end of file.
2026-09-28 00:09:46,525 [ERROR] LogOutputStream:75 - [STDERR_REDIRECT] 
2026-09-28 00:09:47,525 [ERROR] LogOutputStream:75 - [STDERR_REDIRECT] [Fatal Error] :1:1: Premature end of file.
2026-09-28 00:09:47,525 [ERROR] LogOutputStream:75 - [STDERR_REDIRECT] 
2026-09-28 00:09:48,525 [ERROR] LogOutputStream:75 - [STDERR_REDIRECT] [Fatal Error] :1:1: Premature end of file.
2026-09-28 00:09:48,525 [ERROR] LogOutputStream:75 - [STDERR_REDIRECT] 
2026-09-28 00:09:49,528 [ERROR] LogOutputStream:75 - [STDERR_REDIRECT] [Fatal Error] :1:1: Premature end of file.
2026-09-28 00:09:49,528 [ERROR] LogOutputStream:75 - [STDERR_REDIRECT] 
2026-09-28 00:09:50,525 [ERROR] LogOutputStream:75 - [STDERR_REDIRECT] [Fatal Error] :1:1: Premature end of file.
2026-09-28 00:09:50,525 [ERROR] LogOutputStream:75 - [STDERR_REDIRECT] 
2026-09-28 00:09:51,524 [ERROR] LogOutputStream:75 - [STDERR_REDIRECT] [Fatal Error] :1:1: Premature end of file.
2026-09-28 00:09:51,524 [ERROR] LogOutputStream:75 - [STDERR_REDIRECT] 
2026-09-28 00:09:52,524 [ERROR] LogOutputStream:75 - [STDERR_REDIRECT] [Fatal Error] :1:1: Premature end of file.
2026-09-28 00:09:52,524 [ERROR] LogOutputStream:75 - [STDERR_REDIRECT] 
2026-09-28 00:09:53,529 [ERROR] LogOutputStream:75 - [STDERR_REDIRECT] [Fatal Error] :1:1: Premature end of file.
2026-09-28 00:09:53,530 [ERROR] LogOutputStream:75 - [STDERR_REDIRECT] 
2026-09-28 00:09:54,525 [ERROR] LogOutputStream:75 - [STDERR_REDIRECT] [Fatal Error] :1:1: Premature end of file.
2026-09-28 00:09:54,525 [ERROR] LogOutputStream:75 - [STDERR_REDIRECT] 
2026-09-28 00:09:55,523 [ERROR] LogOutputStream:75 - [STDERR_REDIRECT] [Fatal Error] :1:1: Premature end of file.
2026-09-28 00:09:55,523 [ERROR] LogOutputStream:75 - [STDERR_REDIRECT] 
2026-09-28 00:09:56,524 [ERROR] LogOutputStream:75 - [STDERR_REDIRECT] [Fatal Error] :1:1: Premature end of file.
2026-09-28 00:09:56,525 [ERROR] LogOutputStream:75 - [STDERR_REDIRECT] 
2026-09-28 00:09:57,524 [ERROR] LogOutputStream:75 - [STDERR_REDIRECT] [Fatal Error] :1:1: Premature end of file.
2026-09-28 00:09:57,524 [ERROR] LogOutputStream:75 - [STDERR_REDIRECT] 
2026-09-28 00:09:58,525 [ERROR] LogOutputStream:75 - [STDERR_REDIRECT] [Fatal Error] :1:1: Premature end of file.
2026-09-28 00:09:58,525 [ERROR] LogOutputStream:75 - [STDERR_REDIRECT] 
2026-09-28 00:09:59,523 [ERROR] LogOutputStream:75 - [STDERR_REDIRECT] [Fatal Error] :1:1: Premature end of file.
2026-09-28 00:09:59,523 [ERROR] LogOutputStream:75 - [STDERR_REDIRECT] 
2026-09-28 00:10:00,525 [ERROR] LogOutputStream:75 - [STDERR_REDIRECT] [Fatal Error] :1:1: Premature end of file.
2026-09-28 00:10:00,525 [ERROR] LogOutputStream:75 - [STDERR_REDIRECT] 
2026-09-28 00:10:01,523 [ERROR] LogOutputStream:75 - [STDERR_REDIRECT] [Fatal Error] :1:1: Premature end of file.
2026-09-28 00:10:01,523 [ERROR] LogOutputStream:75 - [STDERR_REDIRECT] 
2026-09-28 00:10:02,524 [ERROR] LogOutputStream:75 - [STDERR_REDIRECT] [Fatal Error] :1:1: Premature end of file.
2026-09-28 00:10:02,524 [ERROR] LogOutputStream:75 - [STDERR_REDIRECT] 
2026-09-28 00:10:03,525 [ERROR] LogOutputStream:75 - [STDERR_REDIRECT] [Fatal Error] :1:1: Premature end of file.
2026-09-28 00:10:03,525 [ERROR] LogOutputStream:75 - [STDERR_REDIRECT] 
2026-09-28 00:10:04,524 [ERROR] LogOutputStream:75 - [STDERR_REDIRECT] [Fatal Error] :1:1: Premature end of file.
2026-09-28 00:10:04,524 [ERROR] LogOutputStream:75 - [STDERR_REDIRECT] 
2026-09-28 00:10:05,523 [ERROR] LogOutputStream:75 - [STDERR_REDIRECT] [Fatal Error] :1:1: Premature end of file.
2026-09-28 00:10:05,523 [ERROR] LogOutputStream:75 - [STDERR_REDIRECT] 
2026-09-28 00:10:06,523 [ERROR] LogOutputStream:75 - [STDERR_REDIRECT] [Fatal Error] :1:1: Premature end of file.
2026-09-28 00:10:06,523 [ERROR] LogOutputStream:75 - [STDERR_REDIRECT] 
2026-09-28 00:10:07,524 [ERROR] LogOutputStream:75 - [STDERR_REDIRECT] [Fatal Error] :1:1: Premature end of file.
2026-09-28 00:10:07,524 [ERROR] LogOutputStream:75 - [STDERR_REDIRECT] 
2026-09-28 00:10:08,524 [ERROR] LogOutputStream:75 - [STDERR_REDIRECT] [Fatal Error] :1:1: Premature end of file.
2026-09-28 00:10:08,524 [ERROR] LogOutputStream:75 - [STDERR_REDIRECT] 
2026-09-28 00:10:09,524 [ERROR] LogOutputStream:75 - [STDERR_REDIRECT] [Fatal Error] :1:1: Premature end of file.
2026-09-28 00:10:09,524 [ERROR] LogOutputStream:75 - [STDERR_REDIRECT] 
2026-09-28 00:10:10,523 [ERROR] LogOutputStream:75 - [STDERR_REDIRECT] [Fatal Error] :1:1: Premature end of file.
2026-09-28 00:10:10,523 [ERROR] LogOutputStream:75 - [STDERR_REDIRECT] 
2026-09-28 00:10:11,524 [ERROR] LogOutputStream:75 - [STDERR_REDIRECT] [Fatal Error] :1:1: Premature end of file.
2026-09-28 00:10:11,524 [ERROR] LogOutputStream:75 - [STDERR_REDIRECT] 
2026-09-28 00:10:12,523 [ERROR] LogOutputStream:75 - [STDERR_REDIRECT] [Fatal Error] :1:1: Premature end of file.
2026-09-28 00:10:12,523 [ERROR] LogOutputStream:75 - [STDERR_REDIRECT] 
2026-09-28 00:10:13,523 [ERROR] LogOutputStream:75 - [STDERR_REDIRECT] [Fatal Error] :1:1: Premature end of file.
2026-09-28 00:10:13,523 [ERROR] LogOutputStream:75 - [STDERR_REDIRECT] 
2026-09-28 00:10:14,524 [ERROR] LogOutputStream:75 - [STDERR_REDIRECT] [Fatal Error] :1:1: Premature end of file.
2026-09-28 00:10:14,524 [ERROR] LogOutputStream:75 - [STDERR_REDIRECT] 
2026-09-28 00:10:15,524 [ERROR] LogOutputStream:75 - [STDERR_REDIRECT] [Fatal Error] :1:1: Premature end of file.
2026-09-28 00:10:15,524 [ERROR] LogOutputStream:75 - [STDERR_REDIRECT] 
2026-09-28 00:10:16,524 [ERROR] LogOutputStream:75 - [STDERR_REDIRECT] [Fatal Error] :1:1: Premature end of file.
2026-09-28 00:10:16,524 [ERROR] LogOutputStream:75 - [STDERR_REDIRECT] 
2026-09-28 00:10:17,523 [ERROR] LogOutputStream:75 - [STDERR_REDIRECT] [Fatal Error] :1:1: Premature end of file.
2026-09-28 00:10:17,524 [ERROR] LogOutputStream:75 - [STDERR_REDIRECT] 
2026-09-28 00:10:18,524 [ERROR] LogOutputStream:75 - [STDERR_REDIRECT] [Fatal Error] :1:1: Premature end of file.
2026-09-28 00:10:18,524 [ERROR] LogOutputStream:75 - [STDERR_REDIRECT] 
2026-09-28 00:10:19,524 [ERROR] LogOutputStream:75 - [STDERR_REDIRECT] [Fatal Error] :1:1: Premature end of file.
2026-09-28 00:10:19,524 [ERROR] LogOutputStream:75 - [STDERR_REDIRECT] 
2026-09-28 00:10:20,524 [ERROR] LogOutputStream:75 - [STDERR_REDIRECT] [Fatal Error] :1:1: Premature end of file.
2026-09-28 00:10:20,524 [ERROR] LogOutputStream:75 - [STDERR_REDIRECT] 
2026-09-28 00:10:21,524 [ERROR] LogOutputStream:75 - [STDERR_REDIRECT] [Fatal Error] :1:1: Premature end of file.
2026-09-28 00:10:21,524 [ERROR] LogOutputStream:75 - [STDERR_REDIRECT] 
2026-09-28 00:10:22,525 [ERROR] LogOutputStream:75 - [STDERR_REDIRECT] [Fatal Error] :1:1: Premature end of file.
2026-09-28 00:10:22,525 [ERROR] LogOutputStream:75 - [STDERR_REDIRECT] 
2026-09-28 00:10:23,523 [ERROR] LogOutputStream:75 - [STDERR_REDIRECT] [Fatal Error] :1:1: Premature end of file.
2026-09-28 00:10:23,523 [ERROR] LogOutputStream:75 - [STDERR_REDIRECT] 
2026-09-28 00:10:24,524 [ERROR] LogOutputStream:75 - [STDERR_REDIRECT] [Fatal Error] :1:1: Premature end of file.
2026-09-28 00:10:24,524 [ERROR] LogOutputStream:75 - [STDERR_REDIRECT] 
2026-09-28 00:10:25,526 [ERROR] LogOutputStream:75 - [STDERR_REDIRECT] [Fatal Error] :1:1: Premature end of file.
2026-09-28 00:10:25,526 [ERROR] LogOutputStream:75 - [STDERR_REDIRECT] 
2026-09-28 00:10:26,523 [ERROR] LogOutputStream:75 - [STDERR_REDIRECT] [Fatal Error] :1:1: Premature end of file.
2026-09-28 00:10:26,523 [ERROR] LogOutputStream:75 - [STDERR_REDIRECT] 
2026-09-28 00:10:27,525 [ERROR] LogOutputStream:75 - [STDERR_REDIRECT] [Fatal Error] :1:1: Premature end of file.
2026-09-28 00:10:27,525 [ERROR] LogOutputStream:75 - [STDERR_REDIRECT] 
2026-09-28 00:10:28,523 [ERROR] LogOutputStream:75 - [STDERR_REDIRECT] [Fatal Error] :1:1: Premature end of file.
2026-09-28 00:10:28,524 [ERROR] LogOutputStream:75 - [STDERR_REDIRECT] 
2026-09-28 00:10:29,524 [ERROR] LogOutputStream:75 - [STDERR_REDIRECT] [Fatal Error] :1:1: Premature end of file.
2026-09-28 00:10:29,524 [ERROR] LogOutputStream:75 - [STDERR_REDIRECT] 
2026-09-28 00:10:30,523 [ERROR] LogOutputStream:75 - [STDERR_REDIRECT] [Fatal Error] :1:1: Premature end of file.
2026-09-28 00:10:30,523 [ERROR] LogOutputStream:75 - [STDERR_REDIRECT] 
2026-09-28 00:10:31,524 [ERROR] LogOutputStream:75 - [STDERR_REDIRECT] [Fatal Error] :1:1: Premature end of file.
2026-09-28 00:10:31,524 [ERROR] LogOutputStream:75 - [STDERR_REDIRECT] 
2026-09-28 00:10:32,528 [ERROR] LogOutputStream:75 - [STDERR_REDIRECT] [Fatal Error] :1:1: Premature end of file.
2026-09-28 00:10:32,529 [ERROR] LogOutputStream:75 - [STDERR_REDIRECT] 
2026-09-28 00:10:33,524 [ERROR] LogOutputStream:75 - [STDERR_REDIRECT] [Fatal Error] :1:1: Premature end of file.
2026-09-28 00:10:33,525 [ERROR] LogOutputStream:75 - [STDERR_REDIRECT] 
2026-09-28 00:10:34,525 [ERROR] LogOutputStream:75 - [STDERR_REDIRECT] [Fatal Error] :1:1: Premature end of file.
2026-09-28 00:10:34,525 [ERROR] LogOutputStream:75 - [STDERR_REDIRECT] 
2026-09-28 00:10:35,524 [ERROR] LogOutputStream:75 - [STDERR_REDIRECT] [Fatal Error] :1:1: Premature end of file.
2026-09-28 00:10:35,525 [ERROR] LogOutputStream:75 - [STDERR_REDIRECT] 
2026-09-28 00:10:36,525 [ERROR] LogOutputStream:75 - [STDERR_REDIRECT] [Fatal Error] :1:1: Premature end of file.
2026-09-28 00:10:36,525 [ERROR] LogOutputStream:75 - [STDERR_REDIRECT] 
2026-09-28 00:10:37,523 [ERROR] LogOutputStream:75 - [STDERR_REDIRECT] [Fatal Error] :1:1: Premature end of file.
2026-09-28 00:10:37,523 [ERROR] LogOutputStream:75 - [STDERR_REDIRECT] 
2026-09-28 00:10:38,523 [ERROR] LogOutputStream:75 - [STDERR_REDIRECT] [Fatal Error] :1:1: Premature end of file.
2026-09-28 00:10:38,524 [ERROR] LogOutputStream:75 - [STDERR_REDIRECT] 
2026-09-28 00:10:39,526 [ERROR] LogOutputStream:75 - [STDERR_REDIRECT] [Fatal Error] :1:1: Premature end of file.
2026-09-28 00:10:39,526 [ERROR] LogOutputStream:75 - [STDERR_REDIRECT] 
2026-09-28 00:10:40,524 [ERROR] LogOutputStream:75 - [STDERR_REDIRECT] [Fatal Error] :1:1: Premature end of file.
2026-09-28 00:10:40,524 [ERROR] LogOutputStream:75 - [STDERR_REDIRECT] 
2026-09-28 00:10:41,525 [ERROR] LogOutputStream:75 - [STDERR_REDIRECT] [Fatal Error] :1:1: Premature end of file.
2026-09-28 00:10:41,525 [ERROR] LogOutputStream:75 - [STDERR_REDIRECT] 
2026-09-28 00:10:42,523 [ERROR] LogOutputStream:75 - [STDERR_REDIRECT] [Fatal Error] :1:1: Premature end of file.
2026-09-28 00:10:42,523 [ERROR] LogOutputStream:75 - [STDERR_REDIRECT] 
2026-09-28 00:10:43,524 [ERROR] LogOutputStream:75 - [STDERR_REDIRECT] [Fatal Error] :1:1: Premature end of file.
2026-09-28 00:10:43,525 [ERROR] LogOutputStream:75 - [STDERR_REDIRECT] 
2026-09-28 00:10:44,524 [ERROR] LogOutputStream:75 - [STDERR_REDIRECT] [Fatal Error] :1:1: Premature end of file.
2026-09-28 00:10:44,524 [ERROR] LogOutputStream:75 - [STDERR_REDIRECT] 
2026-09-28 00:10:45,524 [ERROR] LogOutputStream:75 - [STDERR_REDIRECT] [Fatal Error] :1:1: Premature end of file.
2026-09-28 00:10:45,524 [ERROR] LogOutputStream:75 - [STDERR_REDIRECT] 
2026-09-28 00:10:46,525 [ERROR] LogOutputStream:75 - [STDERR_REDIRECT] [Fatal Error] :1:1: Premature end of file.
2026-09-28 00:10:46,525 [ERROR] LogOutputStream:75 - [STDERR_REDIRECT] 
2026-09-28 00:10:47,523 [ERROR] LogOutputStream:75 - [STDERR_REDIRECT] [Fatal Error] :1:1: Premature end of file.
2026-09-28 00:10:47,524 [ERROR] LogOutputStream:75 - [STDERR_REDIRECT] 
2026-09-28 00:10:48,523 [ERROR] LogOutputStream:75 - [STDERR_REDIRECT] [Fatal Error] :1:1: Premature end of file.
2026-09-28 00:10:48,524 [ERROR] LogOutputStream:75 - [STDERR_REDIRECT] 
2026-09-28 00:10:49,524 [ERROR] LogOutputStream:75 - [STDERR_REDIRECT] [Fatal Error] :1:1: Premature end of file.
2026-09-28 00:10:49,524 [ERROR] LogOutputStream:75 - [STDERR_REDIRECT] 
2026-09-28 00:10:50,523 [ERROR] LogOutputStream:75 - [STDERR_REDIRECT] [Fatal Error] :1:1: Premature end of file.
2026-09-28 00:10:50,523 [ERROR] LogOutputStream:75 - [STDERR_REDIRECT] 
2026-09-28 00:10:51,523 [ERROR] LogOutputStream:75 - [STDERR_REDIRECT] [Fatal Error] :1:1: Premature end of file.
2026-09-28 00:10:51,523 [ERROR] LogOutputStream:75 - [STDERR_REDIRECT] 
2026-09-28 00:10:52,524 [ERROR] LogOutputStream:75 - [STDERR_REDIRECT] [Fatal Error] :1:1: Premature end of file.
2026-09-28 00:10:52,525 [ERROR] LogOutputStream:75 - [STDERR_REDIRECT] 
2026-09-28 00:10:53,524 [ERROR] LogOutputStream:75 - [STDERR_REDIRECT] [Fatal Error] :1:1: Premature end of file.
2026-09-28 00:10:53,524 [ERROR] LogOutputStream:75 - [STDERR_REDIRECT] 
2026-09-28 00:10:54,524 [ERROR] LogOutputStream:75 - [STDERR_REDIRECT] [Fatal Error] :1:1: Premature end of file.
2026-09-28 00:10:54,524 [ERROR] LogOutputStream:75 - [STDERR_REDIRECT] 
2026-09-28 00:10:55,525 [ERROR] LogOutputStream:75 - [STDERR_REDIRECT] [Fatal Error] :1:1: Premature end of file.
2026-09-28 00:10:55,525 [ERROR] LogOutputStream:75 - [STDERR_REDIRECT] 
2026-09-28 00:10:56,523 [ERROR] LogOutputStream:75 - [STDERR_REDIRECT] [Fatal Error] :1:1: Premature end of file.
2026-09-28 00:10:56,523 [ERROR] LogOutputStream:75 - [STDERR_REDIRECT] 
2026-09-28 00:10:57,524 [ERROR] LogOutputStream:75 - [STDERR_REDIRECT] [Fatal Error] :1:1: Premature end of file.
2026-09-28 00:10:57,524 [ERROR] LogOutputStream:75 - [STDERR_REDIRECT] 
2026-09-28 00:10:58,524 [ERROR] LogOutputStream:75 - [STDERR_REDIRECT] [Fatal Error] :1:1: Premature end of file.
2026-09-28 00:10:58,524 [ERROR] LogOutputStream:75 - [STDERR_REDIRECT] 
2026-09-28 00:10:59,524 [ERROR] LogOutputStream:75 - [STDERR_REDIRECT] [Fatal Error] :1:1: Premature end of file.
2026-09-28 00:10:59,524 [ERROR] LogOutputStream:75 - [STDERR_REDIRECT] 
2026-09-28 00:11:00,525 [ERROR] LogOutputStream:75 - [STDERR_REDIRECT] [Fatal Error] :1:1: Premature end of file.
2026-09-28 00:11:00,525 [ERROR] LogOutputStream:75 - [STDERR_REDIRECT] 
2026-09-28 00:11:01,523 [ERROR] LogOutputStream:75 - [STDERR_REDIRECT] [Fatal Error] :1:1: Premature end of file.
2026-09-28 00:11:01,523 [ERROR] LogOutputStream:75 - [STDERR_REDIRECT] 
2026-09-28 00:11:02,524 [ERROR] LogOutputStream:75 - [STDERR_REDIRECT] [Fatal Error] :1:1: Premature end of file.
2026-09-28 00:11:02,524 [ERROR] LogOutputStream:75 - [STDERR_REDIRECT] 
2026-09-28 00:11:03,523 [ERROR] LogOutputStream:75 - [STDERR_REDIRECT] [Fatal Error] :1:1: Premature end of file.
2026-09-28 00:11:03,523 [ERROR] LogOutputStream:75 - [STDERR_REDIRECT] 
2026-09-28 00:11:04,526 [ERROR] LogOutputStream:75 - [STDERR_REDIRECT] [Fatal Error] :1:1: Premature end of file.
2026-09-28 00:11:04,526 [ERROR] LogOutputStream:75 - [STDERR_REDIRECT] 
2026-09-28 00:11:05,526 [ERROR] LogOutputStream:75 - [STDERR_REDIRECT] [Fatal Error] :1:1: Premature end of file.
2026-09-28 00:11:05,526 [ERROR] LogOutputStream:75 - [STDERR_REDIRECT] 
2026-09-28 00:11:06,523 [ERROR] LogOutputStream:75 - [STDERR_REDIRECT] [Fatal Error] :1:1: Premature end of file.
2026-09-28 00:11:06,523 [ERROR] LogOutputStream:75 - [STDERR_REDIRECT] 
2026-09-28 00:11:07,523 [ERROR] LogOutputStream:75 - [STDERR_REDIRECT] [Fatal Error] :1:1: Premature end of file.
2026-09-28 00:11:07,523 [ERROR] LogOutputStream:75 - [STDERR_REDIRECT] 
2026-09-28 00:11:08,525 [ERROR] LogOutputStream:75 - [STDERR_REDIRECT] [Fatal Error] :1:1: Premature end of file.
2026-09-28 00:11:08,525 [ERROR] LogOutputStream:75 - [STDERR_REDIRECT] 
2026-09-28 00:11:09,523 [ERROR] LogOutputStream:75 - [STDERR_REDIRECT] [Fatal Error] :1:1: Premature end of file.
2026-09-28 00:11:09,524 [ERROR] LogOutputStream:75 - [STDERR_REDIRECT] 
2026-09-28 00:11:10,522 [ERROR] LogOutputStream:75 - [STDERR_REDIRECT] [Fatal Error] :1:1: Premature end of file.
2026-09-28 00:11:10,522 [ERROR] LogOutputStream:75 - [STDERR_REDIRECT] 
2026-09-28 00:11:11,524 [ERROR] LogOutputStream:75 - [STDERR_REDIRECT] [Fatal Error] :1:1: Premature end of file.
2026-09-28 00:11:11,524 [ERROR] LogOutputStream:75 - [STDERR_REDIRECT] 
2026-09-28 00:11:12,525 [ERROR] LogOutputStream:75 - [STDERR_REDIRECT] [Fatal Error] :1:1: Premature end of file.
2026-09-28 00:11:12,525 [ERROR] LogOutputStream:75 - [STDERR_REDIRECT] 
2026-09-28 00:11:13,523 [ERROR] LogOutputStream:75 - [STDERR_REDIRECT] [Fatal Error] :1:1: Premature end of file.
2026-09-28 00:11:13,523 [ERROR] LogOutputStream:75 - [STDERR_REDIRECT] 
2026-09-28 00:11:14,524 [ERROR] LogOutputStream:75 - [STDERR_REDIRECT] [Fatal Error] :1:1: Premature end of file.
2026-09-28 00:11:14,524 [ERROR] LogOutputStream:75 - [STDERR_REDIRECT] 
2026-09-28 00:11:15,524 [ERROR] LogOutputStream:75 - [STDERR_REDIRECT] [Fatal Error] :1:1: Premature end of file.
2026-09-28 00:11:15,524 [ERROR] LogOutputStream:75 - [STDERR_REDIRECT] 
2026-09-28 00:11:16,524 [ERROR] LogOutputStream:75 - [STDERR_REDIRECT] [Fatal Error] :1:1: Premature end of file.
2026-09-28 00:11:16,524 [ERROR] LogOutputStream:75 - [STDERR_REDIRECT] 
2026-09-28 00:11:17,525 [ERROR] LogOutputStream:75 - [STDERR_REDIRECT] [Fatal Error] :1:1: Premature end of file.
2026-09-28 00:11:17,525 [ERROR] LogOutputStream:75 - [STDERR_REDIRECT] 
2026-09-28 00:11:18,524 [ERROR] LogOutputStream:75 - [STDERR_REDIRECT] [Fatal Error] :1:1: Premature end of file.
2026-09-28 00:11:18,524 [ERROR] LogOutputStream:75 - [STDERR_REDIRECT] 
2026-09-28 00:11:19,524 [ERROR] LogOutputStream:75 - [STDERR_REDIRECT] [Fatal Error] :1:1: Premature end of file.
2026-09-28 00:11:19,524 [ERROR] LogOutputStream:75 - [STDERR_REDIRECT] 
2026-09-28 00:11:20,524 [ERROR] LogOutputStream:75 - [STDERR_REDIRECT] [Fatal Error] :1:1: Premature end of file.
2026-09-28 00:11:20,524 [ERROR] LogOutputStream:75 - [STDERR_REDIRECT] 
2026-09-28 00:11:21,523 [ERROR] LogOutputStream:75 - [STDERR_REDIRECT] [Fatal Error] :1:1: Premature end of file.
2026-09-28 00:11:21,523 [ERROR] LogOutputStream:75 - [STDERR_REDIRECT] 
2026-09-28 00:11:22,524 [ERROR] LogOutputStream:75 - [STDERR_REDIRECT] [Fatal Error] :1:1: Premature end of file.
2026-09-28 00:11:22,524 [ERROR] LogOutputStream:75 - [STDERR_REDIRECT] 
2026-09-28 00:11:23,524 [ERROR] LogOutputStream:75 - [STDERR_REDIRECT] [Fatal Error] :1:1: Premature end of file.
2026-09-28 00:11:23,524 [ERROR] LogOutputStream:75 - [STDERR_REDIRECT] 
2026-09-28 00:11:24,524 [ERROR] LogOutputStream:75 - [STDERR_REDIRECT] [Fatal Error] :1:1: Premature end of file.
2026-09-28 00:11:24,524 [ERROR] LogOutputStream:75 - [STDERR_REDIRECT] 
2026-09-28 00:11:25,526 [ERROR] LogOutputStream:75 - [STDERR_REDIRECT] [Fatal Error] :1:1: Premature end of file.
2026-09-28 00:11:25,526 [ERROR] LogOutputStream:75 - [STDERR_REDIRECT] 
2026-09-28 00:11:26,525 [ERROR] LogOutputStream:75 - [STDERR_REDIRECT] [Fatal Error] :1:1: Premature end of file.
2026-09-28 00:11:26,525 [ERROR] LogOutputStream:75 - [STDERR_REDIRECT] 
2026-09-28 00:11:27,525 [ERROR] LogOutputStream:75 - [STDERR_REDIRECT] [Fatal Error] :1:1: Premature end of file.
2026-09-28 00:11:27,525 [ERROR] LogOutputStream:75 - [STDERR_REDIRECT] 
2026-09-28 00:11:28,525 [ERROR] LogOutputStream:75 - [STDERR_REDIRECT] [Fatal Error] :1:1: Premature end of file.
2026-09-28 00:11:28,526 [ERROR] LogOutputStream:75 - [STDERR_REDIRECT] 
2026-09-28 00:11:29,523 [ERROR] LogOutputStream:75 - [STDERR_REDIRECT] [Fatal Error] :1:1: Premature end of file.
2026-09-28 00:11:29,523 [ERROR] LogOutputStream:75 - [STDERR_REDIRECT] 
2026-09-28 00:11:30,525 [ERROR] LogOutputStream:75 - [STDERR_REDIRECT] [Fatal Error] :1:1: Premature end of file.
2026-09-28 00:11:30,525 [ERROR] LogOutputStream:75 - [STDERR_REDIRECT] 
2026-09-28 00:11:31,522 [ERROR] LogOutputStream:75 - [STDERR_REDIRECT] [Fatal Error] :1:1: Premature end of file.
2026-09-28 00:11:31,523 [ERROR] LogOutputStream:75 - [STDERR_REDIRECT] 
2026-09-28 00:11:32,524 [ERROR] LogOutputStream:75 - [STDERR_REDIRECT] [Fatal Error] :1:1: Premature end of file.
2026-09-28 00:11:32,524 [ERROR] LogOutputStream:75 - [STDERR_REDIRECT] 
2026-09-28 00:11:33,524 [ERROR] LogOutputStream:75 - [STDERR_REDIRECT] [Fatal Error] :1:1: Premature end of file.
2026-09-28 00:11:33,524 [ERROR] LogOutputStream:75 - [STDERR_REDIRECT] 
2026-09-28 00:11:34,523 [ERROR] LogOutputStream:75 - [STDERR_REDIRECT] [Fatal Error] :1:1: Premature end of file.
2026-09-28 00:11:34,524 [ERROR] LogOutputStream:75 - [STDERR_REDIRECT] 
2026-09-28 00:11:35,524 [ERROR] LogOutputStream:75 - [STDERR_REDIRECT] [Fatal Error] :1:1: Premature end of file.
2026-09-28 00:11:35,524 [ERROR] LogOutputStream:75 - [STDERR_REDIRECT] 
2026-09-28 00:11:36,524 [ERROR] LogOutputStream:75 - [STDERR_REDIRECT] [Fatal Error] :1:1: Premature end of file.
2026-09-28 00:11:36,525 [ERROR] LogOutputStream:75 - [STDERR_REDIRECT] 
2026-09-28 00:11:37,524 [ERROR] LogOutputStream:75 - [STDERR_REDIRECT] [Fatal Error] :1:1: Premature end of file.
2026-09-28 00:11:37,524 [ERROR] LogOutputStream:75 - [STDERR_REDIRECT] 
2026-09-28 00:11:38,524 [ERROR] LogOutputStream:75 - [STDERR_REDIRECT] [Fatal Error] :1:1: Premature end of file.
2026-09-28 00:11:38,524 [ERROR] LogOutputStream:75 - [STDERR_REDIRECT] 
2026-09-28 00:11:39,524 [ERROR] LogOutputStream:75 - [STDERR_REDIRECT] [Fatal Error] :1:1: Premature end of file.
2026-09-28 00:11:39,525 [ERROR] LogOutputStream:75 - [STDERR_REDIRECT] 
2026-09-28 00:11:40,524 [ERROR] LogOutputStream:75 - [STDERR_REDIRECT] [Fatal Error] :1:1: Premature end of file.
2026-09-28 00:11:40,524 [ERROR] LogOutputStream:75 - [STDERR_REDIRECT] 
2026-09-28 00:11:41,524 [ERROR] LogOutputStream:75 - [STDERR_REDIRECT] [Fatal Error] :1:1: Premature end of file.
2026-09-28 00:11:41,524 [ERROR] LogOutputStream:75 - [STDERR_REDIRECT] 
2026-09-28 00:11:42,523 [ERROR] LogOutputStream:75 - [STDERR_REDIRECT] [Fatal Error] :1:1: Premature end of file.
2026-09-28 00:11:42,524 [ERROR] LogOutputStream:75 - [STDERR_REDIRECT] 
2026-09-28 00:11:43,525 [ERROR] LogOutputStream:75 - [STDERR_REDIRECT] [Fatal Error] :1:1: Premature end of file.
2026-09-28 00:11:43,525 [ERROR] LogOutputStream:75 - [STDERR_REDIRECT] 
2026-09-28 00:11:44,523 [ERROR] LogOutputStream:75 - [STDERR_REDIRECT] [Fatal Error] :1:1: Premature end of file.
2026-09-28 00:11:44,524 [ERROR] LogOutputStream:75 - [STDERR_REDIRECT] 
2026-09-28 00:11:45,524 [ERROR] LogOutputStream:75 - [STDERR_REDIRECT] [Fatal Error] :1:1: Premature end of file.
2026-09-28 00:11:45,524 [ERROR] LogOutputStream:75 - [STDERR_REDIRECT] 
2026-09-28 00:11:46,523 [ERROR] LogOutputStream:75 - [STDERR_REDIRECT] [Fatal Error] :1:1: Premature end of file.
2026-09-28 00:11:46,523 [ERROR] LogOutputStream:75 - [STDERR_REDIRECT] 
2026-09-28 00:11:47,524 [ERROR] LogOutputStream:75 - [STDERR_REDIRECT] [Fatal Error] :1:1: Premature end of file.
2026-09-28 00:11:47,524 [ERROR] LogOutputStream:75 - [STDERR_REDIRECT] 
2026-09-28 00:11:48,526 [ERROR] LogOutputStream:75 - [STDERR_REDIRECT] [Fatal Error] :1:1: Premature end of file.
2026-09-28 00:11:48,526 [ERROR] LogOutputStream:75 - [STDERR_REDIRECT] 
2026-09-28 00:11:49,524 [ERROR] LogOutputStream:75 - [STDERR_REDIRECT] [Fatal Error] :1:1: Premature end of file.
2026-09-28 00:11:49,524 [ERROR] LogOutputStream:75 - [STDERR_REDIRECT] 
2026-09-28 00:11:50,525 [ERROR] LogOutputStream:75 - [STDERR_REDIRECT] [Fatal Error] :1:1: Premature end of file.
2026-09-28 00:11:50,525 [ERROR] LogOutputStream:75 - [STDERR_REDIRECT] 
2026-09-28 00:11:51,523 [ERROR] LogOutputStream:75 - [STDERR_REDIRECT] [Fatal Error] :1:1: Premature end of file.
2026-09-28 00:11:51,523 [ERROR] LogOutputStream:75 - [STDERR_REDIRECT] 
2026-09-28 00:11:52,524 [ERROR] LogOutputStream:75 - [STDERR_REDIRECT] [Fatal Error] :1:1: Premature end of file.
2026-09-28 00:11:52,524 [ERROR] LogOutputStream:75 - [STDERR_REDIRECT] 
2026-09-28 00:11:53,523 [ERROR] LogOutputStream:75 - [STDERR_REDIRECT] [Fatal Error] :1:1: Premature end of file.
2026-09-28 00:11:53,523 [ERROR] LogOutputStream:75 - [STDERR_REDIRECT] 
2026-09-28 00:11:54,524 [ERROR] LogOutputStream:75 - [STDERR_REDIRECT] [Fatal Error] :1:1: Premature end of file.
2026-09-28 00:11:54,524 [ERROR] LogOutputStream:75 - [STDERR_REDIRECT] 
2026-09-28 00:11:55,523 [ERROR] LogOutputStream:75 - [STDERR_REDIRECT] [Fatal Error] :1:1: Premature end of file.
2026-09-28 00:11:55,523 [ERROR] LogOutputStream:75 - [STDERR_REDIRECT] 
2026-09-28 00:11:56,523 [ERROR] LogOutputStream:75 - [STDERR_REDIRECT] [Fatal Error] :1:1: Premature end of file.
2026-09-28 00:11:56,523 [ERROR] LogOutputStream:75 - [STDERR_REDIRECT] 
2026-09-28 00:11:57,525 [ERROR] LogOutputStream:75 - [STDERR_REDIRECT] [Fatal Error] :1:1: Premature end of file.
2026-09-28 00:11:57,525 [ERROR] LogOutputStream:75 - [STDERR_REDIRECT] 
2026-09-28 00:11:58,523 [ERROR] LogOutputStream:75 - [STDERR_REDIRECT] [Fatal Error] :1:1: Premature end of file.
2026-09-28 00:11:58,523 [ERROR] LogOutputStream:75 - [STDERR_REDIRECT] 
2026-09-28 00:11:59,524 [ERROR] LogOutputStream:75 - [STDERR_REDIRECT] [Fatal Error] :1:1: Premature end of file.
2026-09-28 00:11:59,525 [ERROR] LogOutputStream:75 - [STDERR_REDIRECT] 
2026-09-28 00:12:00,525 [ERROR] LogOutputStream:75 - [STDERR_REDIRECT] [Fatal Error] :1:1: Premature end of file.
2026-09-28 00:12:00,525 [ERROR] LogOutputStream:75 - [STDERR_REDIRECT] 
2026-09-28 00:12:01,524 [ERROR] LogOutputStream:75 - [STDERR_REDIRECT] [Fatal Error] :1:1: Premature end of file.
2026-09-28 00:12:01,524 [ERROR] LogOutputStream:75 - [STDERR_REDIRECT] 
2026-09-28 00:12:02,525 [ERROR] LogOutputStream:75 - [STDERR_REDIRECT] [Fatal Error] :1:1: Premature end of file.
2026-09-28 00:12:02,525 [ERROR] LogOutputStream:75 - [STDERR_REDIRECT] 
2026-09-28 00:12:03,524 [ERROR] LogOutputStream:75 - [STDERR_REDIRECT] [Fatal Error] :1:1: Premature end of file.
2026-09-28 00:12:03,524 [ERROR] LogOutputStream:75 - [STDERR_REDIRECT] 
2026-09-28 00:12:04,523 [ERROR] LogOutputStream:75 - [STDERR_REDIRECT] [Fatal Error] :1:1: Premature end of file.
2026-09-28 00:12:04,524 [ERROR] LogOutputStream:75 - [STDERR_REDIRECT] 
2026-09-28 00:12:05,523 [ERROR] LogOutputStream:75 - [STDERR_REDIRECT] [Fatal Error] :1:1: Premature end of file.
2026-09-28 00:12:05,523 [ERROR] LogOutputStream:75 - [STDERR_REDIRECT] 
2026-09-28 00:12:06,524 [ERROR] LogOutputStream:75 - [STDERR_REDIRECT] [Fatal Error] :1:1: Premature end of file.
2026-09-28 00:12:06,524 [ERROR] LogOutputStream:75 - [STDERR_REDIRECT] 
2026-09-28 00:12:07,533 [ERROR] LogOutputStream:75 - [STDERR_REDIRECT] [Fatal Error] :1:1: Premature end of file.
2026-09-28 00:12:07,533 [ERROR] LogOutputStream:75 - [STDERR_REDIRECT] 
2026-09-28 00:12:08,526 [ERROR] LogOutputStream:75 - [STDERR_REDIRECT] [Fatal Error] :1:1: Premature end of file.
2026-09-28 00:12:08,526 [ERROR] LogOutputStream:75 - [STDERR_REDIRECT] 
2026-09-28 00:12:09,526 [ERROR] LogOutputStream:75 - [STDERR_REDIRECT] [Fatal Error] :1:1: Premature end of file.
2026-09-28 00:12:09,526 [ERROR] LogOutputStream:75 - [STDERR_REDIRECT] 
2026-09-28 00:12:10,526 [ERROR] LogOutputStream:75 - [STDERR_REDIRECT] [Fatal Error] :1:1: Premature end of file.
2026-09-28 00:12:10,526 [ERROR] LogOutputStream:75 - [STDERR_REDIRECT] 
2026-09-28 00:12:11,533 [ERROR] LogOutputStream:75 - [STDERR_REDIRECT] [Fatal Error] :1:1: Premature end of file.
2026-09-28 00:12:11,533 [ERROR] LogOutputStream:75 - [STDERR_REDIRECT] 
2026-09-28 00:12:12,524 [ERROR] LogOutputStream:75 - [STDERR_REDIRECT] [Fatal Error] :1:1: Premature end of file.
2026-09-28 00:12:12,525 [ERROR] LogOutputStream:75 - [STDERR_REDIRECT] 
2026-09-28 00:12:13,529 [ERROR] LogOutputStream:75 - [STDERR_REDIRECT] [Fatal Error] :1:1: Premature end of file.
2026-09-28 00:12:13,529 [ERROR] LogOutputStream:75 - [STDERR_REDIRECT] 
2026-09-28 00:12:14,529 [ERROR] LogOutputStream:75 - [STDERR_REDIRECT] [Fatal Error] :1:1: Premature end of file.
2026-09-28 00:12:14,529 [ERROR] LogOutputStream:75 - [STDERR_REDIRECT] 
2026-09-28 00:12:15,527 [ERROR] LogOutputStream:75 - [STDERR_REDIRECT] [Fatal Error] :1:1: Premature end of file.
2026-09-28 00:12:15,527 [ERROR] LogOutputStream:75 - [STDERR_REDIRECT] 
2026-09-28 00:12:16,531 [ERROR] LogOutputStream:75 - [STDERR_REDIRECT] [Fatal Error] :1:1: Premature end of file.
2026-09-28 00:12:16,531 [ERROR] LogOutputStream:75 - [STDERR_REDIRECT] 
2026-09-28 00:12:17,528 [ERROR] LogOutputStream:75 - [STDERR_REDIRECT] [Fatal Error] :1:1: Premature end of file.
2026-09-28 00:12:17,528 [ERROR] LogOutputStream:75 - [STDERR_REDIRECT] 
2026-09-28 00:12:18,524 [ERROR] LogOutputStream:75 - [STDERR_REDIRECT] [Fatal Error] :1:1: Premature end of file.
2026-09-28 00:12:18,524 [ERROR] LogOutputStream:75 - [STDERR_REDIRECT] 
2026-09-28 00:12:19,525 [ERROR] LogOutputStream:75 - [STDERR_REDIRECT] [Fatal Error] :1:1: Premature end of file.
2026-09-28 00:12:19,525 [ERROR] LogOutputStream:75 - [STDERR_REDIRECT] 
2026-09-28 00:12:20,071 [INFO] Gpio:277 - dependency for GPIO []
2026-09-28 00:12:20,524 [ERROR] LogOutputStream:75 - [STDERR_REDIRECT] [Fatal Error] :1:1: Premature end of file.
2026-09-28 00:12:20,525 [ERROR] LogOutputStream:75 - [STDERR_REDIRECT] 
2026-09-28 00:12:21,525 [ERROR] LogOutputStream:75 - [STDERR_REDIRECT] [Fatal Error] :1:1: Premature end of file.
2026-09-28 00:12:21,525 [ERROR] LogOutputStream:75 - [STDERR_REDIRECT] 
2026-09-28 00:12:22,525 [ERROR] LogOutputStream:75 - [STDERR_REDIRECT] [Fatal Error] :1:1: Premature end of file.
2026-09-28 00:12:22,525 [ERROR] LogOutputStream:75 - [STDERR_REDIRECT] 
2026-09-28 00:12:23,524 [ERROR] LogOutputStream:75 - [STDERR_REDIRECT] [Fatal Error] :1:1: Premature end of file.
2026-09-28 00:12:23,524 [ERROR] LogOutputStream:75 - [STDERR_REDIRECT] 
2026-09-28 00:12:24,523 [ERROR] LogOutputStream:75 - [STDERR_REDIRECT] [Fatal Error] :1:1: Premature end of file.
2026-09-28 00:12:24,523 [ERROR] LogOutputStream:75 - [STDERR_REDIRECT] 
2026-09-28 00:12:25,523 [ERROR] LogOutputStream:75 - [STDERR_REDIRECT] [Fatal Error] :1:1: Premature end of file.
2026-09-28 00:12:25,523 [ERROR] LogOutputStream:75 - [STDERR_REDIRECT] 
2026-09-28 00:12:26,524 [ERROR] LogOutputStream:75 - [STDERR_REDIRECT] [Fatal Error] :1:1: Premature end of file.
2026-09-28 00:12:26,524 [ERROR] LogOutputStream:75 - [STDERR_REDIRECT] 
2026-09-28 00:12:27,523 [ERROR] LogOutputStream:75 - [STDERR_REDIRECT] [Fatal Error] :1:1: Premature end of file.
2026-09-28 00:12:27,523 [ERROR] LogOutputStream:75 - [STDERR_REDIRECT] 
2026-09-28 00:12:28,524 [ERROR] LogOutputStream:75 - [STDERR_REDIRECT] [Fatal Error] :1:1: Premature end of file.
2026-09-28 00:12:28,524 [ERROR] LogOutputStream:75 - [STDERR_REDIRECT] 
2026-09-28 00:12:29,530 [ERROR] LogOutputStream:75 - [STDERR_REDIRECT] [Fatal Error] :1:1: Premature end of file.
2026-09-28 00:12:29,530 [ERROR] LogOutputStream:75 - [STDERR_REDIRECT] 
2026-09-28 00:12:30,525 [ERROR] LogOutputStream:75 - [STDERR_REDIRECT] [Fatal Error] :1:1: Premature end of file.
2026-09-28 00:12:30,526 [ERROR] LogOutputStream:75 - [STDERR_REDIRECT] 
2026-09-28 00:12:31,525 [ERROR] LogOutputStream:75 - [STDERR_REDIRECT] [Fatal Error] :1:1: Premature end of file.
2026-09-28 00:12:31,525 [ERROR] LogOutputStream:75 - [STDERR_REDIRECT] 
2026-09-28 00:12:32,524 [ERROR] LogOutputStream:75 - [STDERR_REDIRECT] [Fatal Error] :1:1: Premature end of file.
2026-09-28 00:12:32,524 [ERROR] LogOutputStream:75 - [STDERR_REDIRECT] 
2026-09-28 00:12:33,525 [ERROR] LogOutputStream:75 - [STDERR_REDIRECT] [Fatal Error] :1:1: Premature end of file.
2026-09-28 00:12:33,525 [ERROR] LogOutputStream:75 - [STDERR_REDIRECT] 
2026-09-28 00:12:33,607 [INFO] UtilMem:75 - End SaveConfig() Used Memory: 833015272 Bytes (1073741824)
2026-09-28 00:12:34,525 [ERROR] LogOutputStream:75 - [STDERR_REDIRECT] [Fatal Error] :1:1: Premature end of file.
2026-09-28 00:12:34,525 [ERROR] LogOutputStream:75 - [STDERR_REDIRECT] 
2026-09-28 00:12:35,529 [ERROR] LogOutputStream:75 - [STDERR_REDIRECT] [Fatal Error] :1:1: Premature end of file.
2026-09-28 00:12:35,529 [ERROR] LogOutputStream:75 - [STDERR_REDIRECT] 
2026-09-28 00:12:35,877 [INFO] UtilMem:75 - End SaveConfig() Used Memory: 813977904 Bytes (1073741824)
2026-09-28 00:12:36,098 [INFO] BlockDiagram:2759 - set Specific Code input for plugin: NVIC
2026-09-28 00:12:36,098 [INFO] BlockDiagram:2759 - set Specific Code input for plugin: GPIO
2026-09-28 00:12:36,098 [INFO] BlockDiagram:2759 - set Specific Code input for plugin: RCC
2026-09-28 00:12:36,099 [INFO] CodeGenerator:807 - code generatio: config db path: C:\ST\STM32CubeIDE_1.15.1\STM32CubeIDE\plugins\com.st.stm32cube.common.mx_6.11.1.202404110753\\db\
2026-09-28 00:12:36,162 [INFO] CodeEngine:255 - oldGeneratedFile, F:\STM32\STM32_PRATICE_TASKS\PUSH_BTN_INPUT_C8\MXTmpFiles\license.tmp_save
2026-09-28 00:12:36,240 [INFO] CodeEngine:279 - Generated code: F:\STM32\STM32_PRATICE_TASKS\PUSH_BTN_INPUT_C8\MXTmpFiles\license.tmp
2026-09-28 00:12:36,275 [INFO] CodeEngine:255 - oldGeneratedFile, F:\STM32\STM32_PRATICE_TASKS\PUSH_BTN_INPUT_C8\MXTmpFiles\gpio.tmp_save
2026-09-28 00:12:36,377 [INFO] CodeEngine:279 - Generated code: F:\STM32\STM32_PRATICE_TASKS\PUSH_BTN_INPUT_C8\MXTmpFiles\gpio.tmp
2026-09-28 00:12:36,399 [INFO] CodeEngine:255 - oldGeneratedFile, F:\STM32\STM32_PRATICE_TASKS\PUSH_BTN_INPUT_C8\Core\Src\stm32f1xx_it.c_save
2026-09-28 00:12:36,483 [INFO] CodeEngine:279 - Generated code: F:\STM32\STM32_PRATICE_TASKS\PUSH_BTN_INPUT_C8\Core\Src\stm32f1xx_it.c
2026-09-28 00:12:36,490 [INFO] CodeEngine:255 - oldGeneratedFile, F:\STM32\STM32_PRATICE_TASKS\PUSH_BTN_INPUT_C8\Core\Inc\stm32f1xx_it.h_save
2026-09-28 00:12:36,532 [ERROR] LogOutputStream:75 - [STDERR_REDIRECT] [Fatal Error] :1:1: Premature end of file.
2026-09-28 00:12:36,533 [ERROR] LogOutputStream:75 - [STDERR_REDIRECT] 
2026-09-28 00:12:36,551 [INFO] CodeEngine:279 - Generated code: F:\STM32\STM32_PRATICE_TASKS\PUSH_BTN_INPUT_C8\Core\Inc\stm32f1xx_it.h
2026-09-28 00:12:36,581 [INFO] CodeEngine:255 - oldGeneratedFile, F:\STM32\STM32_PRATICE_TASKS\PUSH_BTN_INPUT_C8\Core\Src\stm32f1xx_hal_msp.c_save
2026-09-28 00:12:36,663 [INFO] CodeEngine:279 - Generated code: F:\STM32\STM32_PRATICE_TASKS\PUSH_BTN_INPUT_C8\Core\Src\stm32f1xx_hal_msp.c
2026-09-28 00:12:36,666 [INFO] CodeEngine:255 - oldGeneratedFile, F:\STM32\STM32_PRATICE_TASKS\PUSH_BTN_INPUT_C8\MXTmpFiles\system.tmp_save
2026-09-28 00:12:36,715 [INFO] CodeEngine:279 - Generated code: F:\STM32\STM32_PRATICE_TASKS\PUSH_BTN_INPUT_C8\MXTmpFiles\system.tmp
2026-09-28 00:12:36,731 [INFO] CodeEngine:311 - oldGeneratedFile, F:\STM32\STM32_PRATICE_TASKS\PUSH_BTN_INPUT_C8\Core\Inc\stm32f1xx_hal_conf.h_save
2026-09-28 00:12:36,813 [INFO] CodeEngine:335 - Generated code: F:\STM32\STM32_PRATICE_TASKS\PUSH_BTN_INPUT_C8\Core\Inc\stm32f1xx_hal_conf.h
2026-09-28 00:12:36,853 [INFO] CodeEngine:255 - oldGeneratedFile, F:\STM32\STM32_PRATICE_TASKS\PUSH_BTN_INPUT_C8\Core\Inc\main.h_save
2026-09-28 00:12:36,915 [INFO] CodeEngine:279 - Generated code: F:\STM32\STM32_PRATICE_TASKS\PUSH_BTN_INPUT_C8\Core\Inc\main.h
2026-09-28 00:12:36,927 [INFO] CodeEngine:255 - oldGeneratedFile, F:\STM32\STM32_PRATICE_TASKS\PUSH_BTN_INPUT_C8\Core\Src\main.c_save
2026-09-28 00:12:37,026 [INFO] CodeEngine:279 - Generated code: F:\STM32\STM32_PRATICE_TASKS\PUSH_BTN_INPUT_C8\Core\Src\main.c
2026-09-28 00:12:37,283 [INFO] ProjectBuilder:3163 - Time for Copy HAL[1] : 129mS.
2026-09-28 00:12:37,286 [INFO] ProjectBuilder:4736 - Project Generator version: 4.3.0-B58
2026-09-28 00:12:37,356 [INFO] ConfigFileManager:1503 - The Die is : DIE410
2026-09-28 00:12:37,531 [ERROR] LogOutputStream:75 - [STDERR_REDIRECT] [Fatal Error] :1:1: Premature end of file.
2026-09-28 00:12:37,532 [ERROR] LogOutputStream:75 - [STDERR_REDIRECT] 
2026-09-28 00:12:38,184 [INFO] ProjectBuilder:5002 - Time for Generating toolchain IDE Files: 898mS.
2026-09-28 00:12:38,185 [INFO] ProjectBuilder:3034 - Time for Copy CMSIS : 1mS.
2026-09-28 00:12:38,187 [INFO] ProjectBuilder:3034 - Time for Copy CMSIS : 0mS.
2026-09-28 00:12:38,525 [ERROR] LogOutputStream:75 - [STDERR_REDIRECT] [Fatal Error] :1:1: Premature end of file.
2026-09-28 00:12:38,525 [ERROR] LogOutputStream:75 - [STDERR_REDIRECT] 
2026-09-28 00:12:39,523 [ERROR] LogOutputStream:75 - [STDERR_REDIRECT] [Fatal Error] :1:1: Premature end of file.
2026-09-28 00:12:39,524 [ERROR] LogOutputStream:75 - [STDERR_REDIRECT] 
2026-09-28 00:12:40,523 [ERROR] LogOutputStream:75 - [STDERR_REDIRECT] [Fatal Error] :1:1: Premature end of file.
2026-09-28 00:12:40,523 [ERROR] LogOutputStream:75 - [STDERR_REDIRECT] 
2026-09-28 00:12:41,525 [ERROR] LogOutputStream:75 - [STDERR_REDIRECT] [Fatal Error] :1:1: Premature end of file.
2026-09-28 00:12:41,525 [ERROR] LogOutputStream:75 - [STDERR_REDIRECT] 
2026-09-28 00:12:42,523 [ERROR] LogOutputStream:75 - [STDERR_REDIRECT] [Fatal Error] :1:1: Premature end of file.
2026-09-28 00:12:42,524 [ERROR] LogOutputStream:75 - [STDERR_REDIRECT] 
2026-09-28 00:12:43,523 [ERROR] LogOutputStream:75 - [STDERR_REDIRECT] [Fatal Error] :1:1: Premature end of file.
2026-09-28 00:12:43,523 [ERROR] LogOutputStream:75 - [STDERR_REDIRECT] 
2026-09-28 00:12:44,525 [ERROR] LogOutputStream:75 - [STDERR_REDIRECT] [Fatal Error] :1:1: Premature end of file.
2026-09-28 00:12:44,525 [ERROR] LogOutputStream:75 - [STDERR_REDIRECT] 
2026-09-28 00:12:45,525 [ERROR] LogOutputStream:75 - [STDERR_REDIRECT] [Fatal Error] :1:1: Premature end of file.
2026-09-28 00:12:45,525 [ERROR] LogOutputStream:75 - [STDERR_REDIRECT] 
2026-09-28 00:12:46,523 [ERROR] LogOutputStream:75 - [STDERR_REDIRECT] [Fatal Error] :1:1: Premature end of file.
2026-09-28 00:12:46,523 [ERROR] LogOutputStream:75 - [STDERR_REDIRECT] 
2026-09-28 00:12:47,524 [ERROR] LogOutputStream:75 - [STDERR_REDIRECT] [Fatal Error] :1:1: Premature end of file.
2026-09-28 00:12:47,524 [ERROR] LogOutputStream:75 - [STDERR_REDIRECT] 
2026-09-28 00:12:48,523 [ERROR] LogOutputStream:75 - [STDERR_REDIRECT] [Fatal Error] :1:1: Premature end of file.
2026-09-28 00:12:48,523 [ERROR] LogOutputStream:75 - [STDERR_REDIRECT] 
2026-09-28 00:12:49,523 [ERROR] LogOutputStream:75 - [STDERR_REDIRECT] [Fatal Error] :1:1: Premature end of file.
2026-09-28 00:12:49,523 [ERROR] LogOutputStream:75 - [STDERR_REDIRECT] 
2026-09-28 00:12:50,524 [ERROR] LogOutputStream:75 - [STDERR_REDIRECT] [Fatal Error] :1:1: Premature end of file.
2026-09-28 00:12:50,524 [ERROR] LogOutputStream:75 - [STDERR_REDIRECT] 
2026-09-28 00:12:51,525 [ERROR] LogOutputStream:75 - [STDERR_REDIRECT] [Fatal Error] :1:1: Premature end of file.
2026-09-28 00:12:51,525 [ERROR] LogOutputStream:75 - [STDERR_REDIRECT] 
2026-09-28 00:12:52,523 [ERROR] LogOutputStream:75 - [STDERR_REDIRECT] [Fatal Error] :1:1: Premature end of file.
2026-09-28 00:12:52,523 [ERROR] LogOutputStream:75 - [STDERR_REDIRECT] 
2026-09-28 00:12:53,525 [ERROR] LogOutputStream:75 - [STDERR_REDIRECT] [Fatal Error] :1:1: Premature end of file.
2026-09-28 00:12:53,525 [ERROR] LogOutputStream:75 - [STDERR_REDIRECT] 
2026-09-28 00:12:54,524 [ERROR] LogOutputStream:75 - [STDERR_REDIRECT] [Fatal Error] :1:1: Premature end of file.
2026-09-28 00:12:54,524 [ERROR] LogOutputStream:75 - [STDERR_REDIRECT] 
2026-09-28 00:12:55,525 [ERROR] LogOutputStream:75 - [STDERR_REDIRECT] [Fatal Error] :1:1: Premature end of file.
2026-09-28 00:12:55,526 [ERROR] LogOutputStream:75 - [STDERR_REDIRECT] 
2026-09-28 00:12:56,524 [ERROR] LogOutputStream:75 - [STDERR_REDIRECT] [Fatal Error] :1:1: Premature end of file.
2026-09-28 00:12:56,524 [ERROR] LogOutputStream:75 - [STDERR_REDIRECT] 
2026-09-28 00:12:57,523 [ERROR] LogOutputStream:75 - [STDERR_REDIRECT] [Fatal Error] :1:1: Premature end of file.
2026-09-28 00:12:57,523 [ERROR] LogOutputStream:75 - [STDERR_REDIRECT] 
2026-09-28 00:12:58,524 [ERROR] LogOutputStream:75 - [STDERR_REDIRECT] [Fatal Error] :1:1: Premature end of file.
2026-09-28 00:12:58,524 [ERROR] LogOutputStream:75 - [STDERR_REDIRECT] 
2026-09-28 00:12:59,524 [ERROR] LogOutputStream:75 - [STDERR_REDIRECT] [Fatal Error] :1:1: Premature end of file.
2026-09-28 00:12:59,524 [ERROR] LogOutputStream:75 - [STDERR_REDIRECT] 
2026-09-28 00:13:00,523 [ERROR] LogOutputStream:75 - [STDERR_REDIRECT] [Fatal Error] :1:1: Premature end of file.
2026-09-28 00:13:00,523 [ERROR] LogOutputStream:75 - [STDERR_REDIRECT] 
2026-09-28 00:13:01,524 [ERROR] LogOutputStream:75 - [STDERR_REDIRECT] [Fatal Error] :1:1: Premature end of file.
2026-09-28 00:13:01,525 [ERROR] LogOutputStream:75 - [STDERR_REDIRECT] 
2026-09-28 00:13:02,523 [ERROR] LogOutputStream:75 - [STDERR_REDIRECT] [Fatal Error] :1:1: Premature end of file.
2026-09-28 00:13:02,523 [ERROR] LogOutputStream:75 - [STDERR_REDIRECT] 
2026-09-28 00:13:03,524 [ERROR] LogOutputStream:75 - [STDERR_REDIRECT] [Fatal Error] :1:1: Premature end of file.
2026-09-28 00:13:03,524 [ERROR] LogOutputStream:75 - [STDERR_REDIRECT] 
2026-09-28 00:13:04,524 [ERROR] LogOutputStream:75 - [STDERR_REDIRECT] [Fatal Error] :1:1: Premature end of file.
2026-09-28 00:13:04,524 [ERROR] LogOutputStream:75 - [STDERR_REDIRECT] 
2026-09-28 00:13:05,523 [ERROR] LogOutputStream:75 - [STDERR_REDIRECT] [Fatal Error] :1:1: Premature end of file.
2026-09-28 00:13:05,524 [ERROR] LogOutputStream:75 - [STDERR_REDIRECT] 
2026-09-28 00:13:06,523 [ERROR] LogOutputStream:75 - [STDERR_REDIRECT] [Fatal Error] :1:1: Premature end of file.
2026-09-28 00:13:06,523 [ERROR] LogOutputStream:75 - [STDERR_REDIRECT] 
2026-09-28 00:13:07,524 [ERROR] LogOutputStream:75 - [STDERR_REDIRECT] [Fatal Error] :1:1: Premature end of file.
2026-09-28 00:13:07,524 [ERROR] LogOutputStream:75 - [STDERR_REDIRECT] 
2026-09-28 00:13:08,524 [ERROR] LogOutputStream:75 - [STDERR_REDIRECT] [Fatal Error] :1:1: Premature end of file.
2026-09-28 00:13:08,524 [ERROR] LogOutputStream:75 - [STDERR_REDIRECT] 
2026-09-28 00:13:09,524 [ERROR] LogOutputStream:75 - [STDERR_REDIRECT] [Fatal Error] :1:1: Premature end of file.
2026-09-28 00:13:09,525 [ERROR] LogOutputStream:75 - [STDERR_REDIRECT] 
2026-09-28 00:13:10,524 [ERROR] LogOutputStream:75 - [STDERR_REDIRECT] [Fatal Error] :1:1: Premature end of file.
2026-09-28 00:13:10,524 [ERROR] LogOutputStream:75 - [STDERR_REDIRECT] 
2026-09-28 00:13:11,523 [ERROR] LogOutputStream:75 - [STDERR_REDIRECT] [Fatal Error] :1:1: Premature end of file.
2026-09-28 00:13:11,523 [ERROR] LogOutputStream:75 - [STDERR_REDIRECT] 
2026-09-28 00:13:12,524 [ERROR] LogOutputStream:75 - [STDERR_REDIRECT] [Fatal Error] :1:1: Premature end of file.
2026-09-28 00:13:12,524 [ERROR] LogOutputStream:75 - [STDERR_REDIRECT] 
2026-09-28 00:13:13,525 [ERROR] LogOutputStream:75 - [STDERR_REDIRECT] [Fatal Error] :1:1: Premature end of file.
2026-09-28 00:13:13,525 [ERROR] LogOutputStream:75 - [STDERR_REDIRECT] 
2026-09-28 00:13:14,522 [ERROR] LogOutputStream:75 - [STDERR_REDIRECT] [Fatal Error] :1:1: Premature end of file.
2026-09-28 00:13:14,523 [ERROR] LogOutputStream:75 - [STDERR_REDIRECT] 
2026-09-28 00:13:15,525 [ERROR] LogOutputStream:75 - [STDERR_REDIRECT] [Fatal Error] :1:1: Premature end of file.
2026-09-28 00:13:15,525 [ERROR] LogOutputStream:75 - [STDERR_REDIRECT] 
2026-09-28 00:13:16,525 [ERROR] LogOutputStream:75 - [STDERR_REDIRECT] [Fatal Error] :1:1: Premature end of file.
2026-09-28 00:13:16,525 [ERROR] LogOutputStream:75 - [STDERR_REDIRECT] 
2026-09-28 00:13:17,524 [ERROR] LogOutputStream:75 - [STDERR_REDIRECT] [Fatal Error] :1:1: Premature end of file.
2026-09-28 00:13:17,524 [ERROR] LogOutputStream:75 - [STDERR_REDIRECT] 
2026-09-28 00:13:18,525 [ERROR] LogOutputStream:75 - [STDERR_REDIRECT] [Fatal Error] :1:1: Premature end of file.
2026-09-28 00:13:18,525 [ERROR] LogOutputStream:75 - [STDERR_REDIRECT] 
2026-09-28 00:13:19,525 [ERROR] LogOutputStream:75 - [STDERR_REDIRECT] [Fatal Error] :1:1: Premature end of file.
2026-09-28 00:13:19,525 [ERROR] LogOutputStream:75 - [STDERR_REDIRECT] 
2026-09-28 00:13:20,525 [ERROR] LogOutputStream:75 - [STDERR_REDIRECT] [Fatal Error] :1:1: Premature end of file.
2026-09-28 00:13:20,526 [ERROR] LogOutputStream:75 - [STDERR_REDIRECT] 
2026-09-28 00:13:21,525 [ERROR] LogOutputStream:75 - [STDERR_REDIRECT] [Fatal Error] :1:1: Premature end of file.
2026-09-28 00:13:21,525 [ERROR] LogOutputStream:75 - [STDERR_REDIRECT] 
2026-09-28 00:13:22,523 [ERROR] LogOutputStream:75 - [STDERR_REDIRECT] [Fatal Error] :1:1: Premature end of file.
2026-09-28 00:13:22,523 [ERROR] LogOutputStream:75 - [STDERR_REDIRECT] 
2026-09-28 00:13:23,523 [ERROR] LogOutputStream:75 - [STDERR_REDIRECT] [Fatal Error] :1:1: Premature end of file.
2026-09-28 00:13:23,523 [ERROR] LogOutputStream:75 - [STDERR_REDIRECT] 
2026-09-28 00:13:24,525 [ERROR] LogOutputStream:75 - [STDERR_REDIRECT] [Fatal Error] :1:1: Premature end of file.
2026-09-28 00:13:24,525 [ERROR] LogOutputStream:75 - [STDERR_REDIRECT] 
2026-09-28 00:13:25,525 [ERROR] LogOutputStream:75 - [STDERR_REDIRECT] [Fatal Error] :1:1: Premature end of file.
2026-09-28 00:13:25,525 [ERROR] LogOutputStream:75 - [STDERR_REDIRECT] 
2026-09-28 00:13:26,524 [ERROR] LogOutputStream:75 - [STDERR_REDIRECT] [Fatal Error] :1:1: Premature end of file.
2026-09-28 00:13:26,524 [ERROR] LogOutputStream:75 - [STDERR_REDIRECT] 
2026-09-28 00:13:27,523 [ERROR] LogOutputStream:75 - [STDERR_REDIRECT] [Fatal Error] :1:1: Premature end of file.
2026-09-28 00:13:27,523 [ERROR] LogOutputStream:75 - [STDERR_REDIRECT] 
2026-09-28 00:13:28,525 [ERROR] LogOutputStream:75 - [STDERR_REDIRECT] [Fatal Error] :1:1: Premature end of file.
2026-09-28 00:13:28,525 [ERROR] LogOutputStream:75 - [STDERR_REDIRECT] 
2026-09-28 00:13:29,525 [ERROR] LogOutputStream:75 - [STDERR_REDIRECT] [Fatal Error] :1:1: Premature end of file.
2026-09-28 00:13:29,525 [ERROR] LogOutputStream:75 - [STDERR_REDIRECT] 
2026-09-28 00:13:30,525 [ERROR] LogOutputStream:75 - [STDERR_REDIRECT] [Fatal Error] :1:1: Premature end of file.
2026-09-28 00:13:30,525 [ERROR] LogOutputStream:75 - [STDERR_REDIRECT] 
2026-09-28 00:13:31,524 [ERROR] LogOutputStream:75 - [STDERR_REDIRECT] [Fatal Error] :1:1: Premature end of file.
2026-09-28 00:13:31,524 [ERROR] LogOutputStream:75 - [STDERR_REDIRECT] 
2026-09-28 00:13:32,523 [ERROR] LogOutputStream:75 - [STDERR_REDIRECT] [Fatal Error] :1:1: Premature end of file.
2026-09-28 00:13:32,523 [ERROR] LogOutputStream:75 - [STDERR_REDIRECT] 
2026-09-28 00:13:33,524 [ERROR] LogOutputStream:75 - [STDERR_REDIRECT] [Fatal Error] :1:1: Premature end of file.
2026-09-28 00:13:33,524 [ERROR] LogOutputStream:75 - [STDERR_REDIRECT] 
2026-09-28 00:13:34,524 [ERROR] LogOutputStream:75 - [STDERR_REDIRECT] [Fatal Error] :1:1: Premature end of file.
2026-09-28 00:13:34,524 [ERROR] LogOutputStream:75 - [STDERR_REDIRECT] 
2026-09-28 00:13:35,522 [ERROR] LogOutputStream:75 - [STDERR_REDIRECT] [Fatal Error] :1:1: Premature end of file.
2026-09-28 00:13:35,522 [ERROR] LogOutputStream:75 - [STDERR_REDIRECT] 
2026-09-28 00:13:36,523 [ERROR] LogOutputStream:75 - [STDERR_REDIRECT] [Fatal Error] :1:1: Premature end of file.
2026-09-28 00:13:36,523 [ERROR] LogOutputStream:75 - [STDERR_REDIRECT] 
2026-09-28 00:13:37,524 [ERROR] LogOutputStream:75 - [STDERR_REDIRECT] [Fatal Error] :1:1: Premature end of file.
2026-09-28 00:13:37,524 [ERROR] LogOutputStream:75 - [STDERR_REDIRECT] 
2026-09-28 00:13:38,525 [ERROR] LogOutputStream:75 - [STDERR_REDIRECT] [Fatal Error] :1:1: Premature end of file.
2026-09-28 00:13:38,525 [ERROR] LogOutputStream:75 - [STDERR_REDIRECT] 
2026-09-28 00:13:39,524 [ERROR] LogOutputStream:75 - [STDERR_REDIRECT] [Fatal Error] :1:1: Premature end of file.
2026-09-28 00:13:39,524 [ERROR] LogOutputStream:75 - [STDERR_REDIRECT] 
2026-09-28 00:13:40,524 [ERROR] LogOutputStream:75 - [STDERR_REDIRECT] [Fatal Error] :1:1: Premature end of file.
2026-09-28 00:13:40,524 [ERROR] LogOutputStream:75 - [STDERR_REDIRECT] 
2026-09-28 00:13:41,524 [ERROR] LogOutputStream:75 - [STDERR_REDIRECT] [Fatal Error] :1:1: Premature end of file.
2026-09-28 00:13:41,524 [ERROR] LogOutputStream:75 - [STDERR_REDIRECT] 
2026-09-28 00:13:42,523 [ERROR] LogOutputStream:75 - [STDERR_REDIRECT] [Fatal Error] :1:1: Premature end of file.
2026-09-28 00:13:42,523 [ERROR] LogOutputStream:75 - [STDERR_REDIRECT] 
2026-09-28 00:13:43,524 [ERROR] LogOutputStream:75 - [STDERR_REDIRECT] [Fatal Error] :1:1: Premature end of file.
2026-09-28 00:13:43,524 [ERROR] LogOutputStream:75 - [STDERR_REDIRECT] 
2026-09-28 00:13:44,525 [ERROR] LogOutputStream:75 - [STDERR_REDIRECT] [Fatal Error] :1:1: Premature end of file.
2026-09-28 00:13:44,525 [ERROR] LogOutputStream:75 - [STDERR_REDIRECT] 
2026-09-28 00:13:45,524 [ERROR] LogOutputStream:75 - [STDERR_REDIRECT] [Fatal Error] :1:1: Premature end of file.
2026-09-28 00:13:45,524 [ERROR] LogOutputStream:75 - [STDERR_REDIRECT] 
2026-09-28 00:13:46,524 [ERROR] LogOutputStream:75 - [STDERR_REDIRECT] [Fatal Error] :1:1: Premature end of file.
2026-09-28 00:13:46,524 [ERROR] LogOutputStream:75 - [STDERR_REDIRECT] 
2026-09-28 00:13:47,524 [ERROR] LogOutputStream:75 - [STDERR_REDIRECT] [Fatal Error] :1:1: Premature end of file.
2026-09-28 00:13:47,524 [ERROR] LogOutputStream:75 - [STDERR_REDIRECT] 
2026-09-28 00:13:48,525 [ERROR] LogOutputStream:75 - [STDERR_REDIRECT] [Fatal Error] :1:1: Premature end of file.
2026-09-28 00:13:48,525 [ERROR] LogOutputStream:75 - [STDERR_REDIRECT] 
2026-09-28 00:13:49,523 [ERROR] LogOutputStream:75 - [STDERR_REDIRECT] [Fatal Error] :1:1: Premature end of file.
2026-09-28 00:13:49,524 [ERROR] LogOutputStream:75 - [STDERR_REDIRECT] 
2026-09-28 00:13:50,523 [ERROR] LogOutputStream:75 - [STDERR_REDIRECT] [Fatal Error] :1:1: Premature end of file.
2026-09-28 00:13:50,523 [ERROR] LogOutputStream:75 - [STDERR_REDIRECT] 
2026-09-28 00:13:51,525 [ERROR] LogOutputStream:75 - [STDERR_REDIRECT] [Fatal Error] :1:1: Premature end of file.
2026-09-28 00:13:51,525 [ERROR] LogOutputStream:75 - [STDERR_REDIRECT] 
2026-09-28 00:13:52,525 [ERROR] LogOutputStream:75 - [STDERR_REDIRECT] [Fatal Error] :1:1: Premature end of file.
2026-09-28 00:13:52,525 [ERROR] LogOutputStream:75 - [STDERR_REDIRECT] 
2026-09-28 00:13:53,525 [ERROR] LogOutputStream:75 - [STDERR_REDIRECT] [Fatal Error] :1:1: Premature end of file.
2026-09-28 00:13:53,525 [ERROR] LogOutputStream:75 - [STDERR_REDIRECT] 
2026-09-28 00:13:54,523 [ERROR] LogOutputStream:75 - [STDERR_REDIRECT] [Fatal Error] :1:1: Premature end of file.
2026-09-28 00:13:54,524 [ERROR] LogOutputStream:75 - [STDERR_REDIRECT] 
2026-09-28 00:13:55,525 [ERROR] LogOutputStream:75 - [STDERR_REDIRECT] [Fatal Error] :1:1: Premature end of file.
2026-09-28 00:13:55,525 [ERROR] LogOutputStream:75 - [STDERR_REDIRECT] 
2026-09-28 00:13:56,524 [ERROR] LogOutputStream:75 - [STDERR_REDIRECT] [Fatal Error] :1:1: Premature end of file.
2026-09-28 00:13:56,524 [ERROR] LogOutputStream:75 - [STDERR_REDIRECT] 
2026-09-28 00:13:57,523 [ERROR] LogOutputStream:75 - [STDERR_REDIRECT] [Fatal Error] :1:1: Premature end of file.
2026-09-28 00:13:57,524 [ERROR] LogOutputStream:75 - [STDERR_REDIRECT] 
2026-09-28 00:13:58,523 [ERROR] LogOutputStream:75 - [STDERR_REDIRECT] [Fatal Error] :1:1: Premature end of file.
2026-09-28 00:13:58,523 [ERROR] LogOutputStream:75 - [STDERR_REDIRECT] 
2026-09-28 00:13:59,524 [ERROR] LogOutputStream:75 - [STDERR_REDIRECT] [Fatal Error] :1:1: Premature end of file.
2026-09-28 00:13:59,524 [ERROR] LogOutputStream:75 - [STDERR_REDIRECT] 
2026-09-28 00:14:00,523 [ERROR] LogOutputStream:75 - [STDERR_REDIRECT] [Fatal Error] :1:1: Premature end of file.
2026-09-28 00:14:00,523 [ERROR] LogOutputStream:75 - [STDERR_REDIRECT] 
2026-09-28 00:14:01,524 [ERROR] LogOutputStream:75 - [STDERR_REDIRECT] [Fatal Error] :1:1: Premature end of file.
2026-09-28 00:14:01,524 [ERROR] LogOutputStream:75 - [STDERR_REDIRECT] 
2026-09-28 00:14:02,524 [ERROR] LogOutputStream:75 - [STDERR_REDIRECT] [Fatal Error] :1:1: Premature end of file.
2026-09-28 00:14:02,524 [ERROR] LogOutputStream:75 - [STDERR_REDIRECT] 
2026-09-28 00:14:03,523 [ERROR] LogOutputStream:75 - [STDERR_REDIRECT] [Fatal Error] :1:1: Premature end of file.
2026-09-28 00:14:03,523 [ERROR] LogOutputStream:75 - [STDERR_REDIRECT] 
2026-09-28 00:14:04,524 [ERROR] LogOutputStream:75 - [STDERR_REDIRECT] [Fatal Error] :1:1: Premature end of file.
2026-09-28 00:14:04,524 [ERROR] LogOutputStream:75 - [STDERR_REDIRECT] 
2026-09-28 00:14:05,524 [ERROR] LogOutputStream:75 - [STDERR_REDIRECT] [Fatal Error] :1:1: Premature end of file.
2026-09-28 00:14:05,524 [ERROR] LogOutputStream:75 - [STDERR_REDIRECT] 
2026-09-28 00:14:06,523 [ERROR] LogOutputStream:75 - [STDERR_REDIRECT] [Fatal Error] :1:1: Premature end of file.
2026-09-28 00:14:06,524 [ERROR] LogOutputStream:75 - [STDERR_REDIRECT] 
2026-09-28 00:14:07,524 [ERROR] LogOutputStream:75 - [STDERR_REDIRECT] [Fatal Error] :1:1: Premature end of file.
2026-09-28 00:14:07,524 [ERROR] LogOutputStream:75 - [STDERR_REDIRECT] 
2026-09-28 00:14:08,527 [ERROR] LogOutputStream:75 - [STDERR_REDIRECT] [Fatal Error] :1:1: Premature end of file.
2026-09-28 00:14:08,528 [ERROR] LogOutputStream:75 - [STDERR_REDIRECT] 
2026-09-28 00:14:09,524 [ERROR] LogOutputStream:75 - [STDERR_REDIRECT] [Fatal Error] :1:1: Premature end of file.
2026-09-28 00:14:09,524 [ERROR] LogOutputStream:75 - [STDERR_REDIRECT] 
2026-09-28 00:14:10,525 [ERROR] LogOutputStream:75 - [STDERR_REDIRECT] [Fatal Error] :1:1: Premature end of file.
2026-09-28 00:14:10,526 [ERROR] LogOutputStream:75 - [STDERR_REDIRECT] 
2026-09-28 00:14:11,524 [ERROR] LogOutputStream:75 - [STDERR_REDIRECT] [Fatal Error] :1:1: Premature end of file.
2026-09-28 00:14:11,524 [ERROR] LogOutputStream:75 - [STDERR_REDIRECT] 
2026-09-28 00:14:12,524 [ERROR] LogOutputStream:75 - [STDERR_REDIRECT] [Fatal Error] :1:1: Premature end of file.
2026-09-28 00:14:12,524 [ERROR] LogOutputStream:75 - [STDERR_REDIRECT] 
2026-09-28 00:14:13,524 [ERROR] LogOutputStream:75 - [STDERR_REDIRECT] [Fatal Error] :1:1: Premature end of file.
2026-09-28 00:14:13,524 [ERROR] LogOutputStream:75 - [STDERR_REDIRECT] 
2026-09-28 00:14:14,525 [ERROR] LogOutputStream:75 - [STDERR_REDIRECT] [Fatal Error] :1:1: Premature end of file.
2026-09-28 00:14:14,525 [ERROR] LogOutputStream:75 - [STDERR_REDIRECT] 
2026-09-28 00:14:15,524 [ERROR] LogOutputStream:75 - [STDERR_REDIRECT] [Fatal Error] :1:1: Premature end of file.
2026-09-28 00:14:15,524 [ERROR] LogOutputStream:75 - [STDERR_REDIRECT] 
2026-09-28 00:14:16,525 [ERROR] LogOutputStream:75 - [STDERR_REDIRECT] [Fatal Error] :1:1: Premature end of file.
2026-09-28 00:14:16,525 [ERROR] LogOutputStream:75 - [STDERR_REDIRECT] 
2026-09-28 00:14:17,522 [ERROR] LogOutputStream:75 - [STDERR_REDIRECT] [Fatal Error] :1:1: Premature end of file.
2026-09-28 00:14:17,522 [ERROR] LogOutputStream:75 - [STDERR_REDIRECT] 
2026-09-28 00:14:18,525 [ERROR] LogOutputStream:75 - [STDERR_REDIRECT] [Fatal Error] :1:1: Premature end of file.
2026-09-28 00:14:18,525 [ERROR] LogOutputStream:75 - [STDERR_REDIRECT] 
2026-09-28 00:14:19,524 [ERROR] LogOutputStream:75 - [STDERR_REDIRECT] [Fatal Error] :1:1: Premature end of file.
2026-09-28 00:14:19,524 [ERROR] LogOutputStream:75 - [STDERR_REDIRECT] 
2026-09-28 00:14:20,523 [ERROR] LogOutputStream:75 - [STDERR_REDIRECT] [Fatal Error] :1:1: Premature end of file.
2026-09-28 00:14:20,524 [ERROR] LogOutputStream:75 - [STDERR_REDIRECT] 
2026-09-28 00:14:21,524 [ERROR] LogOutputStream:75 - [STDERR_REDIRECT] [Fatal Error] :1:1: Premature end of file.
2026-09-28 00:14:21,524 [ERROR] LogOutputStream:75 - [STDERR_REDIRECT] 
2026-09-28 00:14:22,524 [ERROR] LogOutputStream:75 - [STDERR_REDIRECT] [Fatal Error] :1:1: Premature end of file.
2026-09-28 00:14:22,524 [ERROR] LogOutputStream:75 - [STDERR_REDIRECT] 
2026-09-28 00:14:23,525 [ERROR] LogOutputStream:75 - [STDERR_REDIRECT] [Fatal Error] :1:1: Premature end of file.
2026-09-28 00:14:23,525 [ERROR] LogOutputStream:75 - [STDERR_REDIRECT] 
2026-09-28 00:14:24,524 [ERROR] LogOutputStream:75 - [STDERR_REDIRECT] [Fatal Error] :1:1: Premature end of file.
2026-09-28 00:14:24,524 [ERROR] LogOutputStream:75 - [STDERR_REDIRECT] 
2026-09-28 00:14:25,523 [ERROR] LogOutputStream:75 - [STDERR_REDIRECT] [Fatal Error] :1:1: Premature end of file.
2026-09-28 00:14:25,524 [ERROR] LogOutputStream:75 - [STDERR_REDIRECT] 
2026-09-28 00:14:26,525 [ERROR] LogOutputStream:75 - [STDERR_REDIRECT] [Fatal Error] :1:1: Premature end of file.
2026-09-28 00:14:26,525 [ERROR] LogOutputStream:75 - [STDERR_REDIRECT] 
2026-09-28 00:14:27,524 [ERROR] LogOutputStream:75 - [STDERR_REDIRECT] [Fatal Error] :1:1: Premature end of file.
2026-09-28 00:14:27,524 [ERROR] LogOutputStream:75 - [STDERR_REDIRECT] 
2026-09-28 00:14:28,523 [ERROR] LogOutputStream:75 - [STDERR_REDIRECT] [Fatal Error] :1:1: Premature end of file.
2026-09-28 00:14:28,523 [ERROR] LogOutputStream:75 - [STDERR_REDIRECT] 
2026-09-28 00:14:29,524 [ERROR] LogOutputStream:75 - [STDERR_REDIRECT] [Fatal Error] :1:1: Premature end of file.
2026-09-28 00:14:29,524 [ERROR] LogOutputStream:75 - [STDERR_REDIRECT] 
2026-09-28 00:14:30,524 [ERROR] LogOutputStream:75 - [STDERR_REDIRECT] [Fatal Error] :1:1: Premature end of file.
2026-09-28 00:14:30,524 [ERROR] LogOutputStream:75 - [STDERR_REDIRECT] 
2026-09-28 00:14:31,524 [ERROR] LogOutputStream:75 - [STDERR_REDIRECT] [Fatal Error] :1:1: Premature end of file.
2026-09-28 00:14:31,524 [ERROR] LogOutputStream:75 - [STDERR_REDIRECT] 
2026-09-28 00:14:32,524 [ERROR] LogOutputStream:75 - [STDERR_REDIRECT] [Fatal Error] :1:1: Premature end of file.
2026-09-28 00:14:32,524 [ERROR] LogOutputStream:75 - [STDERR_REDIRECT] 
2026-09-28 00:14:33,524 [ERROR] LogOutputStream:75 - [STDERR_REDIRECT] [Fatal Error] :1:1: Premature end of file.
2026-09-28 00:14:33,524 [ERROR] LogOutputStream:75 - [STDERR_REDIRECT] 
2026-09-28 00:14:34,523 [ERROR] LogOutputStream:75 - [STDERR_REDIRECT] [Fatal Error] :1:1: Premature end of file.
2026-09-28 00:14:34,523 [ERROR] LogOutputStream:75 - [STDERR_REDIRECT] 
2026-09-28 00:14:35,525 [ERROR] LogOutputStream:75 - [STDERR_REDIRECT] [Fatal Error] :1:1: Premature end of file.
2026-09-28 00:14:35,525 [ERROR] LogOutputStream:75 - [STDERR_REDIRECT] 
2026-09-28 00:14:36,523 [ERROR] LogOutputStream:75 - [STDERR_REDIRECT] [Fatal Error] :1:1: Premature end of file.
2026-09-28 00:14:36,523 [ERROR] LogOutputStream:75 - [STDERR_REDIRECT] 
2026-09-28 00:14:37,523 [ERROR] LogOutputStream:75 - [STDERR_REDIRECT] [Fatal Error] :1:1: Premature end of file.
2026-09-28 00:14:37,524 [ERROR] LogOutputStream:75 - [STDERR_REDIRECT] 
2026-09-28 00:14:38,524 [ERROR] LogOutputStream:75 - [STDERR_REDIRECT] [Fatal Error] :1:1: Premature end of file.
2026-09-28 00:14:38,525 [ERROR] LogOutputStream:75 - [STDERR_REDIRECT] 
2026-09-28 00:14:39,524 [ERROR] LogOutputStream:75 - [STDERR_REDIRECT] [Fatal Error] :1:1: Premature end of file.
2026-09-28 00:14:39,524 [ERROR] LogOutputStream:75 - [STDERR_REDIRECT] 
2026-09-28 00:14:40,524 [ERROR] LogOutputStream:75 - [STDERR_REDIRECT] [Fatal Error] :1:1: Premature end of file.
2026-09-28 00:14:40,525 [ERROR] LogOutputStream:75 - [STDERR_REDIRECT] 
2026-09-28 00:14:41,523 [ERROR] LogOutputStream:75 - [STDERR_REDIRECT] [Fatal Error] :1:1: Premature end of file.
2026-09-28 00:14:41,524 [ERROR] LogOutputStream:75 - [STDERR_REDIRECT] 
2026-09-28 00:14:42,527 [ERROR] LogOutputStream:75 - [STDERR_REDIRECT] [Fatal Error] :1:1: Premature end of file.
2026-09-28 00:14:42,527 [ERROR] LogOutputStream:75 - [STDERR_REDIRECT] 
2026-09-28 00:14:43,523 [ERROR] LogOutputStream:75 - [STDERR_REDIRECT] [Fatal Error] :1:1: Premature end of file.
2026-09-28 00:14:43,523 [ERROR] LogOutputStream:75 - [STDERR_REDIRECT] 
2026-09-28 00:14:44,525 [ERROR] LogOutputStream:75 - [STDERR_REDIRECT] [Fatal Error] :1:1: Premature end of file.
2026-09-28 00:14:44,525 [ERROR] LogOutputStream:75 - [STDERR_REDIRECT] 
2026-09-28 00:14:45,525 [ERROR] LogOutputStream:75 - [STDERR_REDIRECT] [Fatal Error] :1:1: Premature end of file.
2026-09-28 00:14:45,526 [ERROR] LogOutputStream:75 - [STDERR_REDIRECT] 
2026-09-28 00:14:46,524 [ERROR] LogOutputStream:75 - [STDERR_REDIRECT] [Fatal Error] :1:1: Premature end of file.
2026-09-28 00:14:46,524 [ERROR] LogOutputStream:75 - [STDERR_REDIRECT] 
2026-09-28 00:14:47,524 [ERROR] LogOutputStream:75 - [STDERR_REDIRECT] [Fatal Error] :1:1: Premature end of file.
2026-09-28 00:14:47,524 [ERROR] LogOutputStream:75 - [STDERR_REDIRECT] 
2026-09-28 00:14:48,525 [ERROR] LogOutputStream:75 - [STDERR_REDIRECT] [Fatal Error] :1:1: Premature end of file.
2026-09-28 00:14:48,525 [ERROR] LogOutputStream:75 - [STDERR_REDIRECT] 
2026-09-28 00:14:49,524 [ERROR] LogOutputStream:75 - [STDERR_REDIRECT] [Fatal Error] :1:1: Premature end of file.
2026-09-28 00:14:49,524 [ERROR] LogOutputStream:75 - [STDERR_REDIRECT] 
2026-09-28 00:14:50,523 [ERROR] LogOutputStream:75 - [STDERR_REDIRECT] [Fatal Error] :1:1: Premature end of file.
2026-09-28 00:14:50,524 [ERROR] LogOutputStream:75 - [STDERR_REDIRECT] 
2026-09-28 00:14:51,523 [ERROR] LogOutputStream:75 - [STDERR_REDIRECT] [Fatal Error] :1:1: Premature end of file.
2026-09-28 00:14:51,523 [ERROR] LogOutputStream:75 - [STDERR_REDIRECT] 
2026-09-28 00:14:52,525 [ERROR] LogOutputStream:75 - [STDERR_REDIRECT] [Fatal Error] :1:1: Premature end of file.
2026-09-28 00:14:52,525 [ERROR] LogOutputStream:75 - [STDERR_REDIRECT] 
2026-09-28 00:14:53,525 [ERROR] LogOutputStream:75 - [STDERR_REDIRECT] [Fatal Error] :1:1: Premature end of file.
2026-09-28 00:14:53,525 [ERROR] LogOutputStream:75 - [STDERR_REDIRECT] 
2026-09-28 00:14:54,524 [ERROR] LogOutputStream:75 - [STDERR_REDIRECT] [Fatal Error] :1:1: Premature end of file.
2026-09-28 00:14:54,524 [ERROR] LogOutputStream:75 - [STDERR_REDIRECT] 
2026-09-28 00:14:55,523 [ERROR] LogOutputStream:75 - [STDERR_REDIRECT] [Fatal Error] :1:1: Premature end of file.
2026-09-28 00:14:55,524 [ERROR] LogOutputStream:75 - [STDERR_REDIRECT] 
2026-09-28 00:14:56,525 [ERROR] LogOutputStream:75 - [STDERR_REDIRECT] [Fatal Error] :1:1: Premature end of file.
2026-09-28 00:14:56,525 [ERROR] LogOutputStream:75 - [STDERR_REDIRECT] 
2026-09-28 00:14:57,524 [ERROR] LogOutputStream:75 - [STDERR_REDIRECT] [Fatal Error] :1:1: Premature end of file.
2026-09-28 00:14:57,524 [ERROR] LogOutputStream:75 - [STDERR_REDIRECT] 
2026-09-28 00:14:58,524 [ERROR] LogOutputStream:75 - [STDERR_REDIRECT] [Fatal Error] :1:1: Premature end of file.
2026-09-28 00:14:58,524 [ERROR] LogOutputStream:75 - [STDERR_REDIRECT] 
2026-09-28 00:14:59,525 [ERROR] LogOutputStream:75 - [STDERR_REDIRECT] [Fatal Error] :1:1: Premature end of file.
2026-09-28 00:14:59,525 [ERROR] LogOutputStream:75 - [STDERR_REDIRECT] 
2026-09-28 00:15:00,524 [ERROR] LogOutputStream:75 - [STDERR_REDIRECT] [Fatal Error] :1:1: Premature end of file.
2026-09-28 00:15:00,524 [ERROR] LogOutputStream:75 - [STDERR_REDIRECT] 
2026-09-28 00:15:01,523 [ERROR] LogOutputStream:75 - [STDERR_REDIRECT] [Fatal Error] :1:1: Premature end of file.
2026-09-28 00:15:01,523 [ERROR] LogOutputStream:75 - [STDERR_REDIRECT] 
2026-09-28 00:15:02,523 [ERROR] LogOutputStream:75 - [STDERR_REDIRECT] [Fatal Error] :1:1: Premature end of file.
2026-09-28 00:15:02,523 [ERROR] LogOutputStream:75 - [STDERR_REDIRECT] 
2026-09-28 00:15:03,523 [ERROR] LogOutputStream:75 - [STDERR_REDIRECT] [Fatal Error] :1:1: Premature end of file.
2026-09-28 00:15:03,524 [ERROR] LogOutputStream:75 - [STDERR_REDIRECT] 
2026-09-28 00:15:04,523 [ERROR] LogOutputStream:75 - [STDERR_REDIRECT] [Fatal Error] :1:1: Premature end of file.
2026-09-28 00:15:04,524 [ERROR] LogOutputStream:75 - [STDERR_REDIRECT] 
2026-09-28 00:15:05,524 [ERROR] LogOutputStream:75 - [STDERR_REDIRECT] [Fatal Error] :1:1: Premature end of file.
2026-09-28 00:15:05,524 [ERROR] LogOutputStream:75 - [STDERR_REDIRECT] 
2026-09-28 00:15:06,523 [ERROR] LogOutputStream:75 - [STDERR_REDIRECT] [Fatal Error] :1:1: Premature end of file.
2026-09-28 00:15:06,523 [ERROR] LogOutputStream:75 - [STDERR_REDIRECT] 
2026-09-28 00:15:07,525 [ERROR] LogOutputStream:75 - [STDERR_REDIRECT] [Fatal Error] :1:1: Premature end of file.
2026-09-28 00:15:07,525 [ERROR] LogOutputStream:75 - [STDERR_REDIRECT] 
2026-09-28 00:15:08,525 [ERROR] LogOutputStream:75 - [STDERR_REDIRECT] [Fatal Error] :1:1: Premature end of file.
2026-09-28 00:15:08,525 [ERROR] LogOutputStream:75 - [STDERR_REDIRECT] 
2026-09-28 00:15:09,523 [ERROR] LogOutputStream:75 - [STDERR_REDIRECT] [Fatal Error] :1:1: Premature end of file.
2026-09-28 00:15:09,523 [ERROR] LogOutputStream:75 - [STDERR_REDIRECT] 
2026-09-28 00:15:10,525 [ERROR] LogOutputStream:75 - [STDERR_REDIRECT] [Fatal Error] :1:1: Premature end of file.
2026-09-28 00:15:10,525 [ERROR] LogOutputStream:75 - [STDERR_REDIRECT] 
2026-09-28 00:15:11,524 [ERROR] LogOutputStream:75 - [STDERR_REDIRECT] [Fatal Error] :1:1: Premature end of file.
2026-09-28 00:15:11,524 [ERROR] LogOutputStream:75 - [STDERR_REDIRECT] 
2026-09-28 00:15:12,524 [ERROR] LogOutputStream:75 - [STDERR_REDIRECT] [Fatal Error] :1:1: Premature end of file.
2026-09-28 00:15:12,524 [ERROR] LogOutputStream:75 - [STDERR_REDIRECT] 
2026-09-28 00:15:13,525 [ERROR] LogOutputStream:75 - [STDERR_REDIRECT] [Fatal Error] :1:1: Premature end of file.
2026-09-28 00:15:13,525 [ERROR] LogOutputStream:75 - [STDERR_REDIRECT] 
2026-09-28 00:15:14,525 [ERROR] LogOutputStream:75 - [STDERR_REDIRECT] [Fatal Error] :1:1: Premature end of file.
2026-09-28 00:15:14,525 [ERROR] LogOutputStream:75 - [STDERR_REDIRECT] 
2026-09-28 00:15:15,524 [ERROR] LogOutputStream:75 - [STDERR_REDIRECT] [Fatal Error] :1:1: Premature end of file.
2026-09-28 00:15:15,524 [ERROR] LogOutputStream:75 - [STDERR_REDIRECT] 
2026-09-28 00:15:16,526 [ERROR] LogOutputStream:75 - [STDERR_REDIRECT] [Fatal Error] :1:1: Premature end of file.
2026-09-28 00:15:16,526 [ERROR] LogOutputStream:75 - [STDERR_REDIRECT] 
2026-09-28 00:15:17,526 [ERROR] LogOutputStream:75 - [STDERR_REDIRECT] [Fatal Error] :1:1: Premature end of file.
2026-09-28 00:15:17,526 [ERROR] LogOutputStream:75 - [STDERR_REDIRECT] 
2026-09-28 00:15:18,525 [ERROR] LogOutputStream:75 - [STDERR_REDIRECT] [Fatal Error] :1:1: Premature end of file.
2026-09-28 00:15:18,525 [ERROR] LogOutputStream:75 - [STDERR_REDIRECT] 
2026-09-28 00:15:19,524 [ERROR] LogOutputStream:75 - [STDERR_REDIRECT] [Fatal Error] :1:1: Premature end of file.
2026-09-28 00:15:19,524 [ERROR] LogOutputStream:75 - [STDERR_REDIRECT] 
2026-09-28 00:15:20,523 [ERROR] LogOutputStream:75 - [STDERR_REDIRECT] [Fatal Error] :1:1: Premature end of file.
2026-09-28 00:15:20,524 [ERROR] LogOutputStream:75 - [STDERR_REDIRECT] 
2026-09-28 00:15:21,524 [ERROR] LogOutputStream:75 - [STDERR_REDIRECT] [Fatal Error] :1:1: Premature end of file.
2026-09-28 00:15:21,524 [ERROR] LogOutputStream:75 - [STDERR_REDIRECT] 
2026-09-28 00:15:22,523 [ERROR] LogOutputStream:75 - [STDERR_REDIRECT] [Fatal Error] :1:1: Premature end of file.
2026-09-28 00:15:22,523 [ERROR] LogOutputStream:75 - [STDERR_REDIRECT] 
2026-09-28 00:15:23,526 [ERROR] LogOutputStream:75 - [STDERR_REDIRECT] [Fatal Error] :1:1: Premature end of file.
2026-09-28 00:15:23,526 [ERROR] LogOutputStream:75 - [STDERR_REDIRECT] 
2026-09-28 00:15:24,524 [ERROR] LogOutputStream:75 - [STDERR_REDIRECT] [Fatal Error] :1:1: Premature end of file.
2026-09-28 00:15:24,524 [ERROR] LogOutputStream:75 - [STDERR_REDIRECT] 
2026-09-28 00:15:25,524 [ERROR] LogOutputStream:75 - [STDERR_REDIRECT] [Fatal Error] :1:1: Premature end of file.
2026-09-28 00:15:25,524 [ERROR] LogOutputStream:75 - [STDERR_REDIRECT] 
2026-09-28 00:15:26,524 [ERROR] LogOutputStream:75 - [STDERR_REDIRECT] [Fatal Error] :1:1: Premature end of file.
2026-09-28 00:15:26,524 [ERROR] LogOutputStream:75 - [STDERR_REDIRECT] 
2026-09-28 00:15:27,525 [ERROR] LogOutputStream:75 - [STDERR_REDIRECT] [Fatal Error] :1:1: Premature end of file.
2026-09-28 00:15:27,525 [ERROR] LogOutputStream:75 - [STDERR_REDIRECT] 
2026-09-28 00:15:28,523 [ERROR] LogOutputStream:75 - [STDERR_REDIRECT] [Fatal Error] :1:1: Premature end of file.
2026-09-28 00:15:28,524 [ERROR] LogOutputStream:75 - [STDERR_REDIRECT] 
2026-09-28 00:15:29,524 [ERROR] LogOutputStream:75 - [STDERR_REDIRECT] [Fatal Error] :1:1: Premature end of file.
2026-09-28 00:15:29,524 [ERROR] LogOutputStream:75 - [STDERR_REDIRECT] 
2026-09-28 00:15:30,525 [ERROR] LogOutputStream:75 - [STDERR_REDIRECT] [Fatal Error] :1:1: Premature end of file.
2026-09-28 00:15:30,525 [ERROR] LogOutputStream:75 - [STDERR_REDIRECT] 
2026-09-28 00:15:31,525 [ERROR] LogOutputStream:75 - [STDERR_REDIRECT] [Fatal Error] :1:1: Premature end of file.
2026-09-28 00:15:31,525 [ERROR] LogOutputStream:75 - [STDERR_REDIRECT] 
2026-09-28 00:15:32,524 [ERROR] LogOutputStream:75 - [STDERR_REDIRECT] [Fatal Error] :1:1: Premature end of file.
2026-09-28 00:15:32,524 [ERROR] LogOutputStream:75 - [STDERR_REDIRECT] 
2026-09-28 00:15:33,523 [ERROR] LogOutputStream:75 - [STDERR_REDIRECT] [Fatal Error] :1:1: Premature end of file.
2026-09-28 00:15:33,523 [ERROR] LogOutputStream:75 - [STDERR_REDIRECT] 
2026-09-28 00:15:34,524 [ERROR] LogOutputStream:75 - [STDERR_REDIRECT] [Fatal Error] :1:1: Premature end of file.
2026-09-28 00:15:34,524 [ERROR] LogOutputStream:75 - [STDERR_REDIRECT] 
2026-09-28 00:15:35,523 [ERROR] LogOutputStream:75 - [STDERR_REDIRECT] [Fatal Error] :1:1: Premature end of file.
2026-09-28 00:15:35,523 [ERROR] LogOutputStream:75 - [STDERR_REDIRECT] 
2026-09-28 00:15:36,525 [ERROR] LogOutputStream:75 - [STDERR_REDIRECT] [Fatal Error] :1:1: Premature end of file.
2026-09-28 00:15:36,525 [ERROR] LogOutputStream:75 - [STDERR_REDIRECT] 
2026-09-28 00:15:37,524 [ERROR] LogOutputStream:75 - [STDERR_REDIRECT] [Fatal Error] :1:1: Premature end of file.
2026-09-28 00:15:37,524 [ERROR] LogOutputStream:75 - [STDERR_REDIRECT] 
2026-09-28 00:15:38,524 [ERROR] LogOutputStream:75 - [STDERR_REDIRECT] [Fatal Error] :1:1: Premature end of file.
2026-09-28 00:15:38,524 [ERROR] LogOutputStream:75 - [STDERR_REDIRECT] 
2026-09-28 00:15:39,523 [ERROR] LogOutputStream:75 - [STDERR_REDIRECT] [Fatal Error] :1:1: Premature end of file.
2026-09-28 00:15:39,523 [ERROR] LogOutputStream:75 - [STDERR_REDIRECT] 
2026-09-28 00:15:40,524 [ERROR] LogOutputStream:75 - [STDERR_REDIRECT] [Fatal Error] :1:1: Premature end of file.
2026-09-28 00:15:40,524 [ERROR] LogOutputStream:75 - [STDERR_REDIRECT] 
2026-09-28 00:15:41,524 [ERROR] LogOutputStream:75 - [STDERR_REDIRECT] [Fatal Error] :1:1: Premature end of file.
2026-09-28 00:15:41,524 [ERROR] LogOutputStream:75 - [STDERR_REDIRECT] 
2026-09-28 00:15:42,524 [ERROR] LogOutputStream:75 - [STDERR_REDIRECT] [Fatal Error] :1:1: Premature end of file.
2026-09-28 00:15:42,524 [ERROR] LogOutputStream:75 - [STDERR_REDIRECT] 
2026-09-28 00:15:43,525 [ERROR] LogOutputStream:75 - [STDERR_REDIRECT] [Fatal Error] :1:1: Premature end of file.
2026-09-28 00:15:43,525 [ERROR] LogOutputStream:75 - [STDERR_REDIRECT] 
2026-09-28 00:15:44,525 [ERROR] LogOutputStream:75 - [STDERR_REDIRECT] [Fatal Error] :1:1: Premature end of file.
2026-09-28 00:15:44,525 [ERROR] LogOutputStream:75 - [STDERR_REDIRECT] 
2026-09-28 00:15:45,524 [ERROR] LogOutputStream:75 - [STDERR_REDIRECT] [Fatal Error] :1:1: Premature end of file.
2026-09-28 00:15:45,524 [ERROR] LogOutputStream:75 - [STDERR_REDIRECT] 
2026-09-28 00:15:46,525 [ERROR] LogOutputStream:75 - [STDERR_REDIRECT] [Fatal Error] :1:1: Premature end of file.
2026-09-28 00:15:46,525 [ERROR] LogOutputStream:75 - [STDERR_REDIRECT] 
2026-09-28 00:15:47,524 [ERROR] LogOutputStream:75 - [STDERR_REDIRECT] [Fatal Error] :1:1: Premature end of file.
2026-09-28 00:15:47,524 [ERROR] LogOutputStream:75 - [STDERR_REDIRECT] 
2026-09-28 00:15:48,524 [ERROR] LogOutputStream:75 - [STDERR_REDIRECT] [Fatal Error] :1:1: Premature end of file.
2026-09-28 00:15:48,524 [ERROR] LogOutputStream:75 - [STDERR_REDIRECT] 
2026-09-28 00:15:49,524 [ERROR] LogOutputStream:75 - [STDERR_REDIRECT] [Fatal Error] :1:1: Premature end of file.
2026-09-28 00:15:49,524 [ERROR] LogOutputStream:75 - [STDERR_REDIRECT] 
2026-09-28 00:15:50,523 [ERROR] LogOutputStream:75 - [STDERR_REDIRECT] [Fatal Error] :1:1: Premature end of file.
2026-09-28 00:15:50,523 [ERROR] LogOutputStream:75 - [STDERR_REDIRECT] 
2026-09-28 00:15:51,524 [ERROR] LogOutputStream:75 - [STDERR_REDIRECT] [Fatal Error] :1:1: Premature end of file.
2026-09-28 00:15:51,524 [ERROR] LogOutputStream:75 - [STDERR_REDIRECT] 
2026-09-28 00:15:52,524 [ERROR] LogOutputStream:75 - [STDERR_REDIRECT] [Fatal Error] :1:1: Premature end of file.
2026-09-28 00:15:52,524 [ERROR] LogOutputStream:75 - [STDERR_REDIRECT] 
2026-09-28 00:15:53,522 [ERROR] LogOutputStream:75 - [STDERR_REDIRECT] [Fatal Error] :1:1: Premature end of file.
2026-09-28 00:15:53,522 [ERROR] LogOutputStream:75 - [STDERR_REDIRECT] 
2026-09-28 00:15:54,524 [ERROR] LogOutputStream:75 - [STDERR_REDIRECT] [Fatal Error] :1:1: Premature end of file.
2026-09-28 00:15:54,524 [ERROR] LogOutputStream:75 - [STDERR_REDIRECT] 
2026-09-28 00:15:55,524 [ERROR] LogOutputStream:75 - [STDERR_REDIRECT] [Fatal Error] :1:1: Premature end of file.
2026-09-28 00:15:55,524 [ERROR] LogOutputStream:75 - [STDERR_REDIRECT] 
2026-09-28 00:15:56,524 [ERROR] LogOutputStream:75 - [STDERR_REDIRECT] [Fatal Error] :1:1: Premature end of file.
2026-09-28 00:15:56,524 [ERROR] LogOutputStream:75 - [STDERR_REDIRECT] 
2026-09-28 00:15:57,524 [ERROR] LogOutputStream:75 - [STDERR_REDIRECT] [Fatal Error] :1:1: Premature end of file.
2026-09-28 00:15:57,524 [ERROR] LogOutputStream:75 - [STDERR_REDIRECT] 
2026-09-28 00:15:58,523 [ERROR] LogOutputStream:75 - [STDERR_REDIRECT] [Fatal Error] :1:1: Premature end of file.
2026-09-28 00:15:58,523 [ERROR] LogOutputStream:75 - [STDERR_REDIRECT] 
2026-09-28 00:15:59,523 [ERROR] LogOutputStream:75 - [STDERR_REDIRECT] [Fatal Error] :1:1: Premature end of file.
2026-09-28 00:15:59,523 [ERROR] LogOutputStream:75 - [STDERR_REDIRECT] 
2026-09-28 00:16:00,527 [ERROR] LogOutputStream:75 - [STDERR_REDIRECT] [Fatal Error] :1:1: Premature end of file.
2026-09-28 00:16:00,527 [ERROR] LogOutputStream:75 - [STDERR_REDIRECT] 
2026-09-28 00:16:01,526 [ERROR] LogOutputStream:75 - [STDERR_REDIRECT] [Fatal Error] :1:1: Premature end of file.
2026-09-28 00:16:01,527 [ERROR] LogOutputStream:75 - [STDERR_REDIRECT] 
2026-09-28 00:16:02,525 [ERROR] LogOutputStream:75 - [STDERR_REDIRECT] [Fatal Error] :1:1: Premature end of file.
2026-09-28 00:16:02,525 [ERROR] LogOutputStream:75 - [STDERR_REDIRECT] 
2026-09-28 00:16:03,527 [ERROR] LogOutputStream:75 - [STDERR_REDIRECT] [Fatal Error] :1:1: Premature end of file.
2026-09-28 00:16:03,527 [ERROR] LogOutputStream:75 - [STDERR_REDIRECT] 
2026-09-28 00:16:04,524 [ERROR] LogOutputStream:75 - [STDERR_REDIRECT] [Fatal Error] :1:1: Premature end of file.
2026-09-28 00:16:04,524 [ERROR] LogOutputStream:75 - [STDERR_REDIRECT] 
2026-09-28 00:16:05,524 [ERROR] LogOutputStream:75 - [STDERR_REDIRECT] [Fatal Error] :1:1: Premature end of file.
2026-09-28 00:16:05,524 [ERROR] LogOutputStream:75 - [STDERR_REDIRECT] 
2026-09-28 00:16:06,526 [ERROR] LogOutputStream:75 - [STDERR_REDIRECT] [Fatal Error] :1:1: Premature end of file.
2026-09-28 00:16:06,526 [ERROR] LogOutputStream:75 - [STDERR_REDIRECT] 
2026-09-28 00:16:07,524 [ERROR] LogOutputStream:75 - [STDERR_REDIRECT] [Fatal Error] :1:1: Premature end of file.
2026-09-28 00:16:07,524 [ERROR] LogOutputStream:75 - [STDERR_REDIRECT] 
2026-09-28 00:16:08,525 [ERROR] LogOutputStream:75 - [STDERR_REDIRECT] [Fatal Error] :1:1: Premature end of file.
2026-09-28 00:16:08,525 [ERROR] LogOutputStream:75 - [STDERR_REDIRECT] 
2026-09-28 00:16:09,524 [ERROR] LogOutputStream:75 - [STDERR_REDIRECT] [Fatal Error] :1:1: Premature end of file.
2026-09-28 00:16:09,524 [ERROR] LogOutputStream:75 - [STDERR_REDIRECT] 
2026-09-28 00:16:10,524 [ERROR] LogOutputStream:75 - [STDERR_REDIRECT] [Fatal Error] :1:1: Premature end of file.
2026-09-28 00:16:10,524 [ERROR] LogOutputStream:75 - [STDERR_REDIRECT] 
2026-09-28 00:16:11,523 [ERROR] LogOutputStream:75 - [STDERR_REDIRECT] [Fatal Error] :1:1: Premature end of file.
2026-09-28 00:16:11,523 [ERROR] LogOutputStream:75 - [STDERR_REDIRECT] 
2026-09-28 00:16:12,523 [ERROR] LogOutputStream:75 - [STDERR_REDIRECT] [Fatal Error] :1:1: Premature end of file.
2026-09-28 00:16:12,524 [ERROR] LogOutputStream:75 - [STDERR_REDIRECT] 
2026-09-28 00:16:13,523 [ERROR] LogOutputStream:75 - [STDERR_REDIRECT] [Fatal Error] :1:1: Premature end of file.
2026-09-28 00:16:13,523 [ERROR] LogOutputStream:75 - [STDERR_REDIRECT] 
2026-09-28 00:16:14,524 [ERROR] LogOutputStream:75 - [STDERR_REDIRECT] [Fatal Error] :1:1: Premature end of file.
2026-09-28 00:16:14,524 [ERROR] LogOutputStream:75 - [STDERR_REDIRECT] 
2026-09-28 00:16:15,524 [ERROR] LogOutputStream:75 - [STDERR_REDIRECT] [Fatal Error] :1:1: Premature end of file.
2026-09-28 00:16:15,525 [ERROR] LogOutputStream:75 - [STDERR_REDIRECT] 
2026-09-28 00:16:16,524 [ERROR] LogOutputStream:75 - [STDERR_REDIRECT] [Fatal Error] :1:1: Premature end of file.
2026-09-28 00:16:16,524 [ERROR] LogOutputStream:75 - [STDERR_REDIRECT] 
2026-09-28 00:16:17,523 [ERROR] LogOutputStream:75 - [STDERR_REDIRECT] [Fatal Error] :1:1: Premature end of file.
2026-09-28 00:16:17,523 [ERROR] LogOutputStream:75 - [STDERR_REDIRECT] 
2026-09-28 00:16:18,523 [ERROR] LogOutputStream:75 - [STDERR_REDIRECT] [Fatal Error] :1:1: Premature end of file.
2026-09-28 00:16:18,524 [ERROR] LogOutputStream:75 - [STDERR_REDIRECT] 
2026-09-28 00:16:19,523 [ERROR] LogOutputStream:75 - [STDERR_REDIRECT] [Fatal Error] :1:1: Premature end of file.
2026-09-28 00:16:19,524 [ERROR] LogOutputStream:75 - [STDERR_REDIRECT] 
2026-09-28 00:16:20,524 [ERROR] LogOutputStream:75 - [STDERR_REDIRECT] [Fatal Error] :1:1: Premature end of file.
2026-09-28 00:16:20,524 [ERROR] LogOutputStream:75 - [STDERR_REDIRECT] 
2026-09-28 00:16:21,524 [ERROR] LogOutputStream:75 - [STDERR_REDIRECT] [Fatal Error] :1:1: Premature end of file.
2026-09-28 00:16:21,524 [ERROR] LogOutputStream:75 - [STDERR_REDIRECT] 
2026-09-28 00:16:22,524 [ERROR] LogOutputStream:75 - [STDERR_REDIRECT] [Fatal Error] :1:1: Premature end of file.
2026-09-28 00:16:22,524 [ERROR] LogOutputStream:75 - [STDERR_REDIRECT] 
2026-09-28 00:16:23,524 [ERROR] LogOutputStream:75 - [STDERR_REDIRECT] [Fatal Error] :1:1: Premature end of file.
2026-09-28 00:16:23,524 [ERROR] LogOutputStream:75 - [STDERR_REDIRECT] 
2026-09-28 00:16:24,525 [ERROR] LogOutputStream:75 - [STDERR_REDIRECT] [Fatal Error] :1:1: Premature end of file.
2026-09-28 00:16:24,525 [ERROR] LogOutputStream:75 - [STDERR_REDIRECT] 
2026-09-28 00:16:25,524 [ERROR] LogOutputStream:75 - [STDERR_REDIRECT] [Fatal Error] :1:1: Premature end of file.
2026-09-28 00:16:25,524 [ERROR] LogOutputStream:75 - [STDERR_REDIRECT] 
2026-09-28 00:16:26,524 [ERROR] LogOutputStream:75 - [STDERR_REDIRECT] [Fatal Error] :1:1: Premature end of file.
2026-09-28 00:16:26,524 [ERROR] LogOutputStream:75 - [STDERR_REDIRECT] 
2026-09-28 00:16:27,523 [ERROR] LogOutputStream:75 - [STDERR_REDIRECT] [Fatal Error] :1:1: Premature end of file.
2026-09-28 00:16:27,524 [ERROR] LogOutputStream:75 - [STDERR_REDIRECT] 
2026-09-28 00:16:28,523 [ERROR] LogOutputStream:75 - [STDERR_REDIRECT] [Fatal Error] :1:1: Premature end of file.
2026-09-28 00:16:28,523 [ERROR] LogOutputStream:75 - [STDERR_REDIRECT] 
2026-09-28 00:16:29,523 [ERROR] LogOutputStream:75 - [STDERR_REDIRECT] [Fatal Error] :1:1: Premature end of file.
2026-09-28 00:16:29,523 [ERROR] LogOutputStream:75 - [STDERR_REDIRECT] 
2026-09-28 00:16:30,524 [ERROR] LogOutputStream:75 - [STDERR_REDIRECT] [Fatal Error] :1:1: Premature end of file.
2026-09-28 00:16:30,525 [ERROR] LogOutputStream:75 - [STDERR_REDIRECT] 
2026-09-28 00:16:31,524 [ERROR] LogOutputStream:75 - [STDERR_REDIRECT] [Fatal Error] :1:1: Premature end of file.
2026-09-28 00:16:31,524 [ERROR] LogOutputStream:75 - [STDERR_REDIRECT] 
2026-09-28 00:16:32,524 [ERROR] LogOutputStream:75 - [STDERR_REDIRECT] [Fatal Error] :1:1: Premature end of file.
2026-09-28 00:16:32,524 [ERROR] LogOutputStream:75 - [STDERR_REDIRECT] 
2026-09-28 00:16:33,525 [ERROR] LogOutputStream:75 - [STDERR_REDIRECT] [Fatal Error] :1:1: Premature end of file.
2026-09-28 00:16:33,525 [ERROR] LogOutputStream:75 - [STDERR_REDIRECT] 
2026-09-28 00:16:34,525 [ERROR] LogOutputStream:75 - [STDERR_REDIRECT] [Fatal Error] :1:1: Premature end of file.
2026-09-28 00:16:34,525 [ERROR] LogOutputStream:75 - [STDERR_REDIRECT] 
2026-09-28 00:16:35,525 [ERROR] LogOutputStream:75 - [STDERR_REDIRECT] [Fatal Error] :1:1: Premature end of file.
2026-09-28 00:16:35,525 [ERROR] LogOutputStream:75 - [STDERR_REDIRECT] 
2026-09-28 00:16:36,529 [ERROR] LogOutputStream:75 - [STDERR_REDIRECT] [Fatal Error] :1:1: Premature end of file.
2026-09-28 00:16:36,529 [ERROR] LogOutputStream:75 - [STDERR_REDIRECT] 
2026-09-28 00:16:37,524 [ERROR] LogOutputStream:75 - [STDERR_REDIRECT] [Fatal Error] :1:1: Premature end of file.
2026-09-28 00:16:37,524 [ERROR] LogOutputStream:75 - [STDERR_REDIRECT] 
2026-09-28 00:16:38,524 [ERROR] LogOutputStream:75 - [STDERR_REDIRECT] [Fatal Error] :1:1: Premature end of file.
2026-09-28 00:16:38,524 [ERROR] LogOutputStream:75 - [STDERR_REDIRECT] 
2026-09-28 00:16:39,525 [ERROR] LogOutputStream:75 - [STDERR_REDIRECT] [Fatal Error] :1:1: Premature end of file.
2026-09-28 00:16:39,525 [ERROR] LogOutputStream:75 - [STDERR_REDIRECT] 
2026-09-28 00:16:40,523 [ERROR] LogOutputStream:75 - [STDERR_REDIRECT] [Fatal Error] :1:1: Premature end of file.
2026-09-28 00:16:40,523 [ERROR] LogOutputStream:75 - [STDERR_REDIRECT] 
2026-09-28 00:16:41,525 [ERROR] LogOutputStream:75 - [STDERR_REDIRECT] [Fatal Error] :1:1: Premature end of file.
2026-09-28 00:16:41,525 [ERROR] LogOutputStream:75 - [STDERR_REDIRECT] 
2026-09-28 00:16:42,523 [ERROR] LogOutputStream:75 - [STDERR_REDIRECT] [Fatal Error] :1:1: Premature end of file.
2026-09-28 00:16:42,523 [ERROR] LogOutputStream:75 - [STDERR_REDIRECT] 
2026-09-28 00:16:43,526 [ERROR] LogOutputStream:75 - [STDERR_REDIRECT] [Fatal Error] :1:1: Premature end of file.
2026-09-28 00:16:43,526 [ERROR] LogOutputStream:75 - [STDERR_REDIRECT] 
2026-09-28 00:16:44,524 [ERROR] LogOutputStream:75 - [STDERR_REDIRECT] [Fatal Error] :1:1: Premature end of file.
2026-09-28 00:16:44,524 [ERROR] LogOutputStream:75 - [STDERR_REDIRECT] 
2026-09-28 00:16:45,524 [ERROR] LogOutputStream:75 - [STDERR_REDIRECT] [Fatal Error] :1:1: Premature end of file.
2026-09-28 00:16:45,524 [ERROR] LogOutputStream:75 - [STDERR_REDIRECT] 
2026-09-28 00:16:46,522 [ERROR] LogOutputStream:75 - [STDERR_REDIRECT] [Fatal Error] :1:1: Premature end of file.
2026-09-28 00:16:46,522 [ERROR] LogOutputStream:75 - [STDERR_REDIRECT] 
2026-09-28 00:16:47,525 [ERROR] LogOutputStream:75 - [STDERR_REDIRECT] [Fatal Error] :1:1: Premature end of file.
2026-09-28 00:16:47,525 [ERROR] LogOutputStream:75 - [STDERR_REDIRECT] 
2026-09-28 00:16:48,523 [ERROR] LogOutputStream:75 - [STDERR_REDIRECT] [Fatal Error] :1:1: Premature end of file.
2026-09-28 00:16:48,523 [ERROR] LogOutputStream:75 - [STDERR_REDIRECT] 
2026-09-28 00:16:49,523 [ERROR] LogOutputStream:75 - [STDERR_REDIRECT] [Fatal Error] :1:1: Premature end of file.
2026-09-28 00:16:49,523 [ERROR] LogOutputStream:75 - [STDERR_REDIRECT] 
2026-09-28 00:16:50,526 [ERROR] LogOutputStream:75 - [STDERR_REDIRECT] [Fatal Error] :1:1: Premature end of file.
2026-09-28 00:16:50,526 [ERROR] LogOutputStream:75 - [STDERR_REDIRECT] 
2026-09-28 00:16:51,524 [ERROR] LogOutputStream:75 - [STDERR_REDIRECT] [Fatal Error] :1:1: Premature end of file.
2026-09-28 00:16:51,524 [ERROR] LogOutputStream:75 - [STDERR_REDIRECT] 
2026-09-28 00:16:52,525 [ERROR] LogOutputStream:75 - [STDERR_REDIRECT] [Fatal Error] :1:1: Premature end of file.
2026-09-28 00:16:52,525 [ERROR] LogOutputStream:75 - [STDERR_REDIRECT] 
2026-09-28 00:16:53,531 [ERROR] LogOutputStream:75 - [STDERR_REDIRECT] [Fatal Error] :1:1: Premature end of file.
2026-09-28 00:16:53,532 [ERROR] LogOutputStream:75 - [STDERR_REDIRECT] 
2026-09-28 00:16:54,524 [ERROR] LogOutputStream:75 - [STDERR_REDIRECT] [Fatal Error] :1:1: Premature end of file.
2026-09-28 00:16:54,524 [ERROR] LogOutputStream:75 - [STDERR_REDIRECT] 
2026-09-28 00:16:55,527 [ERROR] LogOutputStream:75 - [STDERR_REDIRECT] [Fatal Error] :1:1: Premature end of file.
2026-09-28 00:16:55,527 [ERROR] LogOutputStream:75 - [STDERR_REDIRECT] 
2026-09-28 00:16:56,523 [ERROR] LogOutputStream:75 - [STDERR_REDIRECT] [Fatal Error] :1:1: Premature end of file.
2026-09-28 00:16:56,523 [ERROR] LogOutputStream:75 - [STDERR_REDIRECT] 
2026-09-28 00:16:57,525 [ERROR] LogOutputStream:75 - [STDERR_REDIRECT] [Fatal Error] :1:1: Premature end of file.
2026-09-28 00:16:57,525 [ERROR] LogOutputStream:75 - [STDERR_REDIRECT] 
2026-09-28 00:16:58,524 [ERROR] LogOutputStream:75 - [STDERR_REDIRECT] [Fatal Error] :1:1: Premature end of file.
2026-09-28 00:16:58,524 [ERROR] LogOutputStream:75 - [STDERR_REDIRECT] 
2026-09-28 00:16:59,524 [ERROR] LogOutputStream:75 - [STDERR_REDIRECT] [Fatal Error] :1:1: Premature end of file.
2026-09-28 00:16:59,524 [ERROR] LogOutputStream:75 - [STDERR_REDIRECT] 
2026-09-28 00:17:00,523 [ERROR] LogOutputStream:75 - [STDERR_REDIRECT] [Fatal Error] :1:1: Premature end of file.
2026-09-28 00:17:00,523 [ERROR] LogOutputStream:75 - [STDERR_REDIRECT] 
2026-09-28 00:17:01,524 [ERROR] LogOutputStream:75 - [STDERR_REDIRECT] [Fatal Error] :1:1: Premature end of file.
2026-09-28 00:17:01,524 [ERROR] LogOutputStream:75 - [STDERR_REDIRECT] 
2026-09-28 00:17:02,523 [ERROR] LogOutputStream:75 - [STDERR_REDIRECT] [Fatal Error] :1:1: Premature end of file.
2026-09-28 00:17:02,524 [ERROR] LogOutputStream:75 - [STDERR_REDIRECT] 
2026-09-28 00:17:03,525 [ERROR] LogOutputStream:75 - [STDERR_REDIRECT] [Fatal Error] :1:1: Premature end of file.
2026-09-28 00:17:03,525 [ERROR] LogOutputStream:75 - [STDERR_REDIRECT] 
2026-09-28 00:17:04,524 [ERROR] LogOutputStream:75 - [STDERR_REDIRECT] [Fatal Error] :1:1: Premature end of file.
2026-09-28 00:17:04,524 [ERROR] LogOutputStream:75 - [STDERR_REDIRECT] 
2026-09-28 00:17:05,525 [ERROR] LogOutputStream:75 - [STDERR_REDIRECT] [Fatal Error] :1:1: Premature end of file.
2026-09-28 00:17:05,525 [ERROR] LogOutputStream:75 - [STDERR_REDIRECT] 
2026-09-28 00:17:06,523 [ERROR] LogOutputStream:75 - [STDERR_REDIRECT] [Fatal Error] :1:1: Premature end of file.
2026-09-28 00:17:06,523 [ERROR] LogOutputStream:75 - [STDERR_REDIRECT] 
2026-09-28 00:17:07,524 [ERROR] LogOutputStream:75 - [STDERR_REDIRECT] [Fatal Error] :1:1: Premature end of file.
2026-09-28 00:17:07,524 [ERROR] LogOutputStream:75 - [STDERR_REDIRECT] 
2026-09-28 00:17:08,525 [ERROR] LogOutputStream:75 - [STDERR_REDIRECT] [Fatal Error] :1:1: Premature end of file.
2026-09-28 00:17:08,525 [ERROR] LogOutputStream:75 - [STDERR_REDIRECT] 
2026-09-28 00:17:09,523 [ERROR] LogOutputStream:75 - [STDERR_REDIRECT] [Fatal Error] :1:1: Premature end of file.
2026-09-28 00:17:09,523 [ERROR] LogOutputStream:75 - [STDERR_REDIRECT] 
2026-09-28 00:17:10,524 [ERROR] LogOutputStream:75 - [STDERR_REDIRECT] [Fatal Error] :1:1: Premature end of file.
2026-09-28 00:17:10,524 [ERROR] LogOutputStream:75 - [STDERR_REDIRECT] 
2026-09-28 00:17:11,527 [ERROR] LogOutputStream:75 - [STDERR_REDIRECT] [Fatal Error] :1:1: Premature end of file.
2026-09-28 00:17:11,527 [ERROR] LogOutputStream:75 - [STDERR_REDIRECT] 
2026-09-28 00:17:12,524 [ERROR] LogOutputStream:75 - [STDERR_REDIRECT] [Fatal Error] :1:1: Premature end of file.
2026-09-28 00:17:12,524 [ERROR] LogOutputStream:75 - [STDERR_REDIRECT] 
2026-09-28 00:17:13,524 [ERROR] LogOutputStream:75 - [STDERR_REDIRECT] [Fatal Error] :1:1: Premature end of file.
2026-09-28 00:17:13,524 [ERROR] LogOutputStream:75 - [STDERR_REDIRECT] 
2026-09-28 00:17:14,523 [ERROR] LogOutputStream:75 - [STDERR_REDIRECT] [Fatal Error] :1:1: Premature end of file.
2026-09-28 00:17:14,523 [ERROR] LogOutputStream:75 - [STDERR_REDIRECT] 
2026-09-28 00:17:15,524 [ERROR] LogOutputStream:75 - [STDERR_REDIRECT] [Fatal Error] :1:1: Premature end of file.
2026-09-28 00:17:15,524 [ERROR] LogOutputStream:75 - [STDERR_REDIRECT] 
2026-09-28 00:17:16,524 [ERROR] LogOutputStream:75 - [STDERR_REDIRECT] [Fatal Error] :1:1: Premature end of file.
2026-09-28 00:17:16,524 [ERROR] LogOutputStream:75 - [STDERR_REDIRECT] 
2026-09-28 00:17:17,524 [ERROR] LogOutputStream:75 - [STDERR_REDIRECT] [Fatal Error] :1:1: Premature end of file.
2026-09-28 00:17:17,524 [ERROR] LogOutputStream:75 - [STDERR_REDIRECT] 
2026-09-28 00:17:18,523 [ERROR] LogOutputStream:75 - [STDERR_REDIRECT] [Fatal Error] :1:1: Premature end of file.
2026-09-28 00:17:18,523 [ERROR] LogOutputStream:75 - [STDERR_REDIRECT] 
2026-09-28 00:17:19,525 [ERROR] LogOutputStream:75 - [STDERR_REDIRECT] [Fatal Error] :1:1: Premature end of file.
2026-09-28 00:17:19,525 [ERROR] LogOutputStream:75 - [STDERR_REDIRECT] 
2026-09-28 00:17:20,524 [ERROR] LogOutputStream:75 - [STDERR_REDIRECT] [Fatal Error] :1:1: Premature end of file.
2026-09-28 00:17:20,524 [ERROR] LogOutputStream:75 - [STDERR_REDIRECT] 
2026-09-28 00:17:21,523 [ERROR] LogOutputStream:75 - [STDERR_REDIRECT] [Fatal Error] :1:1: Premature end of file.
2026-09-28 00:17:21,523 [ERROR] LogOutputStream:75 - [STDERR_REDIRECT] 
2026-09-28 00:17:22,524 [ERROR] LogOutputStream:75 - [STDERR_REDIRECT] [Fatal Error] :1:1: Premature end of file.
2026-09-28 00:17:22,524 [ERROR] LogOutputStream:75 - [STDERR_REDIRECT] 
2026-09-28 00:17:23,524 [ERROR] LogOutputStream:75 - [STDERR_REDIRECT] [Fatal Error] :1:1: Premature end of file.
2026-09-28 00:17:23,524 [ERROR] LogOutputStream:75 - [STDERR_REDIRECT] 
2026-09-28 00:17:24,524 [ERROR] LogOutputStream:75 - [STDERR_REDIRECT] [Fatal Error] :1:1: Premature end of file.
2026-09-28 00:17:24,524 [ERROR] LogOutputStream:75 - [STDERR_REDIRECT] 
2026-09-28 00:17:25,525 [ERROR] LogOutputStream:75 - [STDERR_REDIRECT] [Fatal Error] :1:1: Premature end of file.
2026-09-28 00:17:25,525 [ERROR] LogOutputStream:75 - [STDERR_REDIRECT] 
2026-09-28 00:17:26,525 [ERROR] LogOutputStream:75 - [STDERR_REDIRECT] [Fatal Error] :1:1: Premature end of file.
2026-09-28 00:17:26,525 [ERROR] LogOutputStream:75 - [STDERR_REDIRECT] 
2026-09-28 00:17:27,523 [ERROR] LogOutputStream:75 - [STDERR_REDIRECT] [Fatal Error] :1:1: Premature end of file.
2026-09-28 00:17:27,523 [ERROR] LogOutputStream:75 - [STDERR_REDIRECT] 
2026-09-28 00:17:28,525 [ERROR] LogOutputStream:75 - [STDERR_REDIRECT] [Fatal Error] :1:1: Premature end of file.
2026-09-28 00:17:28,525 [ERROR] LogOutputStream:75 - [STDERR_REDIRECT] 
2026-09-28 00:17:29,523 [ERROR] LogOutputStream:75 - [STDERR_REDIRECT] [Fatal Error] :1:1: Premature end of file.
2026-09-28 00:17:29,523 [ERROR] LogOutputStream:75 - [STDERR_REDIRECT] 
2026-09-28 00:17:30,524 [ERROR] LogOutputStream:75 - [STDERR_REDIRECT] [Fatal Error] :1:1: Premature end of file.
2026-09-28 00:17:30,524 [ERROR] LogOutputStream:75 - [STDERR_REDIRECT] 
2026-09-28 00:17:31,523 [ERROR] LogOutputStream:75 - [STDERR_REDIRECT] [Fatal Error] :1:1: Premature end of file.
2026-09-28 00:17:31,524 [ERROR] LogOutputStream:75 - [STDERR_REDIRECT] 
2026-09-28 00:17:32,523 [ERROR] LogOutputStream:75 - [STDERR_REDIRECT] [Fatal Error] :1:1: Premature end of file.
2026-09-28 00:17:32,523 [ERROR] LogOutputStream:75 - [STDERR_REDIRECT] 
2026-09-28 00:17:33,522 [ERROR] LogOutputStream:75 - [STDERR_REDIRECT] [Fatal Error] :1:1: Premature end of file.
2026-09-28 00:17:33,522 [ERROR] LogOutputStream:75 - [STDERR_REDIRECT] 
2026-09-28 00:17:34,525 [ERROR] LogOutputStream:75 - [STDERR_REDIRECT] [Fatal Error] :1:1: Premature end of file.
2026-09-28 00:17:34,525 [ERROR] LogOutputStream:75 - [STDERR_REDIRECT] 
2026-09-28 00:17:35,525 [ERROR] LogOutputStream:75 - [STDERR_REDIRECT] [Fatal Error] :1:1: Premature end of file.
2026-09-28 00:17:35,525 [ERROR] LogOutputStream:75 - [STDERR_REDIRECT] 
2026-09-28 00:17:36,523 [ERROR] LogOutputStream:75 - [STDERR_REDIRECT] [Fatal Error] :1:1: Premature end of file.
2026-09-28 00:17:36,523 [ERROR] LogOutputStream:75 - [STDERR_REDIRECT] 
2026-09-28 00:17:37,524 [ERROR] LogOutputStream:75 - [STDERR_REDIRECT] [Fatal Error] :1:1: Premature end of file.
2026-09-28 00:17:37,524 [ERROR] LogOutputStream:75 - [STDERR_REDIRECT] 
2026-09-28 00:17:38,524 [ERROR] LogOutputStream:75 - [STDERR_REDIRECT] [Fatal Error] :1:1: Premature end of file.
2026-09-28 00:17:38,524 [ERROR] LogOutputStream:75 - [STDERR_REDIRECT] 
2026-09-28 00:17:39,524 [ERROR] LogOutputStream:75 - [STDERR_REDIRECT] [Fatal Error] :1:1: Premature end of file.
2026-09-28 00:17:39,524 [ERROR] LogOutputStream:75 - [STDERR_REDIRECT] 
2026-09-28 00:17:40,523 [ERROR] LogOutputStream:75 - [STDERR_REDIRECT] [Fatal Error] :1:1: Premature end of file.
2026-09-28 00:17:40,523 [ERROR] LogOutputStream:75 - [STDERR_REDIRECT] 
2026-09-28 00:17:41,523 [ERROR] LogOutputStream:75 - [STDERR_REDIRECT] [Fatal Error] :1:1: Premature end of file.
2026-09-28 00:17:41,523 [ERROR] LogOutputStream:75 - [STDERR_REDIRECT] 
2026-09-28 00:17:42,522 [ERROR] LogOutputStream:75 - [STDERR_REDIRECT] [Fatal Error] :1:1: Premature end of file.
2026-09-28 00:17:42,522 [ERROR] LogOutputStream:75 - [STDERR_REDIRECT] 
2026-09-28 00:17:43,525 [ERROR] LogOutputStream:75 - [STDERR_REDIRECT] [Fatal Error] :1:1: Premature end of file.
2026-09-28 00:17:43,525 [ERROR] LogOutputStream:75 - [STDERR_REDIRECT] 
2026-09-28 00:17:44,525 [ERROR] LogOutputStream:75 - [STDERR_REDIRECT] [Fatal Error] :1:1: Premature end of file.
2026-09-28 00:17:44,525 [ERROR] LogOutputStream:75 - [STDERR_REDIRECT] 
2026-09-28 00:17:45,523 [ERROR] LogOutputStream:75 - [STDERR_REDIRECT] [Fatal Error] :1:1: Premature end of file.
2026-09-28 00:17:45,524 [ERROR] LogOutputStream:75 - [STDERR_REDIRECT] 
2026-09-28 00:17:46,523 [ERROR] LogOutputStream:75 - [STDERR_REDIRECT] [Fatal Error] :1:1: Premature end of file.
2026-09-28 00:17:46,523 [ERROR] LogOutputStream:75 - [STDERR_REDIRECT] 
2026-09-28 00:17:47,524 [ERROR] LogOutputStream:75 - [STDERR_REDIRECT] [Fatal Error] :1:1: Premature end of file.
2026-09-28 00:17:47,524 [ERROR] LogOutputStream:75 - [STDERR_REDIRECT] 
2026-09-28 00:17:48,523 [ERROR] LogOutputStream:75 - [STDERR_REDIRECT] [Fatal Error] :1:1: Premature end of file.
2026-09-28 00:17:48,523 [ERROR] LogOutputStream:75 - [STDERR_REDIRECT] 
2026-09-28 00:17:49,524 [ERROR] LogOutputStream:75 - [STDERR_REDIRECT] [Fatal Error] :1:1: Premature end of file.
2026-09-28 00:17:49,524 [ERROR] LogOutputStream:75 - [STDERR_REDIRECT] 
2026-09-28 00:17:50,524 [ERROR] LogOutputStream:75 - [STDERR_REDIRECT] [Fatal Error] :1:1: Premature end of file.
2026-09-28 00:17:50,524 [ERROR] LogOutputStream:75 - [STDERR_REDIRECT] 
2026-09-28 00:17:51,524 [ERROR] LogOutputStream:75 - [STDERR_REDIRECT] [Fatal Error] :1:1: Premature end of file.
2026-09-28 00:17:51,524 [ERROR] LogOutputStream:75 - [STDERR_REDIRECT] 
2026-09-28 00:17:52,523 [ERROR] LogOutputStream:75 - [STDERR_REDIRECT] [Fatal Error] :1:1: Premature end of file.
2026-09-28 00:17:52,523 [ERROR] LogOutputStream:75 - [STDERR_REDIRECT] 
2026-09-28 00:17:53,524 [ERROR] LogOutputStream:75 - [STDERR_REDIRECT] [Fatal Error] :1:1: Premature end of file.
2026-09-28 00:17:53,524 [ERROR] LogOutputStream:75 - [STDERR_REDIRECT] 
2026-09-28 00:17:54,525 [ERROR] LogOutputStream:75 - [STDERR_REDIRECT] [Fatal Error] :1:1: Premature end of file.
2026-09-28 00:17:54,525 [ERROR] LogOutputStream:75 - [STDERR_REDIRECT] 
2026-09-28 00:17:55,524 [ERROR] LogOutputStream:75 - [STDERR_REDIRECT] [Fatal Error] :1:1: Premature end of file.
2026-09-28 00:17:55,524 [ERROR] LogOutputStream:75 - [STDERR_REDIRECT] 
2026-09-28 00:17:56,523 [ERROR] LogOutputStream:75 - [STDERR_REDIRECT] [Fatal Error] :1:1: Premature end of file.
2026-09-28 00:17:56,523 [ERROR] LogOutputStream:75 - [STDERR_REDIRECT] 
2026-09-28 00:17:57,523 [ERROR] LogOutputStream:75 - [STDERR_REDIRECT] [Fatal Error] :1:1: Premature end of file.
2026-09-28 00:17:57,523 [ERROR] LogOutputStream:75 - [STDERR_REDIRECT] 
2026-09-28 00:17:58,525 [ERROR] LogOutputStream:75 - [STDERR_REDIRECT] [Fatal Error] :1:1: Premature end of file.
2026-09-28 00:17:58,525 [ERROR] LogOutputStream:75 - [STDERR_REDIRECT] 
2026-09-28 00:17:59,524 [ERROR] LogOutputStream:75 - [STDERR_REDIRECT] [Fatal Error] :1:1: Premature end of file.
2026-09-28 00:17:59,524 [ERROR] LogOutputStream:75 - [STDERR_REDIRECT] 
2026-09-28 00:18:00,526 [ERROR] LogOutputStream:75 - [STDERR_REDIRECT] [Fatal Error] :1:1: Premature end of file.
2026-09-28 00:18:00,526 [ERROR] LogOutputStream:75 - [STDERR_REDIRECT] 
2026-09-28 00:18:01,523 [ERROR] LogOutputStream:75 - [STDERR_REDIRECT] [Fatal Error] :1:1: Premature end of file.
2026-09-28 00:18:01,524 [ERROR] LogOutputStream:75 - [STDERR_REDIRECT] 
2026-09-28 00:18:02,525 [ERROR] LogOutputStream:75 - [STDERR_REDIRECT] [Fatal Error] :1:1: Premature end of file.
2026-09-28 00:18:02,525 [ERROR] LogOutputStream:75 - [STDERR_REDIRECT] 
2026-09-28 00:18:03,522 [ERROR] LogOutputStream:75 - [STDERR_REDIRECT] [Fatal Error] :1:1: Premature end of file.
2026-09-28 00:18:03,522 [ERROR] LogOutputStream:75 - [STDERR_REDIRECT] 
2026-09-28 00:18:04,524 [ERROR] LogOutputStream:75 - [STDERR_REDIRECT] [Fatal Error] :1:1: Premature end of file.
2026-09-28 00:18:04,524 [ERROR] LogOutputStream:75 - [STDERR_REDIRECT] 
2026-09-28 00:18:05,525 [ERROR] LogOutputStream:75 - [STDERR_REDIRECT] [Fatal Error] :1:1: Premature end of file.
2026-09-28 00:18:05,525 [ERROR] LogOutputStream:75 - [STDERR_REDIRECT] 
2026-09-28 00:18:06,523 [ERROR] LogOutputStream:75 - [STDERR_REDIRECT] [Fatal Error] :1:1: Premature end of file.
2026-09-28 00:18:06,523 [ERROR] LogOutputStream:75 - [STDERR_REDIRECT] 
2026-09-28 00:18:07,524 [ERROR] LogOutputStream:75 - [STDERR_REDIRECT] [Fatal Error] :1:1: Premature end of file.
2026-09-28 00:18:07,524 [ERROR] LogOutputStream:75 - [STDERR_REDIRECT] 
2026-09-28 00:18:08,524 [ERROR] LogOutputStream:75 - [STDERR_REDIRECT] [Fatal Error] :1:1: Premature end of file.
2026-09-28 00:18:08,524 [ERROR] LogOutputStream:75 - [STDERR_REDIRECT] 
2026-09-28 00:18:09,524 [ERROR] LogOutputStream:75 - [STDERR_REDIRECT] [Fatal Error] :1:1: Premature end of file.
2026-09-28 00:18:09,524 [ERROR] LogOutputStream:75 - [STDERR_REDIRECT] 
2026-09-28 00:18:10,524 [ERROR] LogOutputStream:75 - [STDERR_REDIRECT] [Fatal Error] :1:1: Premature end of file.
2026-09-28 00:18:10,524 [ERROR] LogOutputStream:75 - [STDERR_REDIRECT] 
2026-09-28 00:18:11,524 [ERROR] LogOutputStream:75 - [STDERR_REDIRECT] [Fatal Error] :1:1: Premature end of file.
2026-09-28 00:18:11,524 [ERROR] LogOutputStream:75 - [STDERR_REDIRECT] 
2026-09-28 00:18:12,525 [ERROR] LogOutputStream:75 - [STDERR_REDIRECT] [Fatal Error] :1:1: Premature end of file.
2026-09-28 00:18:12,525 [ERROR] LogOutputStream:75 - [STDERR_REDIRECT] 
2026-09-28 00:18:13,525 [ERROR] LogOutputStream:75 - [STDERR_REDIRECT] [Fatal Error] :1:1: Premature end of file.
2026-09-28 00:18:13,526 [ERROR] LogOutputStream:75 - [STDERR_REDIRECT] 
2026-09-28 00:18:14,524 [ERROR] LogOutputStream:75 - [STDERR_REDIRECT] [Fatal Error] :1:1: Premature end of file.
2026-09-28 00:18:14,524 [ERROR] LogOutputStream:75 - [STDERR_REDIRECT] 
2026-09-28 00:18:15,523 [ERROR] LogOutputStream:75 - [STDERR_REDIRECT] [Fatal Error] :1:1: Premature end of file.
2026-09-28 00:18:15,523 [ERROR] LogOutputStream:75 - [STDERR_REDIRECT] 
2026-09-28 00:18:16,526 [ERROR] LogOutputStream:75 - [STDERR_REDIRECT] [Fatal Error] :1:1: Premature end of file.
2026-09-28 00:18:16,526 [ERROR] LogOutputStream:75 - [STDERR_REDIRECT] 
2026-09-28 00:18:17,523 [ERROR] LogOutputStream:75 - [STDERR_REDIRECT] [Fatal Error] :1:1: Premature end of file.
2026-09-28 00:18:17,523 [ERROR] LogOutputStream:75 - [STDERR_REDIRECT] 
2026-09-28 00:18:18,524 [ERROR] LogOutputStream:75 - [STDERR_REDIRECT] [Fatal Error] :1:1: Premature end of file.
2026-09-28 00:18:18,524 [ERROR] LogOutputStream:75 - [STDERR_REDIRECT] 
2026-09-28 00:18:19,525 [ERROR] LogOutputStream:75 - [STDERR_REDIRECT] [Fatal Error] :1:1: Premature end of file.
2026-09-28 00:18:19,525 [ERROR] LogOutputStream:75 - [STDERR_REDIRECT] 
2026-09-28 00:18:20,525 [ERROR] LogOutputStream:75 - [STDERR_REDIRECT] [Fatal Error] :1:1: Premature end of file.
2026-09-28 00:18:20,525 [ERROR] LogOutputStream:75 - [STDERR_REDIRECT] 
2026-09-28 00:18:21,525 [ERROR] LogOutputStream:75 - [STDERR_REDIRECT] [Fatal Error] :1:1: Premature end of file.
2026-09-28 00:18:21,525 [ERROR] LogOutputStream:75 - [STDERR_REDIRECT] 
2026-09-28 00:18:22,525 [ERROR] LogOutputStream:75 - [STDERR_REDIRECT] [Fatal Error] :1:1: Premature end of file.
2026-09-28 00:18:22,525 [ERROR] LogOutputStream:75 - [STDERR_REDIRECT] 
2026-09-28 00:18:23,527 [ERROR] LogOutputStream:75 - [STDERR_REDIRECT] [Fatal Error] :1:1: Premature end of file.
2026-09-28 00:18:23,527 [ERROR] LogOutputStream:75 - [STDERR_REDIRECT] 
2026-09-28 00:18:24,523 [ERROR] LogOutputStream:75 - [STDERR_REDIRECT] [Fatal Error] :1:1: Premature end of file.
2026-09-28 00:18:24,523 [ERROR] LogOutputStream:75 - [STDERR_REDIRECT] 
2026-09-28 00:18:25,523 [ERROR] LogOutputStream:75 - [STDERR_REDIRECT] [Fatal Error] :1:1: Premature end of file.
2026-09-28 00:18:25,524 [ERROR] LogOutputStream:75 - [STDERR_REDIRECT] 
2026-09-28 00:18:26,524 [ERROR] LogOutputStream:75 - [STDERR_REDIRECT] [Fatal Error] :1:1: Premature end of file.
2026-09-28 00:18:26,525 [ERROR] LogOutputStream:75 - [STDERR_REDIRECT] 
2026-09-28 00:18:27,523 [ERROR] LogOutputStream:75 - [STDERR_REDIRECT] [Fatal Error] :1:1: Premature end of file.
2026-09-28 00:18:27,524 [ERROR] LogOutputStream:75 - [STDERR_REDIRECT] 
2026-09-28 00:18:28,527 [ERROR] LogOutputStream:75 - [STDERR_REDIRECT] [Fatal Error] :1:1: Premature end of file.
2026-09-28 00:18:28,527 [ERROR] LogOutputStream:75 - [STDERR_REDIRECT] 
2026-09-28 00:18:29,525 [ERROR] LogOutputStream:75 - [STDERR_REDIRECT] [Fatal Error] :1:1: Premature end of file.
2026-09-28 00:18:29,525 [ERROR] LogOutputStream:75 - [STDERR_REDIRECT] 
2026-09-28 00:18:30,523 [ERROR] LogOutputStream:75 - [STDERR_REDIRECT] [Fatal Error] :1:1: Premature end of file.
2026-09-28 00:18:30,523 [ERROR] LogOutputStream:75 - [STDERR_REDIRECT] 
2026-09-28 00:18:31,527 [ERROR] LogOutputStream:75 - [STDERR_REDIRECT] [Fatal Error] :1:1: Premature end of file.
2026-09-28 00:18:31,527 [ERROR] LogOutputStream:75 - [STDERR_REDIRECT] 
2026-09-28 00:18:32,524 [ERROR] LogOutputStream:75 - [STDERR_REDIRECT] [Fatal Error] :1:1: Premature end of file.
2026-09-28 00:18:32,524 [ERROR] LogOutputStream:75 - [STDERR_REDIRECT] 
2026-09-28 00:18:33,525 [ERROR] LogOutputStream:75 - [STDERR_REDIRECT] [Fatal Error] :1:1: Premature end of file.
2026-09-28 00:18:33,525 [ERROR] LogOutputStream:75 - [STDERR_REDIRECT] 
2026-09-28 00:18:34,523 [ERROR] LogOutputStream:75 - [STDERR_REDIRECT] [Fatal Error] :1:1: Premature end of file.
2026-09-28 00:18:34,523 [ERROR] LogOutputStream:75 - [STDERR_REDIRECT] 
2026-09-28 00:18:35,524 [ERROR] LogOutputStream:75 - [STDERR_REDIRECT] [Fatal Error] :1:1: Premature end of file.
2026-09-28 00:18:35,524 [ERROR] LogOutputStream:75 - [STDERR_REDIRECT] 
2026-09-28 00:18:36,524 [ERROR] LogOutputStream:75 - [STDERR_REDIRECT] [Fatal Error] :1:1: Premature end of file.
2026-09-28 00:18:36,525 [ERROR] LogOutputStream:75 - [STDERR_REDIRECT] 
2026-09-28 00:18:37,523 [ERROR] LogOutputStream:75 - [STDERR_REDIRECT] [Fatal Error] :1:1: Premature end of file.
2026-09-28 00:18:37,523 [ERROR] LogOutputStream:75 - [STDERR_REDIRECT] 
2026-09-28 00:18:38,525 [ERROR] LogOutputStream:75 - [STDERR_REDIRECT] [Fatal Error] :1:1: Premature end of file.
2026-09-28 00:18:38,526 [ERROR] LogOutputStream:75 - [STDERR_REDIRECT] 
2026-09-28 00:18:39,525 [ERROR] LogOutputStream:75 - [STDERR_REDIRECT] [Fatal Error] :1:1: Premature end of file.
2026-09-28 00:18:39,525 [ERROR] LogOutputStream:75 - [STDERR_REDIRECT] 
2026-09-28 00:18:40,525 [ERROR] LogOutputStream:75 - [STDERR_REDIRECT] [Fatal Error] :1:1: Premature end of file.
2026-09-28 00:18:40,525 [ERROR] LogOutputStream:75 - [STDERR_REDIRECT] 
2026-09-28 00:18:41,524 [ERROR] LogOutputStream:75 - [STDERR_REDIRECT] [Fatal Error] :1:1: Premature end of file.
2026-09-28 00:18:41,524 [ERROR] LogOutputStream:75 - [STDERR_REDIRECT] 
2026-09-28 00:18:42,524 [ERROR] LogOutputStream:75 - [STDERR_REDIRECT] [Fatal Error] :1:1: Premature end of file.
2026-09-28 00:18:42,524 [ERROR] LogOutputStream:75 - [STDERR_REDIRECT] 
2026-09-28 00:18:43,523 [ERROR] LogOutputStream:75 - [STDERR_REDIRECT] [Fatal Error] :1:1: Premature end of file.
2026-09-28 00:18:43,523 [ERROR] LogOutputStream:75 - [STDERR_REDIRECT] 
2026-09-28 00:18:44,524 [ERROR] LogOutputStream:75 - [STDERR_REDIRECT] [Fatal Error] :1:1: Premature end of file.
2026-09-28 00:18:44,524 [ERROR] LogOutputStream:75 - [STDERR_REDIRECT] 
2026-09-28 00:18:45,523 [ERROR] LogOutputStream:75 - [STDERR_REDIRECT] [Fatal Error] :1:1: Premature end of file.
2026-09-28 00:18:45,523 [ERROR] LogOutputStream:75 - [STDERR_REDIRECT] 
2026-09-28 00:18:46,524 [ERROR] LogOutputStream:75 - [STDERR_REDIRECT] [Fatal Error] :1:1: Premature end of file.
2026-09-28 00:18:46,524 [ERROR] LogOutputStream:75 - [STDERR_REDIRECT] 
2026-09-28 00:18:47,522 [ERROR] LogOutputStream:75 - [STDERR_REDIRECT] [Fatal Error] :1:1: Premature end of file.
2026-09-28 00:18:47,522 [ERROR] LogOutputStream:75 - [STDERR_REDIRECT] 
2026-09-28 00:18:48,523 [ERROR] LogOutputStream:75 - [STDERR_REDIRECT] [Fatal Error] :1:1: Premature end of file.
2026-09-28 00:18:48,523 [ERROR] LogOutputStream:75 - [STDERR_REDIRECT] 
2026-09-28 00:18:49,524 [ERROR] LogOutputStream:75 - [STDERR_REDIRECT] [Fatal Error] :1:1: Premature end of file.
2026-09-28 00:18:49,525 [ERROR] LogOutputStream:75 - [STDERR_REDIRECT] 
2026-09-28 00:18:50,524 [ERROR] LogOutputStream:75 - [STDERR_REDIRECT] [Fatal Error] :1:1: Premature end of file.
2026-09-28 00:18:50,524 [ERROR] LogOutputStream:75 - [STDERR_REDIRECT] 
2026-09-28 00:18:51,525 [ERROR] LogOutputStream:75 - [STDERR_REDIRECT] [Fatal Error] :1:1: Premature end of file.
2026-09-28 00:18:51,525 [ERROR] LogOutputStream:75 - [STDERR_REDIRECT] 
2026-09-28 00:18:52,525 [ERROR] LogOutputStream:75 - [STDERR_REDIRECT] [Fatal Error] :1:1: Premature end of file.
2026-09-28 00:18:52,525 [ERROR] LogOutputStream:75 - [STDERR_REDIRECT] 
2026-09-28 00:18:53,527 [ERROR] LogOutputStream:75 - [STDERR_REDIRECT] [Fatal Error] :1:1: Premature end of file.
2026-09-28 00:18:53,527 [ERROR] LogOutputStream:75 - [STDERR_REDIRECT] 
2026-09-28 00:18:54,524 [ERROR] LogOutputStream:75 - [STDERR_REDIRECT] [Fatal Error] :1:1: Premature end of file.
2026-09-28 00:18:54,525 [ERROR] LogOutputStream:75 - [STDERR_REDIRECT] 
2026-09-28 00:18:55,525 [ERROR] LogOutputStream:75 - [STDERR_REDIRECT] [Fatal Error] :1:1: Premature end of file.
2026-09-28 00:18:55,525 [ERROR] LogOutputStream:75 - [STDERR_REDIRECT] 
2026-09-28 00:18:56,526 [ERROR] LogOutputStream:75 - [STDERR_REDIRECT] [Fatal Error] :1:1: Premature end of file.
2026-09-28 00:18:56,526 [ERROR] LogOutputStream:75 - [STDERR_REDIRECT] 
2026-09-28 00:18:57,523 [ERROR] LogOutputStream:75 - [STDERR_REDIRECT] [Fatal Error] :1:1: Premature end of file.
2026-09-28 00:18:57,523 [ERROR] LogOutputStream:75 - [STDERR_REDIRECT] 
2026-09-28 00:18:58,524 [ERROR] LogOutputStream:75 - [STDERR_REDIRECT] [Fatal Error] :1:1: Premature end of file.
2026-09-28 00:18:58,524 [ERROR] LogOutputStream:75 - [STDERR_REDIRECT] 
2026-09-28 00:18:59,524 [ERROR] LogOutputStream:75 - [STDERR_REDIRECT] [Fatal Error] :1:1: Premature end of file.
2026-09-28 00:18:59,524 [ERROR] LogOutputStream:75 - [STDERR_REDIRECT] 
2026-09-28 00:19:00,524 [ERROR] LogOutputStream:75 - [STDERR_REDIRECT] [Fatal Error] :1:1: Premature end of file.
2026-09-28 00:19:00,524 [ERROR] LogOutputStream:75 - [STDERR_REDIRECT] 
2026-09-28 00:19:01,524 [ERROR] LogOutputStream:75 - [STDERR_REDIRECT] [Fatal Error] :1:1: Premature end of file.
2026-09-28 00:19:01,524 [ERROR] LogOutputStream:75 - [STDERR_REDIRECT] 
2026-09-28 00:19:02,525 [ERROR] LogOutputStream:75 - [STDERR_REDIRECT] [Fatal Error] :1:1: Premature end of file.
2026-09-28 00:19:02,525 [ERROR] LogOutputStream:75 - [STDERR_REDIRECT] 
2026-09-28 00:19:03,523 [ERROR] LogOutputStream:75 - [STDERR_REDIRECT] [Fatal Error] :1:1: Premature end of file.
2026-09-28 00:19:03,523 [ERROR] LogOutputStream:75 - [STDERR_REDIRECT] 
2026-09-28 00:19:04,525 [ERROR] LogOutputStream:75 - [STDERR_REDIRECT] [Fatal Error] :1:1: Premature end of file.
2026-09-28 00:19:04,525 [ERROR] LogOutputStream:75 - [STDERR_REDIRECT] 
2026-09-28 00:19:05,524 [ERROR] LogOutputStream:75 - [STDERR_REDIRECT] [Fatal Error] :1:1: Premature end of file.
2026-09-28 00:19:05,525 [ERROR] LogOutputStream:75 - [STDERR_REDIRECT] 
2026-09-28 00:19:06,525 [ERROR] LogOutputStream:75 - [STDERR_REDIRECT] [Fatal Error] :1:1: Premature end of file.
2026-09-28 00:19:06,525 [ERROR] LogOutputStream:75 - [STDERR_REDIRECT] 
2026-09-28 00:19:07,523 [ERROR] LogOutputStream:75 - [STDERR_REDIRECT] [Fatal Error] :1:1: Premature end of file.
2026-09-28 00:19:07,523 [ERROR] LogOutputStream:75 - [STDERR_REDIRECT] 
2026-09-28 00:19:08,524 [ERROR] LogOutputStream:75 - [STDERR_REDIRECT] [Fatal Error] :1:1: Premature end of file.
2026-09-28 00:19:08,524 [ERROR] LogOutputStream:75 - [STDERR_REDIRECT] 
2026-09-28 00:19:09,523 [ERROR] LogOutputStream:75 - [STDERR_REDIRECT] [Fatal Error] :1:1: Premature end of file.
2026-09-28 00:19:09,523 [ERROR] LogOutputStream:75 - [STDERR_REDIRECT] 
2026-09-28 00:19:10,524 [ERROR] LogOutputStream:75 - [STDERR_REDIRECT] [Fatal Error] :1:1: Premature end of file.
2026-09-28 00:19:10,524 [ERROR] LogOutputStream:75 - [STDERR_REDIRECT] 
2026-09-28 00:19:11,534 [ERROR] LogOutputStream:75 - [STDERR_REDIRECT] [Fatal Error] :1:1: Premature end of file.
2026-09-28 00:19:11,535 [ERROR] LogOutputStream:75 - [STDERR_REDIRECT] 
2026-09-28 00:19:12,524 [ERROR] LogOutputStream:75 - [STDERR_REDIRECT] [Fatal Error] :1:1: Premature end of file.
2026-09-28 00:19:12,524 [ERROR] LogOutputStream:75 - [STDERR_REDIRECT] 
2026-09-28 00:19:13,524 [ERROR] LogOutputStream:75 - [STDERR_REDIRECT] [Fatal Error] :1:1: Premature end of file.
2026-09-28 00:19:13,524 [ERROR] LogOutputStream:75 - [STDERR_REDIRECT] 
2026-09-28 00:19:14,524 [ERROR] LogOutputStream:75 - [STDERR_REDIRECT] [Fatal Error] :1:1: Premature end of file.
2026-09-28 00:19:14,524 [ERROR] LogOutputStream:75 - [STDERR_REDIRECT] 
2026-09-28 00:19:15,524 [ERROR] LogOutputStream:75 - [STDERR_REDIRECT] [Fatal Error] :1:1: Premature end of file.
2026-09-28 00:19:15,524 [ERROR] LogOutputStream:75 - [STDERR_REDIRECT] 
2026-09-28 00:19:16,524 [ERROR] LogOutputStream:75 - [STDERR_REDIRECT] [Fatal Error] :1:1: Premature end of file.
2026-09-28 00:19:16,524 [ERROR] LogOutputStream:75 - [STDERR_REDIRECT] 
2026-09-28 00:19:17,525 [ERROR] LogOutputStream:75 - [STDERR_REDIRECT] [Fatal Error] :1:1: Premature end of file.
2026-09-28 00:19:17,525 [ERROR] LogOutputStream:75 - [STDERR_REDIRECT] 
2026-09-28 00:19:18,525 [ERROR] LogOutputStream:75 - [STDERR_REDIRECT] [Fatal Error] :1:1: Premature end of file.
2026-09-28 00:19:18,526 [ERROR] LogOutputStream:75 - [STDERR_REDIRECT] 
2026-09-28 00:19:19,525 [ERROR] LogOutputStream:75 - [STDERR_REDIRECT] [Fatal Error] :1:1: Premature end of file.
2026-09-28 00:19:19,525 [ERROR] LogOutputStream:75 - [STDERR_REDIRECT] 
2026-09-28 00:19:20,524 [ERROR] LogOutputStream:75 - [STDERR_REDIRECT] [Fatal Error] :1:1: Premature end of file.
2026-09-28 00:19:20,524 [ERROR] LogOutputStream:75 - [STDERR_REDIRECT] 
2026-09-28 00:19:21,523 [ERROR] LogOutputStream:75 - [STDERR_REDIRECT] [Fatal Error] :1:1: Premature end of file.
2026-09-28 00:19:21,523 [ERROR] LogOutputStream:75 - [STDERR_REDIRECT] 
2026-09-28 00:19:22,524 [ERROR] LogOutputStream:75 - [STDERR_REDIRECT] [Fatal Error] :1:1: Premature end of file.
2026-09-28 00:19:22,524 [ERROR] LogOutputStream:75 - [STDERR_REDIRECT] 
2026-09-28 00:19:23,524 [ERROR] LogOutputStream:75 - [STDERR_REDIRECT] [Fatal Error] :1:1: Premature end of file.
2026-09-28 00:19:23,524 [ERROR] LogOutputStream:75 - [STDERR_REDIRECT] 
2026-09-28 00:19:24,524 [ERROR] LogOutputStream:75 - [STDERR_REDIRECT] [Fatal Error] :1:1: Premature end of file.
2026-09-28 00:19:24,524 [ERROR] LogOutputStream:75 - [STDERR_REDIRECT] 
2026-09-28 00:19:25,526 [ERROR] LogOutputStream:75 - [STDERR_REDIRECT] [Fatal Error] :1:1: Premature end of file.
2026-09-28 00:19:25,526 [ERROR] LogOutputStream:75 - [STDERR_REDIRECT] 
2026-09-28 00:19:26,523 [ERROR] LogOutputStream:75 - [STDERR_REDIRECT] [Fatal Error] :1:1: Premature end of file.
2026-09-28 00:19:26,523 [ERROR] LogOutputStream:75 - [STDERR_REDIRECT] 
2026-09-28 00:19:27,524 [ERROR] LogOutputStream:75 - [STDERR_REDIRECT] [Fatal Error] :1:1: Premature end of file.
2026-09-28 00:19:27,524 [ERROR] LogOutputStream:75 - [STDERR_REDIRECT] 
2026-09-28 00:19:28,524 [ERROR] LogOutputStream:75 - [STDERR_REDIRECT] [Fatal Error] :1:1: Premature end of file.
2026-09-28 00:19:28,524 [ERROR] LogOutputStream:75 - [STDERR_REDIRECT] 
2026-09-28 00:19:29,525 [ERROR] LogOutputStream:75 - [STDERR_REDIRECT] [Fatal Error] :1:1: Premature end of file.
2026-09-28 00:19:29,525 [ERROR] LogOutputStream:75 - [STDERR_REDIRECT] 
2026-09-28 00:19:30,524 [ERROR] LogOutputStream:75 - [STDERR_REDIRECT] [Fatal Error] :1:1: Premature end of file.
2026-09-28 00:19:30,525 [ERROR] LogOutputStream:75 - [STDERR_REDIRECT] 
2026-09-28 00:19:31,526 [ERROR] LogOutputStream:75 - [STDERR_REDIRECT] [Fatal Error] :1:1: Premature end of file.
2026-09-28 00:19:31,526 [ERROR] LogOutputStream:75 - [STDERR_REDIRECT] 
2026-09-28 00:19:32,525 [ERROR] LogOutputStream:75 - [STDERR_REDIRECT] [Fatal Error] :1:1: Premature end of file.
2026-09-28 00:19:32,525 [ERROR] LogOutputStream:75 - [STDERR_REDIRECT] 
2026-09-28 00:19:33,524 [ERROR] LogOutputStream:75 - [STDERR_REDIRECT] [Fatal Error] :1:1: Premature end of file.
2026-09-28 00:19:33,524 [ERROR] LogOutputStream:75 - [STDERR_REDIRECT] 
2026-09-28 00:19:34,524 [ERROR] LogOutputStream:75 - [STDERR_REDIRECT] [Fatal Error] :1:1: Premature end of file.
2026-09-28 00:19:34,524 [ERROR] LogOutputStream:75 - [STDERR_REDIRECT] 
2026-09-28 00:19:35,522 [ERROR] LogOutputStream:75 - [STDERR_REDIRECT] [Fatal Error] :1:1: Premature end of file.
2026-09-28 00:19:35,522 [ERROR] LogOutputStream:75 - [STDERR_REDIRECT] 
2026-09-28 00:19:36,524 [ERROR] LogOutputStream:75 - [STDERR_REDIRECT] [Fatal Error] :1:1: Premature end of file.
2026-09-28 00:19:36,524 [ERROR] LogOutputStream:75 - [STDERR_REDIRECT] 
2026-09-28 00:19:37,524 [ERROR] LogOutputStream:75 - [STDERR_REDIRECT] [Fatal Error] :1:1: Premature end of file.
2026-09-28 00:19:37,524 [ERROR] LogOutputStream:75 - [STDERR_REDIRECT] 
2026-09-28 00:19:38,524 [ERROR] LogOutputStream:75 - [STDERR_REDIRECT] [Fatal Error] :1:1: Premature end of file.
2026-09-28 00:19:38,524 [ERROR] LogOutputStream:75 - [STDERR_REDIRECT] 
2026-09-28 00:19:39,524 [ERROR] LogOutputStream:75 - [STDERR_REDIRECT] [Fatal Error] :1:1: Premature end of file.
2026-09-28 00:19:39,524 [ERROR] LogOutputStream:75 - [STDERR_REDIRECT] 
2026-09-28 00:19:40,523 [ERROR] LogOutputStream:75 - [STDERR_REDIRECT] [Fatal Error] :1:1: Premature end of file.
2026-09-28 00:19:40,523 [ERROR] LogOutputStream:75 - [STDERR_REDIRECT] 
2026-09-28 00:19:41,525 [ERROR] LogOutputStream:75 - [STDERR_REDIRECT] [Fatal Error] :1:1: Premature end of file.
2026-09-28 00:19:41,525 [ERROR] LogOutputStream:75 - [STDERR_REDIRECT] 
2026-09-28 00:19:42,526 [ERROR] LogOutputStream:75 - [STDERR_REDIRECT] [Fatal Error] :1:1: Premature end of file.
2026-09-28 00:19:42,526 [ERROR] LogOutputStream:75 - [STDERR_REDIRECT] 
2026-09-28 00:19:43,525 [ERROR] LogOutputStream:75 - [STDERR_REDIRECT] [Fatal Error] :1:1: Premature end of file.
2026-09-28 00:19:43,525 [ERROR] LogOutputStream:75 - [STDERR_REDIRECT] 
2026-09-28 00:19:44,523 [ERROR] LogOutputStream:75 - [STDERR_REDIRECT] [Fatal Error] :1:1: Premature end of file.
2026-09-28 00:19:44,523 [ERROR] LogOutputStream:75 - [STDERR_REDIRECT] 
2026-09-28 00:19:45,526 [ERROR] LogOutputStream:75 - [STDERR_REDIRECT] [Fatal Error] :1:1: Premature end of file.
2026-09-28 00:19:45,526 [ERROR] LogOutputStream:75 - [STDERR_REDIRECT] 
2026-09-28 00:19:46,525 [ERROR] LogOutputStream:75 - [STDERR_REDIRECT] [Fatal Error] :1:1: Premature end of file.
2026-09-28 00:19:46,525 [ERROR] LogOutputStream:75 - [STDERR_REDIRECT] 
2026-09-28 00:19:47,524 [ERROR] LogOutputStream:75 - [STDERR_REDIRECT] [Fatal Error] :1:1: Premature end of file.
2026-09-28 00:19:47,524 [ERROR] LogOutputStream:75 - [STDERR_REDIRECT] 
2026-09-28 00:19:48,524 [ERROR] LogOutputStream:75 - [STDERR_REDIRECT] [Fatal Error] :1:1: Premature end of file.
2026-09-28 00:19:48,524 [ERROR] LogOutputStream:75 - [STDERR_REDIRECT] 
2026-09-28 00:19:49,525 [ERROR] LogOutputStream:75 - [STDERR_REDIRECT] [Fatal Error] :1:1: Premature end of file.
2026-09-28 00:19:49,525 [ERROR] LogOutputStream:75 - [STDERR_REDIRECT] 
2026-09-28 00:19:50,526 [ERROR] LogOutputStream:75 - [STDERR_REDIRECT] [Fatal Error] :1:1: Premature end of file.
2026-09-28 00:19:50,526 [ERROR] LogOutputStream:75 - [STDERR_REDIRECT] 
2026-09-28 00:19:51,530 [ERROR] LogOutputStream:75 - [STDERR_REDIRECT] [Fatal Error] :1:1: Premature end of file.
2026-09-28 00:19:51,530 [ERROR] LogOutputStream:75 - [STDERR_REDIRECT] 
2026-09-28 00:19:52,526 [ERROR] LogOutputStream:75 - [STDERR_REDIRECT] [Fatal Error] :1:1: Premature end of file.
2026-09-28 00:19:52,526 [ERROR] LogOutputStream:75 - [STDERR_REDIRECT] 
2026-09-28 00:19:53,523 [ERROR] LogOutputStream:75 - [STDERR_REDIRECT] [Fatal Error] :1:1: Premature end of file.
2026-09-28 00:19:53,523 [ERROR] LogOutputStream:75 - [STDERR_REDIRECT] 
2026-09-28 00:19:54,525 [ERROR] LogOutputStream:75 - [STDERR_REDIRECT] [Fatal Error] :1:1: Premature end of file.
2026-09-28 00:19:54,525 [ERROR] LogOutputStream:75 - [STDERR_REDIRECT] 
2026-09-28 00:19:55,524 [ERROR] LogOutputStream:75 - [STDERR_REDIRECT] [Fatal Error] :1:1: Premature end of file.
2026-09-28 00:19:55,524 [ERROR] LogOutputStream:75 - [STDERR_REDIRECT] 
2026-09-28 00:19:56,524 [ERROR] LogOutputStream:75 - [STDERR_REDIRECT] [Fatal Error] :1:1: Premature end of file.
2026-09-28 00:19:56,524 [ERROR] LogOutputStream:75 - [STDERR_REDIRECT] 
2026-09-28 00:19:57,526 [ERROR] LogOutputStream:75 - [STDERR_REDIRECT] [Fatal Error] :1:1: Premature end of file.
2026-09-28 00:19:57,526 [ERROR] LogOutputStream:75 - [STDERR_REDIRECT] 
2026-09-28 00:19:58,526 [ERROR] LogOutputStream:75 - [STDERR_REDIRECT] [Fatal Error] :1:1: Premature end of file.
2026-09-28 00:19:58,526 [ERROR] LogOutputStream:75 - [STDERR_REDIRECT] 
2026-09-28 00:19:59,524 [ERROR] LogOutputStream:75 - [STDERR_REDIRECT] [Fatal Error] :1:1: Premature end of file.
2026-09-28 00:19:59,524 [ERROR] LogOutputStream:75 - [STDERR_REDIRECT] 
2026-09-28 00:20:00,523 [ERROR] LogOutputStream:75 - [STDERR_REDIRECT] [Fatal Error] :1:1: Premature end of file.
2026-09-28 00:20:00,524 [ERROR] LogOutputStream:75 - [STDERR_REDIRECT] 
2026-09-28 00:20:01,524 [ERROR] LogOutputStream:75 - [STDERR_REDIRECT] [Fatal Error] :1:1: Premature end of file.
2026-09-28 00:20:01,524 [ERROR] LogOutputStream:75 - [STDERR_REDIRECT] 
2026-09-28 00:20:02,524 [ERROR] LogOutputStream:75 - [STDERR_REDIRECT] [Fatal Error] :1:1: Premature end of file.
2026-09-28 00:20:02,524 [ERROR] LogOutputStream:75 - [STDERR_REDIRECT] 
2026-09-28 00:20:03,532 [ERROR] LogOutputStream:75 - [STDERR_REDIRECT] [Fatal Error] :1:1: Premature end of file.
2026-09-28 00:20:03,532 [ERROR] LogOutputStream:75 - [STDERR_REDIRECT] 
2026-09-28 00:20:04,524 [ERROR] LogOutputStream:75 - [STDERR_REDIRECT] [Fatal Error] :1:1: Premature end of file.
2026-09-28 00:20:04,524 [ERROR] LogOutputStream:75 - [STDERR_REDIRECT] 
2026-09-28 00:20:05,524 [ERROR] LogOutputStream:75 - [STDERR_REDIRECT] [Fatal Error] :1:1: Premature end of file.
2026-09-28 00:20:05,524 [ERROR] LogOutputStream:75 - [STDERR_REDIRECT] 
2026-09-28 00:20:06,526 [ERROR] LogOutputStream:75 - [STDERR_REDIRECT] [Fatal Error] :1:1: Premature end of file.
2026-09-28 00:20:06,526 [ERROR] LogOutputStream:75 - [STDERR_REDIRECT] 
2026-09-28 00:20:07,524 [ERROR] LogOutputStream:75 - [STDERR_REDIRECT] [Fatal Error] :1:1: Premature end of file.
2026-09-28 00:20:07,524 [ERROR] LogOutputStream:75 - [STDERR_REDIRECT] 
2026-09-28 00:20:08,524 [ERROR] LogOutputStream:75 - [STDERR_REDIRECT] [Fatal Error] :1:1: Premature end of file.
2026-09-28 00:20:08,524 [ERROR] LogOutputStream:75 - [STDERR_REDIRECT] 
2026-09-28 00:20:09,523 [ERROR] LogOutputStream:75 - [STDERR_REDIRECT] [Fatal Error] :1:1: Premature end of file.
2026-09-28 00:20:09,523 [ERROR] LogOutputStream:75 - [STDERR_REDIRECT] 
2026-09-28 00:20:10,524 [ERROR] LogOutputStream:75 - [STDERR_REDIRECT] [Fatal Error] :1:1: Premature end of file.
2026-09-28 00:20:10,524 [ERROR] LogOutputStream:75 - [STDERR_REDIRECT] 
2026-09-28 00:20:11,524 [ERROR] LogOutputStream:75 - [STDERR_REDIRECT] [Fatal Error] :1:1: Premature end of file.
2026-09-28 00:20:11,524 [ERROR] LogOutputStream:75 - [STDERR_REDIRECT] 
2026-09-28 00:20:12,524 [ERROR] LogOutputStream:75 - [STDERR_REDIRECT] [Fatal Error] :1:1: Premature end of file.
2026-09-28 00:20:12,524 [ERROR] LogOutputStream:75 - [STDERR_REDIRECT] 
2026-09-28 00:20:13,525 [ERROR] LogOutputStream:75 - [STDERR_REDIRECT] [Fatal Error] :1:1: Premature end of file.
2026-09-28 00:20:13,526 [ERROR] LogOutputStream:75 - [STDERR_REDIRECT] 
2026-09-28 00:20:14,526 [ERROR] LogOutputStream:75 - [STDERR_REDIRECT] [Fatal Error] :1:1: Premature end of file.
2026-09-28 00:20:14,526 [ERROR] LogOutputStream:75 - [STDERR_REDIRECT] 
2026-09-28 00:20:15,524 [ERROR] LogOutputStream:75 - [STDERR_REDIRECT] [Fatal Error] :1:1: Premature end of file.
2026-09-28 00:20:15,524 [ERROR] LogOutputStream:75 - [STDERR_REDIRECT] 
2026-09-28 00:20:16,525 [ERROR] LogOutputStream:75 - [STDERR_REDIRECT] [Fatal Error] :1:1: Premature end of file.
2026-09-28 00:20:16,526 [ERROR] LogOutputStream:75 - [STDERR_REDIRECT] 
2026-09-28 00:20:17,524 [ERROR] LogOutputStream:75 - [STDERR_REDIRECT] [Fatal Error] :1:1: Premature end of file.
2026-09-28 00:20:17,524 [ERROR] LogOutputStream:75 - [STDERR_REDIRECT] 
2026-09-28 00:20:18,525 [ERROR] LogOutputStream:75 - [STDERR_REDIRECT] [Fatal Error] :1:1: Premature end of file.
2026-09-28 00:20:18,525 [ERROR] LogOutputStream:75 - [STDERR_REDIRECT] 
2026-09-28 00:20:19,523 [ERROR] LogOutputStream:75 - [STDERR_REDIRECT] [Fatal Error] :1:1: Premature end of file.
2026-09-28 00:20:19,523 [ERROR] LogOutputStream:75 - [STDERR_REDIRECT] 
2026-09-28 00:20:20,524 [ERROR] LogOutputStream:75 - [STDERR_REDIRECT] [Fatal Error] :1:1: Premature end of file.
2026-09-28 00:20:20,524 [ERROR] LogOutputStream:75 - [STDERR_REDIRECT] 
2026-09-28 00:20:21,523 [ERROR] LogOutputStream:75 - [STDERR_REDIRECT] [Fatal Error] :1:1: Premature end of file.
2026-09-28 00:20:21,524 [ERROR] LogOutputStream:75 - [STDERR_REDIRECT] 
2026-09-28 00:20:22,524 [ERROR] LogOutputStream:75 - [STDERR_REDIRECT] [Fatal Error] :1:1: Premature end of file.
2026-09-28 00:20:22,524 [ERROR] LogOutputStream:75 - [STDERR_REDIRECT] 
2026-09-28 00:20:23,525 [ERROR] LogOutputStream:75 - [STDERR_REDIRECT] [Fatal Error] :1:1: Premature end of file.
2026-09-28 00:20:23,526 [ERROR] LogOutputStream:75 - [STDERR_REDIRECT] 
2026-09-28 00:20:24,524 [ERROR] LogOutputStream:75 - [STDERR_REDIRECT] [Fatal Error] :1:1: Premature end of file.
2026-09-28 00:20:24,525 [ERROR] LogOutputStream:75 - [STDERR_REDIRECT] 
2026-09-28 00:20:25,523 [ERROR] LogOutputStream:75 - [STDERR_REDIRECT] [Fatal Error] :1:1: Premature end of file.
2026-09-28 00:20:25,524 [ERROR] LogOutputStream:75 - [STDERR_REDIRECT] 
2026-09-28 00:20:26,523 [ERROR] LogOutputStream:75 - [STDERR_REDIRECT] [Fatal Error] :1:1: Premature end of file.
2026-09-28 00:20:26,523 [ERROR] LogOutputStream:75 - [STDERR_REDIRECT] 
2026-09-28 00:20:27,522 [ERROR] LogOutputStream:75 - [STDERR_REDIRECT] [Fatal Error] :1:1: Premature end of file.
2026-09-28 00:20:27,522 [ERROR] LogOutputStream:75 - [STDERR_REDIRECT] 
2026-09-28 00:20:28,525 [ERROR] LogOutputStream:75 - [STDERR_REDIRECT] [Fatal Error] :1:1: Premature end of file.
2026-09-28 00:20:28,525 [ERROR] LogOutputStream:75 - [STDERR_REDIRECT] 
2026-09-28 00:20:29,524 [ERROR] LogOutputStream:75 - [STDERR_REDIRECT] [Fatal Error] :1:1: Premature end of file.
2026-09-28 00:20:29,524 [ERROR] LogOutputStream:75 - [STDERR_REDIRECT] 
2026-09-28 00:20:30,526 [ERROR] LogOutputStream:75 - [STDERR_REDIRECT] [Fatal Error] :1:1: Premature end of file.
2026-09-28 00:20:30,526 [ERROR] LogOutputStream:75 - [STDERR_REDIRECT] 
2026-09-28 00:20:31,523 [ERROR] LogOutputStream:75 - [STDERR_REDIRECT] [Fatal Error] :1:1: Premature end of file.
2026-09-28 00:20:31,524 [ERROR] LogOutputStream:75 - [STDERR_REDIRECT] 
2026-09-28 00:20:32,524 [ERROR] LogOutputStream:75 - [STDERR_REDIRECT] [Fatal Error] :1:1: Premature end of file.
2026-09-28 00:20:32,524 [ERROR] LogOutputStream:75 - [STDERR_REDIRECT] 
2026-09-28 00:20:33,526 [ERROR] LogOutputStream:75 - [STDERR_REDIRECT] [Fatal Error] :1:1: Premature end of file.
2026-09-28 00:20:33,526 [ERROR] LogOutputStream:75 - [STDERR_REDIRECT] 
2026-09-28 00:20:34,528 [ERROR] LogOutputStream:75 - [STDERR_REDIRECT] [Fatal Error] :1:1: Premature end of file.
2026-09-28 00:20:34,528 [ERROR] LogOutputStream:75 - [STDERR_REDIRECT] 
2026-09-28 00:20:35,523 [ERROR] LogOutputStream:75 - [STDERR_REDIRECT] [Fatal Error] :1:1: Premature end of file.
2026-09-28 00:20:35,523 [ERROR] LogOutputStream:75 - [STDERR_REDIRECT] 
2026-09-28 00:20:36,524 [ERROR] LogOutputStream:75 - [STDERR_REDIRECT] [Fatal Error] :1:1: Premature end of file.
2026-09-28 00:20:36,524 [ERROR] LogOutputStream:75 - [STDERR_REDIRECT] 
2026-09-28 00:20:37,524 [ERROR] LogOutputStream:75 - [STDERR_REDIRECT] [Fatal Error] :1:1: Premature end of file.
2026-09-28 00:20:37,524 [ERROR] LogOutputStream:75 - [STDERR_REDIRECT] 
2026-09-28 00:20:38,524 [ERROR] LogOutputStream:75 - [STDERR_REDIRECT] [Fatal Error] :1:1: Premature end of file.
2026-09-28 00:20:38,524 [ERROR] LogOutputStream:75 - [STDERR_REDIRECT] 
2026-09-28 00:20:39,526 [ERROR] LogOutputStream:75 - [STDERR_REDIRECT] [Fatal Error] :1:1: Premature end of file.
2026-09-28 00:20:39,526 [ERROR] LogOutputStream:75 - [STDERR_REDIRECT] 
2026-09-28 00:20:40,524 [ERROR] LogOutputStream:75 - [STDERR_REDIRECT] [Fatal Error] :1:1: Premature end of file.
2026-09-28 00:20:40,524 [ERROR] LogOutputStream:75 - [STDERR_REDIRECT] 
2026-09-28 00:20:41,524 [ERROR] LogOutputStream:75 - [STDERR_REDIRECT] [Fatal Error] :1:1: Premature end of file.
2026-09-28 00:20:41,524 [ERROR] LogOutputStream:75 - [STDERR_REDIRECT] 
2026-09-28 00:20:42,526 [ERROR] LogOutputStream:75 - [STDERR_REDIRECT] [Fatal Error] :1:1: Premature end of file.
2026-09-28 00:20:42,526 [ERROR] LogOutputStream:75 - [STDERR_REDIRECT] 
2026-09-28 00:20:43,528 [ERROR] LogOutputStream:75 - [STDERR_REDIRECT] [Fatal Error] :1:1: Premature end of file.
2026-09-28 00:20:43,528 [ERROR] LogOutputStream:75 - [STDERR_REDIRECT] 
2026-09-28 00:20:44,525 [ERROR] LogOutputStream:75 - [STDERR_REDIRECT] [Fatal Error] :1:1: Premature end of file.
2026-09-28 00:20:44,525 [ERROR] LogOutputStream:75 - [STDERR_REDIRECT] 
2026-09-28 00:20:45,526 [ERROR] LogOutputStream:75 - [STDERR_REDIRECT] [Fatal Error] :1:1: Premature end of file.
2026-09-28 00:20:45,526 [ERROR] LogOutputStream:75 - [STDERR_REDIRECT] 
2026-09-28 00:20:46,522 [ERROR] LogOutputStream:75 - [STDERR_REDIRECT] [Fatal Error] :1:1: Premature end of file.
2026-09-28 00:20:46,522 [ERROR] LogOutputStream:75 - [STDERR_REDIRECT] 
2026-09-28 00:20:47,526 [ERROR] LogOutputStream:75 - [STDERR_REDIRECT] [Fatal Error] :1:1: Premature end of file.
2026-09-28 00:20:47,527 [ERROR] LogOutputStream:75 - [STDERR_REDIRECT] 
2026-09-28 00:20:48,525 [ERROR] LogOutputStream:75 - [STDERR_REDIRECT] [Fatal Error] :1:1: Premature end of file.
2026-09-28 00:20:48,525 [ERROR] LogOutputStream:75 - [STDERR_REDIRECT] 
2026-09-28 00:20:49,524 [ERROR] LogOutputStream:75 - [STDERR_REDIRECT] [Fatal Error] :1:1: Premature end of file.
2026-09-28 00:20:49,525 [ERROR] LogOutputStream:75 - [STDERR_REDIRECT] 
2026-09-28 00:20:50,524 [ERROR] LogOutputStream:75 - [STDERR_REDIRECT] [Fatal Error] :1:1: Premature end of file.
2026-09-28 00:20:50,524 [ERROR] LogOutputStream:75 - [STDERR_REDIRECT] 
2026-09-28 00:20:51,523 [ERROR] LogOutputStream:75 - [STDERR_REDIRECT] [Fatal Error] :1:1: Premature end of file.
2026-09-28 00:20:51,523 [ERROR] LogOutputStream:75 - [STDERR_REDIRECT] 
2026-09-28 00:20:52,523 [ERROR] LogOutputStream:75 - [STDERR_REDIRECT] [Fatal Error] :1:1: Premature end of file.
2026-09-28 00:20:52,523 [ERROR] LogOutputStream:75 - [STDERR_REDIRECT] 
2026-09-28 00:20:53,524 [ERROR] LogOutputStream:75 - [STDERR_REDIRECT] [Fatal Error] :1:1: Premature end of file.
2026-09-28 00:20:53,524 [ERROR] LogOutputStream:75 - [STDERR_REDIRECT] 
2026-09-28 00:20:54,524 [ERROR] LogOutputStream:75 - [STDERR_REDIRECT] [Fatal Error] :1:1: Premature end of file.
2026-09-28 00:20:54,524 [ERROR] LogOutputStream:75 - [STDERR_REDIRECT] 
2026-09-28 00:20:55,524 [ERROR] LogOutputStream:75 - [STDERR_REDIRECT] [Fatal Error] :1:1: Premature end of file.
2026-09-28 00:20:55,524 [ERROR] LogOutputStream:75 - [STDERR_REDIRECT] 
2026-09-28 00:20:56,524 [ERROR] LogOutputStream:75 - [STDERR_REDIRECT] [Fatal Error] :1:1: Premature end of file.
2026-09-28 00:20:56,524 [ERROR] LogOutputStream:75 - [STDERR_REDIRECT] 
2026-09-28 00:20:57,524 [ERROR] LogOutputStream:75 - [STDERR_REDIRECT] [Fatal Error] :1:1: Premature end of file.
2026-09-28 00:20:57,524 [ERROR] LogOutputStream:75 - [STDERR_REDIRECT] 
2026-09-28 00:20:58,526 [ERROR] LogOutputStream:75 - [STDERR_REDIRECT] [Fatal Error] :1:1: Premature end of file.
2026-09-28 00:20:58,526 [ERROR] LogOutputStream:75 - [STDERR_REDIRECT] 
2026-09-28 00:20:59,524 [ERROR] LogOutputStream:75 - [STDERR_REDIRECT] [Fatal Error] :1:1: Premature end of file.
2026-09-28 00:20:59,524 [ERROR] LogOutputStream:75 - [STDERR_REDIRECT] 
2026-09-28 00:21:00,524 [ERROR] LogOutputStream:75 - [STDERR_REDIRECT] [Fatal Error] :1:1: Premature end of file.
2026-09-28 00:21:00,524 [ERROR] LogOutputStream:75 - [STDERR_REDIRECT] 
2026-09-28 00:21:01,525 [ERROR] LogOutputStream:75 - [STDERR_REDIRECT] [Fatal Error] :1:1: Premature end of file.
2026-09-28 00:21:01,525 [ERROR] LogOutputStream:75 - [STDERR_REDIRECT] 
2026-09-28 00:21:02,523 [ERROR] LogOutputStream:75 - [STDERR_REDIRECT] [Fatal Error] :1:1: Premature end of file.
2026-09-28 00:21:02,523 [ERROR] LogOutputStream:75 - [STDERR_REDIRECT] 
2026-09-28 00:21:03,524 [ERROR] LogOutputStream:75 - [STDERR_REDIRECT] [Fatal Error] :1:1: Premature end of file.
2026-09-28 00:21:03,524 [ERROR] LogOutputStream:75 - [STDERR_REDIRECT] 
2026-09-28 00:21:04,524 [ERROR] LogOutputStream:75 - [STDERR_REDIRECT] [Fatal Error] :1:1: Premature end of file.
2026-09-28 00:21:04,524 [ERROR] LogOutputStream:75 - [STDERR_REDIRECT] 
2026-09-28 00:21:05,523 [ERROR] LogOutputStream:75 - [STDERR_REDIRECT] [Fatal Error] :1:1: Premature end of file.
2026-09-28 00:21:05,523 [ERROR] LogOutputStream:75 - [STDERR_REDIRECT] 
2026-09-28 00:21:06,523 [ERROR] LogOutputStream:75 - [STDERR_REDIRECT] [Fatal Error] :1:1: Premature end of file.
2026-09-28 00:21:06,523 [ERROR] LogOutputStream:75 - [STDERR_REDIRECT] 
2026-09-28 00:21:07,526 [ERROR] LogOutputStream:75 - [STDERR_REDIRECT] [Fatal Error] :1:1: Premature end of file.
2026-09-28 00:21:07,526 [ERROR] LogOutputStream:75 - [STDERR_REDIRECT] 
2026-09-28 00:21:08,525 [ERROR] LogOutputStream:75 - [STDERR_REDIRECT] [Fatal Error] :1:1: Premature end of file.
2026-09-28 00:21:08,525 [ERROR] LogOutputStream:75 - [STDERR_REDIRECT] 
2026-09-28 00:21:09,523 [ERROR] LogOutputStream:75 - [STDERR_REDIRECT] [Fatal Error] :1:1: Premature end of file.
2026-09-28 00:21:09,523 [ERROR] LogOutputStream:75 - [STDERR_REDIRECT] 
2026-09-28 00:21:10,525 [ERROR] LogOutputStream:75 - [STDERR_REDIRECT] [Fatal Error] :1:1: Premature end of file.
2026-09-28 00:21:10,526 [ERROR] LogOutputStream:75 - [STDERR_REDIRECT] 
2026-09-28 00:21:11,524 [ERROR] LogOutputStream:75 - [STDERR_REDIRECT] [Fatal Error] :1:1: Premature end of file.
2026-09-28 00:21:11,524 [ERROR] LogOutputStream:75 - [STDERR_REDIRECT] 
2026-09-28 00:21:12,524 [ERROR] LogOutputStream:75 - [STDERR_REDIRECT] [Fatal Error] :1:1: Premature end of file.
2026-09-28 00:21:12,524 [ERROR] LogOutputStream:75 - [STDERR_REDIRECT] 
2026-09-28 00:21:13,525 [ERROR] LogOutputStream:75 - [STDERR_REDIRECT] [Fatal Error] :1:1: Premature end of file.
2026-09-28 00:21:13,525 [ERROR] LogOutputStream:75 - [STDERR_REDIRECT] 
2026-09-28 00:21:14,524 [ERROR] LogOutputStream:75 - [STDERR_REDIRECT] [Fatal Error] :1:1: Premature end of file.
2026-09-28 00:21:14,524 [ERROR] LogOutputStream:75 - [STDERR_REDIRECT] 
2026-09-28 00:21:15,524 [ERROR] LogOutputStream:75 - [STDERR_REDIRECT] [Fatal Error] :1:1: Premature end of file.
2026-09-28 00:21:15,524 [ERROR] LogOutputStream:75 - [STDERR_REDIRECT] 
2026-09-28 00:21:16,525 [ERROR] LogOutputStream:75 - [STDERR_REDIRECT] [Fatal Error] :1:1: Premature end of file.
2026-09-28 00:21:16,525 [ERROR] LogOutputStream:75 - [STDERR_REDIRECT] 
2026-09-28 00:21:17,526 [ERROR] LogOutputStream:75 - [STDERR_REDIRECT] [Fatal Error] :1:1: Premature end of file.
2026-09-28 00:21:17,526 [ERROR] LogOutputStream:75 - [STDERR_REDIRECT] 
2026-09-28 00:21:18,525 [ERROR] LogOutputStream:75 - [STDERR_REDIRECT] [Fatal Error] :1:1: Premature end of file.
2026-09-28 00:21:18,526 [ERROR] LogOutputStream:75 - [STDERR_REDIRECT] 
2026-09-28 00:21:19,526 [ERROR] LogOutputStream:75 - [STDERR_REDIRECT] [Fatal Error] :1:1: Premature end of file.
2026-09-28 00:21:19,526 [ERROR] LogOutputStream:75 - [STDERR_REDIRECT] 
2026-09-28 00:21:20,525 [ERROR] LogOutputStream:75 - [STDERR_REDIRECT] [Fatal Error] :1:1: Premature end of file.
2026-09-28 00:21:20,525 [ERROR] LogOutputStream:75 - [STDERR_REDIRECT] 
2026-09-28 00:21:21,525 [ERROR] LogOutputStream:75 - [STDERR_REDIRECT] [Fatal Error] :1:1: Premature end of file.
2026-09-28 00:21:21,525 [ERROR] LogOutputStream:75 - [STDERR_REDIRECT] 
2026-09-28 00:21:22,524 [ERROR] LogOutputStream:75 - [STDERR_REDIRECT] [Fatal Error] :1:1: Premature end of file.
2026-09-28 00:21:22,524 [ERROR] LogOutputStream:75 - [STDERR_REDIRECT] 
2026-09-28 00:21:23,525 [ERROR] LogOutputStream:75 - [STDERR_REDIRECT] [Fatal Error] :1:1: Premature end of file.
2026-09-28 00:21:23,525 [ERROR] LogOutputStream:75 - [STDERR_REDIRECT] 
2026-09-28 00:21:24,523 [ERROR] LogOutputStream:75 - [STDERR_REDIRECT] [Fatal Error] :1:1: Premature end of file.
2026-09-28 00:21:24,523 [ERROR] LogOutputStream:75 - [STDERR_REDIRECT] 
2026-09-28 00:21:25,524 [ERROR] LogOutputStream:75 - [STDERR_REDIRECT] [Fatal Error] :1:1: Premature end of file.
2026-09-28 00:21:25,524 [ERROR] LogOutputStream:75 - [STDERR_REDIRECT] 
2026-09-28 00:21:26,523 [ERROR] LogOutputStream:75 - [STDERR_REDIRECT] [Fatal Error] :1:1: Premature end of file.
2026-09-28 00:21:26,523 [ERROR] LogOutputStream:75 - [STDERR_REDIRECT] 
2026-09-28 00:21:27,525 [ERROR] LogOutputStream:75 - [STDERR_REDIRECT] [Fatal Error] :1:1: Premature end of file.
2026-09-28 00:21:27,525 [ERROR] LogOutputStream:75 - [STDERR_REDIRECT] 
2026-09-28 00:21:28,524 [ERROR] LogOutputStream:75 - [STDERR_REDIRECT] [Fatal Error] :1:1: Premature end of file.
2026-09-28 00:21:28,524 [ERROR] LogOutputStream:75 - [STDERR_REDIRECT] 
2026-09-28 00:21:29,525 [ERROR] LogOutputStream:75 - [STDERR_REDIRECT] [Fatal Error] :1:1: Premature end of file.
2026-09-28 00:21:29,525 [ERROR] LogOutputStream:75 - [STDERR_REDIRECT] 
2026-09-28 00:21:30,525 [ERROR] LogOutputStream:75 - [STDERR_REDIRECT] [Fatal Error] :1:1: Premature end of file.
2026-09-28 00:21:30,525 [ERROR] LogOutputStream:75 - [STDERR_REDIRECT] 
2026-09-28 00:21:31,525 [ERROR] LogOutputStream:75 - [STDERR_REDIRECT] [Fatal Error] :1:1: Premature end of file.
2026-09-28 00:21:31,525 [ERROR] LogOutputStream:75 - [STDERR_REDIRECT] 
2026-09-28 00:21:32,524 [ERROR] LogOutputStream:75 - [STDERR_REDIRECT] [Fatal Error] :1:1: Premature end of file.
2026-09-28 00:21:32,524 [ERROR] LogOutputStream:75 - [STDERR_REDIRECT] 
2026-09-28 00:21:33,525 [ERROR] LogOutputStream:75 - [STDERR_REDIRECT] [Fatal Error] :1:1: Premature end of file.
2026-09-28 00:21:33,525 [ERROR] LogOutputStream:75 - [STDERR_REDIRECT] 
2026-09-28 00:21:34,523 [ERROR] LogOutputStream:75 - [STDERR_REDIRECT] [Fatal Error] :1:1: Premature end of file.
2026-09-28 00:21:34,523 [ERROR] LogOutputStream:75 - [STDERR_REDIRECT] 
2026-09-28 00:21:35,524 [ERROR] LogOutputStream:75 - [STDERR_REDIRECT] [Fatal Error] :1:1: Premature end of file.
2026-09-28 00:21:35,524 [ERROR] LogOutputStream:75 - [STDERR_REDIRECT] 
2026-09-28 00:21:36,525 [ERROR] LogOutputStream:75 - [STDERR_REDIRECT] [Fatal Error] :1:1: Premature end of file.
2026-09-28 00:21:36,525 [ERROR] LogOutputStream:75 - [STDERR_REDIRECT] 
2026-09-28 00:21:37,523 [ERROR] LogOutputStream:75 - [STDERR_REDIRECT] [Fatal Error] :1:1: Premature end of file.
2026-09-28 00:21:37,523 [ERROR] LogOutputStream:75 - [STDERR_REDIRECT] 
2026-09-28 00:21:38,524 [ERROR] LogOutputStream:75 - [STDERR_REDIRECT] [Fatal Error] :1:1: Premature end of file.
2026-09-28 00:21:38,524 [ERROR] LogOutputStream:75 - [STDERR_REDIRECT] 
2026-09-28 00:21:39,525 [ERROR] LogOutputStream:75 - [STDERR_REDIRECT] [Fatal Error] :1:1: Premature end of file.
2026-09-28 00:21:39,525 [ERROR] LogOutputStream:75 - [STDERR_REDIRECT] 
2026-09-28 00:21:40,525 [ERROR] LogOutputStream:75 - [STDERR_REDIRECT] [Fatal Error] :1:1: Premature end of file.
2026-09-28 00:21:40,525 [ERROR] LogOutputStream:75 - [STDERR_REDIRECT] 
2026-09-28 00:21:41,524 [ERROR] LogOutputStream:75 - [STDERR_REDIRECT] [Fatal Error] :1:1: Premature end of file.
2026-09-28 00:21:41,524 [ERROR] LogOutputStream:75 - [STDERR_REDIRECT] 
2026-09-28 00:21:42,524 [ERROR] LogOutputStream:75 - [STDERR_REDIRECT] [Fatal Error] :1:1: Premature end of file.
2026-09-28 00:21:42,525 [ERROR] LogOutputStream:75 - [STDERR_REDIRECT] 
2026-09-28 00:21:43,524 [ERROR] LogOutputStream:75 - [STDERR_REDIRECT] [Fatal Error] :1:1: Premature end of file.
2026-09-28 00:21:43,524 [ERROR] LogOutputStream:75 - [STDERR_REDIRECT] 
2026-09-28 00:21:44,524 [ERROR] LogOutputStream:75 - [STDERR_REDIRECT] [Fatal Error] :1:1: Premature end of file.
2026-09-28 00:21:44,524 [ERROR] LogOutputStream:75 - [STDERR_REDIRECT] 
2026-09-28 00:21:45,524 [ERROR] LogOutputStream:75 - [STDERR_REDIRECT] [Fatal Error] :1:1: Premature end of file.
2026-09-28 00:21:45,524 [ERROR] LogOutputStream:75 - [STDERR_REDIRECT] 
2026-09-28 00:21:46,524 [ERROR] LogOutputStream:75 - [STDERR_REDIRECT] [Fatal Error] :1:1: Premature end of file.
2026-09-28 00:21:46,524 [ERROR] LogOutputStream:75 - [STDERR_REDIRECT] 
2026-09-28 00:21:47,523 [ERROR] LogOutputStream:75 - [STDERR_REDIRECT] [Fatal Error] :1:1: Premature end of file.
2026-09-28 00:21:47,523 [ERROR] LogOutputStream:75 - [STDERR_REDIRECT] 
2026-09-28 00:21:48,524 [ERROR] LogOutputStream:75 - [STDERR_REDIRECT] [Fatal Error] :1:1: Premature end of file.
2026-09-28 00:21:48,524 [ERROR] LogOutputStream:75 - [STDERR_REDIRECT] 
2026-09-28 00:21:49,528 [ERROR] LogOutputStream:75 - [STDERR_REDIRECT] [Fatal Error] :1:1: Premature end of file.
2026-09-28 00:21:49,528 [ERROR] LogOutputStream:75 - [STDERR_REDIRECT] 
2026-09-28 00:21:50,525 [ERROR] LogOutputStream:75 - [STDERR_REDIRECT] [Fatal Error] :1:1: Premature end of file.
2026-09-28 00:21:50,526 [ERROR] LogOutputStream:75 - [STDERR_REDIRECT] 
2026-09-28 00:21:51,525 [ERROR] LogOutputStream:75 - [STDERR_REDIRECT] [Fatal Error] :1:1: Premature end of file.
2026-09-28 00:21:51,525 [ERROR] LogOutputStream:75 - [STDERR_REDIRECT] 
2026-09-28 00:21:52,524 [ERROR] LogOutputStream:75 - [STDERR_REDIRECT] [Fatal Error] :1:1: Premature end of file.
2026-09-28 00:21:52,525 [ERROR] LogOutputStream:75 - [STDERR_REDIRECT] 
2026-09-28 00:21:53,525 [ERROR] LogOutputStream:75 - [STDERR_REDIRECT] [Fatal Error] :1:1: Premature end of file.
2026-09-28 00:21:53,525 [ERROR] LogOutputStream:75 - [STDERR_REDIRECT] 
2026-09-28 00:21:54,522 [ERROR] LogOutputStream:75 - [STDERR_REDIRECT] [Fatal Error] :1:1: Premature end of file.
2026-09-28 00:21:54,522 [ERROR] LogOutputStream:75 - [STDERR_REDIRECT] 
2026-09-28 00:21:55,524 [ERROR] LogOutputStream:75 - [STDERR_REDIRECT] [Fatal Error] :1:1: Premature end of file.
2026-09-28 00:21:55,524 [ERROR] LogOutputStream:75 - [STDERR_REDIRECT] 
2026-09-28 00:21:56,525 [ERROR] LogOutputStream:75 - [STDERR_REDIRECT] [Fatal Error] :1:1: Premature end of file.
2026-09-28 00:21:56,525 [ERROR] LogOutputStream:75 - [STDERR_REDIRECT] 
2026-09-28 00:21:57,522 [ERROR] LogOutputStream:75 - [STDERR_REDIRECT] [Fatal Error] :1:1: Premature end of file.
2026-09-28 00:21:57,522 [ERROR] LogOutputStream:75 - [STDERR_REDIRECT] 
2026-09-28 00:21:58,522 [ERROR] LogOutputStream:75 - [STDERR_REDIRECT] [Fatal Error] :1:1: Premature end of file.
2026-09-28 00:21:58,522 [ERROR] LogOutputStream:75 - [STDERR_REDIRECT] 
2026-09-28 00:21:59,524 [ERROR] LogOutputStream:75 - [STDERR_REDIRECT] [Fatal Error] :1:1: Premature end of file.
2026-09-28 00:21:59,524 [ERROR] LogOutputStream:75 - [STDERR_REDIRECT] 
2026-09-28 00:22:00,525 [ERROR] LogOutputStream:75 - [STDERR_REDIRECT] [Fatal Error] :1:1: Premature end of file.
2026-09-28 00:22:00,525 [ERROR] LogOutputStream:75 - [STDERR_REDIRECT] 
2026-09-28 00:22:01,524 [ERROR] LogOutputStream:75 - [STDERR_REDIRECT] [Fatal Error] :1:1: Premature end of file.
2026-09-28 00:22:01,524 [ERROR] LogOutputStream:75 - [STDERR_REDIRECT] 
2026-09-28 00:22:02,524 [ERROR] LogOutputStream:75 - [STDERR_REDIRECT] [Fatal Error] :1:1: Premature end of file.
2026-09-28 00:22:02,524 [ERROR] LogOutputStream:75 - [STDERR_REDIRECT] 
2026-09-28 00:22:03,523 [ERROR] LogOutputStream:75 - [STDERR_REDIRECT] [Fatal Error] :1:1: Premature end of file.
2026-09-28 00:22:03,524 [ERROR] LogOutputStream:75 - [STDERR_REDIRECT] 
2026-09-28 00:22:04,524 [ERROR] LogOutputStream:75 - [STDERR_REDIRECT] [Fatal Error] :1:1: Premature end of file.
2026-09-28 00:22:04,524 [ERROR] LogOutputStream:75 - [STDERR_REDIRECT] 
2026-09-28 00:22:05,524 [ERROR] LogOutputStream:75 - [STDERR_REDIRECT] [Fatal Error] :1:1: Premature end of file.
2026-09-28 00:22:05,524 [ERROR] LogOutputStream:75 - [STDERR_REDIRECT] 
2026-09-28 00:22:06,524 [ERROR] LogOutputStream:75 - [STDERR_REDIRECT] [Fatal Error] :1:1: Premature end of file.
2026-09-28 00:22:06,524 [ERROR] LogOutputStream:75 - [STDERR_REDIRECT] 
2026-09-28 00:22:07,524 [ERROR] LogOutputStream:75 - [STDERR_REDIRECT] [Fatal Error] :1:1: Premature end of file.
2026-09-28 00:22:07,524 [ERROR] LogOutputStream:75 - [STDERR_REDIRECT] 
2026-09-28 00:22:08,522 [ERROR] LogOutputStream:75 - [STDERR_REDIRECT] [Fatal Error] :1:1: Premature end of file.
2026-09-28 00:22:08,522 [ERROR] LogOutputStream:75 - [STDERR_REDIRECT] 
2026-09-28 00:22:09,523 [ERROR] LogOutputStream:75 - [STDERR_REDIRECT] [Fatal Error] :1:1: Premature end of file.
2026-09-28 00:22:09,523 [ERROR] LogOutputStream:75 - [STDERR_REDIRECT] 
2026-09-28 00:22:10,523 [ERROR] LogOutputStream:75 - [STDERR_REDIRECT] [Fatal Error] :1:1: Premature end of file.
2026-09-28 00:22:10,523 [ERROR] LogOutputStream:75 - [STDERR_REDIRECT] 
2026-09-28 00:22:11,524 [ERROR] LogOutputStream:75 - [STDERR_REDIRECT] [Fatal Error] :1:1: Premature end of file.
2026-09-28 00:22:11,524 [ERROR] LogOutputStream:75 - [STDERR_REDIRECT] 
2026-09-28 00:22:12,525 [ERROR] LogOutputStream:75 - [STDERR_REDIRECT] [Fatal Error] :1:1: Premature end of file.
2026-09-28 00:22:12,525 [ERROR] LogOutputStream:75 - [STDERR_REDIRECT] 
2026-09-28 00:22:13,524 [ERROR] LogOutputStream:75 - [STDERR_REDIRECT] [Fatal Error] :1:1: Premature end of file.
2026-09-28 00:22:13,524 [ERROR] LogOutputStream:75 - [STDERR_REDIRECT] 
2026-09-28 00:22:14,524 [ERROR] LogOutputStream:75 - [STDERR_REDIRECT] [Fatal Error] :1:1: Premature end of file.
2026-09-28 00:22:14,524 [ERROR] LogOutputStream:75 - [STDERR_REDIRECT] 
2026-09-28 00:22:15,525 [ERROR] LogOutputStream:75 - [STDERR_REDIRECT] [Fatal Error] :1:1: Premature end of file.
2026-09-28 00:22:15,525 [ERROR] LogOutputStream:75 - [STDERR_REDIRECT] 
2026-09-28 00:22:16,524 [ERROR] LogOutputStream:75 - [STDERR_REDIRECT] [Fatal Error] :1:1: Premature end of file.
2026-09-28 00:22:16,524 [ERROR] LogOutputStream:75 - [STDERR_REDIRECT] 
2026-09-28 00:22:17,523 [ERROR] LogOutputStream:75 - [STDERR_REDIRECT] [Fatal Error] :1:1: Premature end of file.
2026-09-28 00:22:17,523 [ERROR] LogOutputStream:75 - [STDERR_REDIRECT] 
2026-09-28 00:22:18,525 [ERROR] LogOutputStream:75 - [STDERR_REDIRECT] [Fatal Error] :1:1: Premature end of file.
2026-09-28 00:22:18,525 [ERROR] LogOutputStream:75 - [STDERR_REDIRECT] 
2026-09-28 00:22:19,523 [ERROR] LogOutputStream:75 - [STDERR_REDIRECT] [Fatal Error] :1:1: Premature end of file.
2026-09-28 00:22:19,523 [ERROR] LogOutputStream:75 - [STDERR_REDIRECT] 
2026-09-28 00:22:20,523 [ERROR] LogOutputStream:75 - [STDERR_REDIRECT] [Fatal Error] :1:1: Premature end of file.
2026-09-28 00:22:20,524 [ERROR] LogOutputStream:75 - [STDERR_REDIRECT] 
2026-09-28 00:22:21,524 [ERROR] LogOutputStream:75 - [STDERR_REDIRECT] [Fatal Error] :1:1: Premature end of file.
2026-09-28 00:22:21,524 [ERROR] LogOutputStream:75 - [STDERR_REDIRECT] 
2026-09-28 00:22:22,523 [ERROR] LogOutputStream:75 - [STDERR_REDIRECT] [Fatal Error] :1:1: Premature end of file.
2026-09-28 00:22:22,523 [ERROR] LogOutputStream:75 - [STDERR_REDIRECT] 
2026-09-28 00:22:23,523 [ERROR] LogOutputStream:75 - [STDERR_REDIRECT] [Fatal Error] :1:1: Premature end of file.
2026-09-28 00:22:23,523 [ERROR] LogOutputStream:75 - [STDERR_REDIRECT] 
2026-09-28 00:22:24,523 [ERROR] LogOutputStream:75 - [STDERR_REDIRECT] [Fatal Error] :1:1: Premature end of file.
2026-09-28 00:22:24,524 [ERROR] LogOutputStream:75 - [STDERR_REDIRECT] 
2026-09-28 00:22:25,524 [ERROR] LogOutputStream:75 - [STDERR_REDIRECT] [Fatal Error] :1:1: Premature end of file.
2026-09-28 00:22:25,524 [ERROR] LogOutputStream:75 - [STDERR_REDIRECT] 
2026-09-28 00:22:26,525 [ERROR] LogOutputStream:75 - [STDERR_REDIRECT] [Fatal Error] :1:1: Premature end of file.
2026-09-28 00:22:26,525 [ERROR] LogOutputStream:75 - [STDERR_REDIRECT] 
2026-09-28 00:22:27,525 [ERROR] LogOutputStream:75 - [STDERR_REDIRECT] [Fatal Error] :1:1: Premature end of file.
2026-09-28 00:22:27,525 [ERROR] LogOutputStream:75 - [STDERR_REDIRECT] 
2026-09-28 00:22:28,524 [ERROR] LogOutputStream:75 - [STDERR_REDIRECT] [Fatal Error] :1:1: Premature end of file.
2026-09-28 00:22:28,524 [ERROR] LogOutputStream:75 - [STDERR_REDIRECT] 
2026-09-28 00:22:29,524 [ERROR] LogOutputStream:75 - [STDERR_REDIRECT] [Fatal Error] :1:1: Premature end of file.
2026-09-28 00:22:29,525 [ERROR] LogOutputStream:75 - [STDERR_REDIRECT] 
2026-09-28 00:22:30,524 [ERROR] LogOutputStream:75 - [STDERR_REDIRECT] [Fatal Error] :1:1: Premature end of file.
2026-09-28 00:22:30,524 [ERROR] LogOutputStream:75 - [STDERR_REDIRECT] 
2026-09-28 00:22:31,522 [ERROR] LogOutputStream:75 - [STDERR_REDIRECT] [Fatal Error] :1:1: Premature end of file.
2026-09-28 00:22:31,522 [ERROR] LogOutputStream:75 - [STDERR_REDIRECT] 
2026-09-28 00:22:32,523 [ERROR] LogOutputStream:75 - [STDERR_REDIRECT] [Fatal Error] :1:1: Premature end of file.
2026-09-28 00:22:32,523 [ERROR] LogOutputStream:75 - [STDERR_REDIRECT] 
2026-09-28 00:22:33,523 [ERROR] LogOutputStream:75 - [STDERR_REDIRECT] [Fatal Error] :1:1: Premature end of file.
2026-09-28 00:22:33,523 [ERROR] LogOutputStream:75 - [STDERR_REDIRECT] 
2026-09-28 00:22:34,524 [ERROR] LogOutputStream:75 - [STDERR_REDIRECT] [Fatal Error] :1:1: Premature end of file.
2026-09-28 00:22:34,524 [ERROR] LogOutputStream:75 - [STDERR_REDIRECT] 
2026-09-28 00:22:35,522 [ERROR] LogOutputStream:75 - [STDERR_REDIRECT] [Fatal Error] :1:1: Premature end of file.
2026-09-28 00:22:35,522 [ERROR] LogOutputStream:75 - [STDERR_REDIRECT] 
2026-09-28 00:22:36,525 [ERROR] LogOutputStream:75 - [STDERR_REDIRECT] [Fatal Error] :1:1: Premature end of file.
2026-09-28 00:22:36,525 [ERROR] LogOutputStream:75 - [STDERR_REDIRECT] 
2026-09-28 00:22:37,523 [ERROR] LogOutputStream:75 - [STDERR_REDIRECT] [Fatal Error] :1:1: Premature end of file.
2026-09-28 00:22:37,523 [ERROR] LogOutputStream:75 - [STDERR_REDIRECT] 
2026-09-28 00:22:38,523 [ERROR] LogOutputStream:75 - [STDERR_REDIRECT] [Fatal Error] :1:1: Premature end of file.
2026-09-28 00:22:38,523 [ERROR] LogOutputStream:75 - [STDERR_REDIRECT] 
2026-09-28 00:22:39,525 [ERROR] LogOutputStream:75 - [STDERR_REDIRECT] [Fatal Error] :1:1: Premature end of file.
2026-09-28 00:22:39,525 [ERROR] LogOutputStream:75 - [STDERR_REDIRECT] 
2026-09-28 00:22:40,526 [ERROR] LogOutputStream:75 - [STDERR_REDIRECT] [Fatal Error] :1:1: Premature end of file.
2026-09-28 00:22:40,526 [ERROR] LogOutputStream:75 - [STDERR_REDIRECT] 
2026-09-28 00:22:41,523 [ERROR] LogOutputStream:75 - [STDERR_REDIRECT] [Fatal Error] :1:1: Premature end of file.
2026-09-28 00:22:41,523 [ERROR] LogOutputStream:75 - [STDERR_REDIRECT] 
2026-09-28 00:22:42,523 [ERROR] LogOutputStream:75 - [STDERR_REDIRECT] [Fatal Error] :1:1: Premature end of file.
2026-09-28 00:22:42,523 [ERROR] LogOutputStream:75 - [STDERR_REDIRECT] 
2026-09-28 00:22:43,525 [ERROR] LogOutputStream:75 - [STDERR_REDIRECT] [Fatal Error] :1:1: Premature end of file.
2026-09-28 00:22:43,525 [ERROR] LogOutputStream:75 - [STDERR_REDIRECT] 
2026-09-28 00:22:44,524 [ERROR] LogOutputStream:75 - [STDERR_REDIRECT] [Fatal Error] :1:1: Premature end of file.
2026-09-28 00:22:44,524 [ERROR] LogOutputStream:75 - [STDERR_REDIRECT] 
2026-09-28 00:22:45,524 [ERROR] LogOutputStream:75 - [STDERR_REDIRECT] [Fatal Error] :1:1: Premature end of file.
2026-09-28 00:22:45,524 [ERROR] LogOutputStream:75 - [STDERR_REDIRECT] 
2026-09-28 00:22:46,524 [ERROR] LogOutputStream:75 - [STDERR_REDIRECT] [Fatal Error] :1:1: Premature end of file.
2026-09-28 00:22:46,525 [ERROR] LogOutputStream:75 - [STDERR_REDIRECT] 
2026-09-28 00:22:47,525 [ERROR] LogOutputStream:75 - [STDERR_REDIRECT] [Fatal Error] :1:1: Premature end of file.
2026-09-28 00:22:47,525 [ERROR] LogOutputStream:75 - [STDERR_REDIRECT] 
2026-09-28 00:22:48,523 [ERROR] LogOutputStream:75 - [STDERR_REDIRECT] [Fatal Error] :1:1: Premature end of file.
2026-09-28 00:22:48,523 [ERROR] LogOutputStream:75 - [STDERR_REDIRECT] 
2026-09-28 00:22:49,525 [ERROR] LogOutputStream:75 - [STDERR_REDIRECT] [Fatal Error] :1:1: Premature end of file.
2026-09-28 00:22:49,525 [ERROR] LogOutputStream:75 - [STDERR_REDIRECT] 
2026-09-28 00:22:50,523 [ERROR] LogOutputStream:75 - [STDERR_REDIRECT] [Fatal Error] :1:1: Premature end of file.
2026-09-28 00:22:50,524 [ERROR] LogOutputStream:75 - [STDERR_REDIRECT] 
2026-09-28 00:22:51,523 [ERROR] LogOutputStream:75 - [STDERR_REDIRECT] [Fatal Error] :1:1: Premature end of file.
2026-09-28 00:22:51,523 [ERROR] LogOutputStream:75 - [STDERR_REDIRECT] 
2026-09-28 00:22:52,524 [ERROR] LogOutputStream:75 - [STDERR_REDIRECT] [Fatal Error] :1:1: Premature end of file.
2026-09-28 00:22:52,524 [ERROR] LogOutputStream:75 - [STDERR_REDIRECT] 
2026-09-28 00:22:53,525 [ERROR] LogOutputStream:75 - [STDERR_REDIRECT] [Fatal Error] :1:1: Premature end of file.
2026-09-28 00:22:53,525 [ERROR] LogOutputStream:75 - [STDERR_REDIRECT] 
2026-09-28 00:22:54,524 [ERROR] LogOutputStream:75 - [STDERR_REDIRECT] [Fatal Error] :1:1: Premature end of file.
2026-09-28 00:22:54,524 [ERROR] LogOutputStream:75 - [STDERR_REDIRECT] 
2026-09-28 00:22:55,523 [ERROR] LogOutputStream:75 - [STDERR_REDIRECT] [Fatal Error] :1:1: Premature end of file.
2026-09-28 00:22:55,523 [ERROR] LogOutputStream:75 - [STDERR_REDIRECT] 
2026-09-28 00:22:56,524 [ERROR] LogOutputStream:75 - [STDERR_REDIRECT] [Fatal Error] :1:1: Premature end of file.
2026-09-28 00:22:56,525 [ERROR] LogOutputStream:75 - [STDERR_REDIRECT] 
2026-09-28 00:22:57,524 [ERROR] LogOutputStream:75 - [STDERR_REDIRECT] [Fatal Error] :1:1: Premature end of file.
2026-09-28 00:22:57,524 [ERROR] LogOutputStream:75 - [STDERR_REDIRECT] 
2026-09-28 00:22:58,523 [ERROR] LogOutputStream:75 - [STDERR_REDIRECT] [Fatal Error] :1:1: Premature end of file.
2026-09-28 00:22:58,523 [ERROR] LogOutputStream:75 - [STDERR_REDIRECT] 
2026-09-28 00:22:59,526 [ERROR] LogOutputStream:75 - [STDERR_REDIRECT] [Fatal Error] :1:1: Premature end of file.
2026-09-28 00:22:59,526 [ERROR] LogOutputStream:75 - [STDERR_REDIRECT] 
2026-09-28 00:23:00,524 [ERROR] LogOutputStream:75 - [STDERR_REDIRECT] [Fatal Error] :1:1: Premature end of file.
2026-09-28 00:23:00,524 [ERROR] LogOutputStream:75 - [STDERR_REDIRECT] 
2026-09-28 00:23:01,523 [ERROR] LogOutputStream:75 - [STDERR_REDIRECT] [Fatal Error] :1:1: Premature end of file.
2026-09-28 00:23:01,523 [ERROR] LogOutputStream:75 - [STDERR_REDIRECT] 
2026-09-28 00:23:02,524 [ERROR] LogOutputStream:75 - [STDERR_REDIRECT] [Fatal Error] :1:1: Premature end of file.
2026-09-28 00:23:02,524 [ERROR] LogOutputStream:75 - [STDERR_REDIRECT] 
2026-09-28 00:23:03,524 [ERROR] LogOutputStream:75 - [STDERR_REDIRECT] [Fatal Error] :1:1: Premature end of file.
2026-09-28 00:23:03,524 [ERROR] LogOutputStream:75 - [STDERR_REDIRECT] 
2026-09-28 00:23:04,524 [ERROR] LogOutputStream:75 - [STDERR_REDIRECT] [Fatal Error] :1:1: Premature end of file.
2026-09-28 00:23:04,524 [ERROR] LogOutputStream:75 - [STDERR_REDIRECT] 
2026-09-28 00:23:05,525 [ERROR] LogOutputStream:75 - [STDERR_REDIRECT] [Fatal Error] :1:1: Premature end of file.
2026-09-28 00:23:05,525 [ERROR] LogOutputStream:75 - [STDERR_REDIRECT] 
2026-09-28 00:23:06,523 [ERROR] LogOutputStream:75 - [STDERR_REDIRECT] [Fatal Error] :1:1: Premature end of file.
2026-09-28 00:23:06,523 [ERROR] LogOutputStream:75 - [STDERR_REDIRECT] 
2026-09-28 00:23:07,525 [ERROR] LogOutputStream:75 - [STDERR_REDIRECT] [Fatal Error] :1:1: Premature end of file.
2026-09-28 00:23:07,525 [ERROR] LogOutputStream:75 - [STDERR_REDIRECT] 
2026-09-28 00:23:08,523 [ERROR] LogOutputStream:75 - [STDERR_REDIRECT] [Fatal Error] :1:1: Premature end of file.
2026-09-28 00:23:08,523 [ERROR] LogOutputStream:75 - [STDERR_REDIRECT] 
2026-09-28 00:23:09,523 [ERROR] LogOutputStream:75 - [STDERR_REDIRECT] [Fatal Error] :1:1: Premature end of file.
2026-09-28 00:23:09,523 [ERROR] LogOutputStream:75 - [STDERR_REDIRECT] 
2026-09-28 00:23:10,525 [ERROR] LogOutputStream:75 - [STDERR_REDIRECT] [Fatal Error] :1:1: Premature end of file.
2026-09-28 00:23:10,525 [ERROR] LogOutputStream:75 - [STDERR_REDIRECT] 
2026-09-28 00:23:11,524 [ERROR] LogOutputStream:75 - [STDERR_REDIRECT] [Fatal Error] :1:1: Premature end of file.
2026-09-28 00:23:11,524 [ERROR] LogOutputStream:75 - [STDERR_REDIRECT] 
2026-09-28 00:23:12,523 [ERROR] LogOutputStream:75 - [STDERR_REDIRECT] [Fatal Error] :1:1: Premature end of file.
2026-09-28 00:23:12,523 [ERROR] LogOutputStream:75 - [STDERR_REDIRECT] 
2026-09-28 00:23:13,523 [ERROR] LogOutputStream:75 - [STDERR_REDIRECT] [Fatal Error] :1:1: Premature end of file.
2026-09-28 00:23:13,524 [ERROR] LogOutputStream:75 - [STDERR_REDIRECT] 
2026-09-28 00:23:14,523 [ERROR] LogOutputStream:75 - [STDERR_REDIRECT] [Fatal Error] :1:1: Premature end of file.
2026-09-28 00:23:14,523 [ERROR] LogOutputStream:75 - [STDERR_REDIRECT] 
2026-09-28 00:23:15,525 [ERROR] LogOutputStream:75 - [STDERR_REDIRECT] [Fatal Error] :1:1: Premature end of file.
2026-09-28 00:23:15,525 [ERROR] LogOutputStream:75 - [STDERR_REDIRECT] 
2026-09-28 00:23:16,523 [ERROR] LogOutputStream:75 - [STDERR_REDIRECT] [Fatal Error] :1:1: Premature end of file.
2026-09-28 00:23:16,523 [ERROR] LogOutputStream:75 - [STDERR_REDIRECT] 
2026-09-28 00:23:17,523 [ERROR] LogOutputStream:75 - [STDERR_REDIRECT] [Fatal Error] :1:1: Premature end of file.
2026-09-28 00:23:17,523 [ERROR] LogOutputStream:75 - [STDERR_REDIRECT] 
2026-09-28 00:23:18,523 [ERROR] LogOutputStream:75 - [STDERR_REDIRECT] [Fatal Error] :1:1: Premature end of file.
2026-09-28 00:23:18,523 [ERROR] LogOutputStream:75 - [STDERR_REDIRECT] 
2026-09-28 00:23:19,522 [ERROR] LogOutputStream:75 - [STDERR_REDIRECT] [Fatal Error] :1:1: Premature end of file.
2026-09-28 00:23:19,522 [ERROR] LogOutputStream:75 - [STDERR_REDIRECT] 
2026-09-28 00:23:20,525 [ERROR] LogOutputStream:75 - [STDERR_REDIRECT] [Fatal Error] :1:1: Premature end of file.
2026-09-28 00:23:20,525 [ERROR] LogOutputStream:75 - [STDERR_REDIRECT] 
2026-09-28 00:23:21,524 [ERROR] LogOutputStream:75 - [STDERR_REDIRECT] [Fatal Error] :1:1: Premature end of file.
2026-09-28 00:23:21,524 [ERROR] LogOutputStream:75 - [STDERR_REDIRECT] 
2026-09-28 00:23:22,524 [ERROR] LogOutputStream:75 - [STDERR_REDIRECT] [Fatal Error] :1:1: Premature end of file.
2026-09-28 00:23:22,524 [ERROR] LogOutputStream:75 - [STDERR_REDIRECT] 
2026-09-28 00:23:23,523 [ERROR] LogOutputStream:75 - [STDERR_REDIRECT] [Fatal Error] :1:1: Premature end of file.
2026-09-28 00:23:23,523 [ERROR] LogOutputStream:75 - [STDERR_REDIRECT] 
2026-09-28 00:23:24,522 [ERROR] LogOutputStream:75 - [STDERR_REDIRECT] [Fatal Error] :1:1: Premature end of file.
2026-09-28 00:23:24,522 [ERROR] LogOutputStream:75 - [STDERR_REDIRECT] 
2026-09-28 00:23:25,525 [ERROR] LogOutputStream:75 - [STDERR_REDIRECT] [Fatal Error] :1:1: Premature end of file.
2026-09-28 00:23:25,525 [ERROR] LogOutputStream:75 - [STDERR_REDIRECT] 
2026-09-28 00:23:26,525 [ERROR] LogOutputStream:75 - [STDERR_REDIRECT] [Fatal Error] :1:1: Premature end of file.
2026-09-28 00:23:26,525 [ERROR] LogOutputStream:75 - [STDERR_REDIRECT] 
2026-09-28 00:23:27,523 [ERROR] LogOutputStream:75 - [STDERR_REDIRECT] [Fatal Error] :1:1: Premature end of file.
2026-09-28 00:23:27,523 [ERROR] LogOutputStream:75 - [STDERR_REDIRECT] 
2026-09-28 00:23:28,524 [ERROR] LogOutputStream:75 - [STDERR_REDIRECT] [Fatal Error] :1:1: Premature end of file.
2026-09-28 00:23:28,524 [ERROR] LogOutputStream:75 - [STDERR_REDIRECT] 
2026-09-28 00:23:29,525 [ERROR] LogOutputStream:75 - [STDERR_REDIRECT] [Fatal Error] :1:1: Premature end of file.
2026-09-28 00:23:29,525 [ERROR] LogOutputStream:75 - [STDERR_REDIRECT] 
2026-09-28 00:23:30,523 [ERROR] LogOutputStream:75 - [STDERR_REDIRECT] [Fatal Error] :1:1: Premature end of file.
2026-09-28 00:23:30,523 [ERROR] LogOutputStream:75 - [STDERR_REDIRECT] 
2026-09-28 00:23:31,523 [ERROR] LogOutputStream:75 - [STDERR_REDIRECT] [Fatal Error] :1:1: Premature end of file.
2026-09-28 00:23:31,523 [ERROR] LogOutputStream:75 - [STDERR_REDIRECT] 
2026-09-28 00:23:32,523 [ERROR] LogOutputStream:75 - [STDERR_REDIRECT] [Fatal Error] :1:1: Premature end of file.
2026-09-28 00:23:32,523 [ERROR] LogOutputStream:75 - [STDERR_REDIRECT] 
2026-09-28 00:23:33,523 [ERROR] LogOutputStream:75 - [STDERR_REDIRECT] [Fatal Error] :1:1: Premature end of file.
2026-09-28 00:23:33,524 [ERROR] LogOutputStream:75 - [STDERR_REDIRECT] 
2026-09-28 00:23:34,523 [ERROR] LogOutputStream:75 - [STDERR_REDIRECT] [Fatal Error] :1:1: Premature end of file.
2026-09-28 00:23:34,523 [ERROR] LogOutputStream:75 - [STDERR_REDIRECT] 
2026-09-28 00:23:35,523 [ERROR] LogOutputStream:75 - [STDERR_REDIRECT] [Fatal Error] :1:1: Premature end of file.
2026-09-28 00:23:35,523 [ERROR] LogOutputStream:75 - [STDERR_REDIRECT] 
2026-09-28 00:23:36,524 [ERROR] LogOutputStream:75 - [STDERR_REDIRECT] [Fatal Error] :1:1: Premature end of file.
2026-09-28 00:23:36,525 [ERROR] LogOutputStream:75 - [STDERR_REDIRECT] 
2026-09-28 00:23:37,524 [ERROR] LogOutputStream:75 - [STDERR_REDIRECT] [Fatal Error] :1:1: Premature end of file.
2026-09-28 00:23:37,524 [ERROR] LogOutputStream:75 - [STDERR_REDIRECT] 
2026-09-28 00:23:38,524 [ERROR] LogOutputStream:75 - [STDERR_REDIRECT] [Fatal Error] :1:1: Premature end of file.
2026-09-28 00:23:38,524 [ERROR] LogOutputStream:75 - [STDERR_REDIRECT] 
2026-09-28 00:23:39,523 [ERROR] LogOutputStream:75 - [STDERR_REDIRECT] [Fatal Error] :1:1: Premature end of file.
2026-09-28 00:23:39,523 [ERROR] LogOutputStream:75 - [STDERR_REDIRECT] 
2026-09-28 00:23:40,526 [ERROR] LogOutputStream:75 - [STDERR_REDIRECT] [Fatal Error] :1:1: Premature end of file.
2026-09-28 00:23:40,526 [ERROR] LogOutputStream:75 - [STDERR_REDIRECT] 
2026-09-28 00:23:41,526 [ERROR] LogOutputStream:75 - [STDERR_REDIRECT] [Fatal Error] :1:1: Premature end of file.
2026-09-28 00:23:41,526 [ERROR] LogOutputStream:75 - [STDERR_REDIRECT] 
2026-09-28 00:23:42,524 [ERROR] LogOutputStream:75 - [STDERR_REDIRECT] [Fatal Error] :1:1: Premature end of file.
2026-09-28 00:23:42,524 [ERROR] LogOutputStream:75 - [STDERR_REDIRECT] 
2026-09-28 00:23:43,524 [ERROR] LogOutputStream:75 - [STDERR_REDIRECT] [Fatal Error] :1:1: Premature end of file.
2026-09-28 00:23:43,525 [ERROR] LogOutputStream:75 - [STDERR_REDIRECT] 
2026-09-28 00:23:44,524 [ERROR] LogOutputStream:75 - [STDERR_REDIRECT] [Fatal Error] :1:1: Premature end of file.
2026-09-28 00:23:44,524 [ERROR] LogOutputStream:75 - [STDERR_REDIRECT] 
2026-09-28 00:23:45,524 [ERROR] LogOutputStream:75 - [STDERR_REDIRECT] [Fatal Error] :1:1: Premature end of file.
2026-09-28 00:23:45,524 [ERROR] LogOutputStream:75 - [STDERR_REDIRECT] 
2026-09-28 00:23:46,525 [ERROR] LogOutputStream:75 - [STDERR_REDIRECT] [Fatal Error] :1:1: Premature end of file.
2026-09-28 00:23:46,525 [ERROR] LogOutputStream:75 - [STDERR_REDIRECT] 
2026-09-28 00:23:47,524 [ERROR] LogOutputStream:75 - [STDERR_REDIRECT] [Fatal Error] :1:1: Premature end of file.
2026-09-28 00:23:47,524 [ERROR] LogOutputStream:75 - [STDERR_REDIRECT] 
2026-09-28 00:23:48,525 [ERROR] LogOutputStream:75 - [STDERR_REDIRECT] [Fatal Error] :1:1: Premature end of file.
2026-09-28 00:23:48,525 [ERROR] LogOutputStream:75 - [STDERR_REDIRECT] 
2026-09-28 00:23:49,525 [ERROR] LogOutputStream:75 - [STDERR_REDIRECT] [Fatal Error] :1:1: Premature end of file.
2026-09-28 00:23:49,525 [ERROR] LogOutputStream:75 - [STDERR_REDIRECT] 
2026-09-28 00:23:50,524 [ERROR] LogOutputStream:75 - [STDERR_REDIRECT] [Fatal Error] :1:1: Premature end of file.
2026-09-28 00:23:50,524 [ERROR] LogOutputStream:75 - [STDERR_REDIRECT] 
2026-09-28 00:23:51,523 [ERROR] LogOutputStream:75 - [STDERR_REDIRECT] [Fatal Error] :1:1: Premature end of file.
2026-09-28 00:23:51,523 [ERROR] LogOutputStream:75 - [STDERR_REDIRECT] 
2026-09-28 00:23:52,525 [ERROR] LogOutputStream:75 - [STDERR_REDIRECT] [Fatal Error] :1:1: Premature end of file.
2026-09-28 00:23:52,525 [ERROR] LogOutputStream:75 - [STDERR_REDIRECT] 
2026-09-28 00:23:53,526 [ERROR] LogOutputStream:75 - [STDERR_REDIRECT] [Fatal Error] :1:1: Premature end of file.
2026-09-28 00:23:53,526 [ERROR] LogOutputStream:75 - [STDERR_REDIRECT] 
2026-09-28 00:23:54,523 [ERROR] LogOutputStream:75 - [STDERR_REDIRECT] [Fatal Error] :1:1: Premature end of file.
2026-09-28 00:23:54,523 [ERROR] LogOutputStream:75 - [STDERR_REDIRECT] 
2026-09-28 00:23:55,525 [ERROR] LogOutputStream:75 - [STDERR_REDIRECT] [Fatal Error] :1:1: Premature end of file.
2026-09-28 00:23:55,525 [ERROR] LogOutputStream:75 - [STDERR_REDIRECT] 
2026-09-28 00:23:56,523 [ERROR] LogOutputStream:75 - [STDERR_REDIRECT] [Fatal Error] :1:1: Premature end of file.
2026-09-28 00:23:56,523 [ERROR] LogOutputStream:75 - [STDERR_REDIRECT] 
2026-09-28 00:23:57,526 [ERROR] LogOutputStream:75 - [STDERR_REDIRECT] [Fatal Error] :1:1: Premature end of file.
2026-09-28 00:23:57,526 [ERROR] LogOutputStream:75 - [STDERR_REDIRECT] 
2026-09-28 00:23:58,524 [ERROR] LogOutputStream:75 - [STDERR_REDIRECT] [Fatal Error] :1:1: Premature end of file.
2026-09-28 00:23:58,524 [ERROR] LogOutputStream:75 - [STDERR_REDIRECT] 
2026-09-28 00:23:59,525 [ERROR] LogOutputStream:75 - [STDERR_REDIRECT] [Fatal Error] :1:1: Premature end of file.
2026-09-28 00:23:59,525 [ERROR] LogOutputStream:75 - [STDERR_REDIRECT] 
2026-09-28 00:24:00,523 [ERROR] LogOutputStream:75 - [STDERR_REDIRECT] [Fatal Error] :1:1: Premature end of file.
2026-09-28 00:24:00,523 [ERROR] LogOutputStream:75 - [STDERR_REDIRECT] 
2026-09-28 00:24:01,525 [ERROR] LogOutputStream:75 - [STDERR_REDIRECT] [Fatal Error] :1:1: Premature end of file.
2026-09-28 00:24:01,525 [ERROR] LogOutputStream:75 - [STDERR_REDIRECT] 
2026-09-28 00:24:02,526 [ERROR] LogOutputStream:75 - [STDERR_REDIRECT] [Fatal Error] :1:1: Premature end of file.
2026-09-28 00:24:02,526 [ERROR] LogOutputStream:75 - [STDERR_REDIRECT] 
2026-09-28 00:24:03,522 [ERROR] LogOutputStream:75 - [STDERR_REDIRECT] [Fatal Error] :1:1: Premature end of file.
2026-09-28 00:24:03,522 [ERROR] LogOutputStream:75 - [STDERR_REDIRECT] 
2026-09-28 00:24:04,522 [ERROR] LogOutputStream:75 - [STDERR_REDIRECT] [Fatal Error] :1:1: Premature end of file.
2026-09-28 00:24:04,522 [ERROR] LogOutputStream:75 - [STDERR_REDIRECT] 
2026-09-28 00:24:05,524 [ERROR] LogOutputStream:75 - [STDERR_REDIRECT] [Fatal Error] :1:1: Premature end of file.
2026-09-28 00:24:05,524 [ERROR] LogOutputStream:75 - [STDERR_REDIRECT] 
2026-09-28 00:24:06,523 [ERROR] LogOutputStream:75 - [STDERR_REDIRECT] [Fatal Error] :1:1: Premature end of file.
2026-09-28 00:24:06,523 [ERROR] LogOutputStream:75 - [STDERR_REDIRECT] 
2026-09-28 00:24:07,524 [ERROR] LogOutputStream:75 - [STDERR_REDIRECT] [Fatal Error] :1:1: Premature end of file.
2026-09-28 00:24:07,524 [ERROR] LogOutputStream:75 - [STDERR_REDIRECT] 
2026-09-28 00:24:08,523 [ERROR] LogOutputStream:75 - [STDERR_REDIRECT] [Fatal Error] :1:1: Premature end of file.
2026-09-28 00:24:08,523 [ERROR] LogOutputStream:75 - [STDERR_REDIRECT] 
2026-09-28 00:24:09,525 [ERROR] LogOutputStream:75 - [STDERR_REDIRECT] [Fatal Error] :1:1: Premature end of file.
2026-09-28 00:24:09,525 [ERROR] LogOutputStream:75 - [STDERR_REDIRECT] 
2026-09-28 00:24:10,524 [ERROR] LogOutputStream:75 - [STDERR_REDIRECT] [Fatal Error] :1:1: Premature end of file.
2026-09-28 00:24:10,524 [ERROR] LogOutputStream:75 - [STDERR_REDIRECT] 
2026-09-28 00:24:11,524 [ERROR] LogOutputStream:75 - [STDERR_REDIRECT] [Fatal Error] :1:1: Premature end of file.
2026-09-28 00:24:11,524 [ERROR] LogOutputStream:75 - [STDERR_REDIRECT] 
2026-09-28 00:24:12,525 [ERROR] LogOutputStream:75 - [STDERR_REDIRECT] [Fatal Error] :1:1: Premature end of file.
2026-09-28 00:24:12,525 [ERROR] LogOutputStream:75 - [STDERR_REDIRECT] 
2026-09-28 00:24:13,524 [ERROR] LogOutputStream:75 - [STDERR_REDIRECT] [Fatal Error] :1:1: Premature end of file.
2026-09-28 00:24:13,525 [ERROR] LogOutputStream:75 - [STDERR_REDIRECT] 
2026-09-28 00:24:14,524 [ERROR] LogOutputStream:75 - [STDERR_REDIRECT] [Fatal Error] :1:1: Premature end of file.
2026-09-28 00:24:14,524 [ERROR] LogOutputStream:75 - [STDERR_REDIRECT] 
2026-09-28 00:24:15,524 [ERROR] LogOutputStream:75 - [STDERR_REDIRECT] [Fatal Error] :1:1: Premature end of file.
2026-09-28 00:24:15,524 [ERROR] LogOutputStream:75 - [STDERR_REDIRECT] 
2026-09-28 00:24:16,525 [ERROR] LogOutputStream:75 - [STDERR_REDIRECT] [Fatal Error] :1:1: Premature end of file.
2026-09-28 00:24:16,525 [ERROR] LogOutputStream:75 - [STDERR_REDIRECT] 
2026-09-28 00:24:17,522 [ERROR] LogOutputStream:75 - [STDERR_REDIRECT] [Fatal Error] :1:1: Premature end of file.
2026-09-28 00:24:17,522 [ERROR] LogOutputStream:75 - [STDERR_REDIRECT] 
2026-09-28 00:24:18,525 [ERROR] LogOutputStream:75 - [STDERR_REDIRECT] [Fatal Error] :1:1: Premature end of file.
2026-09-28 00:24:18,525 [ERROR] LogOutputStream:75 - [STDERR_REDIRECT] 
2026-09-28 00:24:19,523 [ERROR] LogOutputStream:75 - [STDERR_REDIRECT] [Fatal Error] :1:1: Premature end of file.
2026-09-28 00:24:19,523 [ERROR] LogOutputStream:75 - [STDERR_REDIRECT] 
2026-09-28 00:24:20,524 [ERROR] LogOutputStream:75 - [STDERR_REDIRECT] [Fatal Error] :1:1: Premature end of file.
2026-09-28 00:24:20,524 [ERROR] LogOutputStream:75 - [STDERR_REDIRECT] 
2026-09-28 00:24:21,523 [ERROR] LogOutputStream:75 - [STDERR_REDIRECT] [Fatal Error] :1:1: Premature end of file.
2026-09-28 00:24:21,523 [ERROR] LogOutputStream:75 - [STDERR_REDIRECT] 
2026-09-28 00:24:22,524 [ERROR] LogOutputStream:75 - [STDERR_REDIRECT] [Fatal Error] :1:1: Premature end of file.
2026-09-28 00:24:22,524 [ERROR] LogOutputStream:75 - [STDERR_REDIRECT] 
2026-09-28 00:24:23,524 [ERROR] LogOutputStream:75 - [STDERR_REDIRECT] [Fatal Error] :1:1: Premature end of file.
2026-09-28 00:24:23,525 [ERROR] LogOutputStream:75 - [STDERR_REDIRECT] 
2026-09-28 00:24:24,524 [ERROR] LogOutputStream:75 - [STDERR_REDIRECT] [Fatal Error] :1:1: Premature end of file.
2026-09-28 00:24:24,524 [ERROR] LogOutputStream:75 - [STDERR_REDIRECT] 
2026-09-28 00:24:25,523 [ERROR] LogOutputStream:75 - [STDERR_REDIRECT] [Fatal Error] :1:1: Premature end of file.
2026-09-28 00:24:25,523 [ERROR] LogOutputStream:75 - [STDERR_REDIRECT] 
2026-09-28 00:24:26,523 [ERROR] LogOutputStream:75 - [STDERR_REDIRECT] [Fatal Error] :1:1: Premature end of file.
2026-09-28 00:24:26,523 [ERROR] LogOutputStream:75 - [STDERR_REDIRECT] 
2026-09-28 00:24:27,524 [ERROR] LogOutputStream:75 - [STDERR_REDIRECT] [Fatal Error] :1:1: Premature end of file.
2026-09-28 00:24:27,524 [ERROR] LogOutputStream:75 - [STDERR_REDIRECT] 
2026-09-28 00:24:28,525 [ERROR] LogOutputStream:75 - [STDERR_REDIRECT] [Fatal Error] :1:1: Premature end of file.
2026-09-28 00:24:28,525 [ERROR] LogOutputStream:75 - [STDERR_REDIRECT] 
2026-09-28 00:24:29,526 [ERROR] LogOutputStream:75 - [STDERR_REDIRECT] [Fatal Error] :1:1: Premature end of file.
2026-09-28 00:24:29,526 [ERROR] LogOutputStream:75 - [STDERR_REDIRECT] 
2026-09-28 00:24:30,525 [ERROR] LogOutputStream:75 - [STDERR_REDIRECT] [Fatal Error] :1:1: Premature end of file.
2026-09-28 00:24:30,525 [ERROR] LogOutputStream:75 - [STDERR_REDIRECT] 
2026-09-28 00:24:31,525 [ERROR] LogOutputStream:75 - [STDERR_REDIRECT] [Fatal Error] :1:1: Premature end of file.
2026-09-28 00:24:31,525 [ERROR] LogOutputStream:75 - [STDERR_REDIRECT] 
2026-09-28 00:24:32,523 [ERROR] LogOutputStream:75 - [STDERR_REDIRECT] [Fatal Error] :1:1: Premature end of file.
2026-09-28 00:24:32,524 [ERROR] LogOutputStream:75 - [STDERR_REDIRECT] 
2026-09-28 00:24:33,524 [ERROR] LogOutputStream:75 - [STDERR_REDIRECT] [Fatal Error] :1:1: Premature end of file.
2026-09-28 00:24:33,524 [ERROR] LogOutputStream:75 - [STDERR_REDIRECT] 
2026-09-28 00:24:34,524 [ERROR] LogOutputStream:75 - [STDERR_REDIRECT] [Fatal Error] :1:1: Premature end of file.
2026-09-28 00:24:34,524 [ERROR] LogOutputStream:75 - [STDERR_REDIRECT] 
2026-09-28 00:24:35,524 [ERROR] LogOutputStream:75 - [STDERR_REDIRECT] [Fatal Error] :1:1: Premature end of file.
2026-09-28 00:24:35,524 [ERROR] LogOutputStream:75 - [STDERR_REDIRECT] 
2026-09-28 00:24:36,524 [ERROR] LogOutputStream:75 - [STDERR_REDIRECT] [Fatal Error] :1:1: Premature end of file.
2026-09-28 00:24:36,524 [ERROR] LogOutputStream:75 - [STDERR_REDIRECT] 
2026-09-28 00:24:37,524 [ERROR] LogOutputStream:75 - [STDERR_REDIRECT] [Fatal Error] :1:1: Premature end of file.
2026-09-28 00:24:37,524 [ERROR] LogOutputStream:75 - [STDERR_REDIRECT] 
2026-09-28 00:24:38,525 [ERROR] LogOutputStream:75 - [STDERR_REDIRECT] [Fatal Error] :1:1: Premature end of file.
2026-09-28 00:24:38,525 [ERROR] LogOutputStream:75 - [STDERR_REDIRECT] 
2026-09-28 00:24:39,523 [ERROR] LogOutputStream:75 - [STDERR_REDIRECT] [Fatal Error] :1:1: Premature end of file.
2026-09-28 00:24:39,523 [ERROR] LogOutputStream:75 - [STDERR_REDIRECT] 
2026-09-28 00:24:40,525 [ERROR] LogOutputStream:75 - [STDERR_REDIRECT] [Fatal Error] :1:1: Premature end of file.
2026-09-28 00:24:40,525 [ERROR] LogOutputStream:75 - [STDERR_REDIRECT] 
2026-09-28 00:24:41,524 [ERROR] LogOutputStream:75 - [STDERR_REDIRECT] [Fatal Error] :1:1: Premature end of file.
2026-09-28 00:24:41,524 [ERROR] LogOutputStream:75 - [STDERR_REDIRECT] 
2026-09-28 00:24:42,524 [ERROR] LogOutputStream:75 - [STDERR_REDIRECT] [Fatal Error] :1:1: Premature end of file.
2026-09-28 00:24:42,524 [ERROR] LogOutputStream:75 - [STDERR_REDIRECT] 
2026-09-28 00:24:43,526 [ERROR] LogOutputStream:75 - [STDERR_REDIRECT] [Fatal Error] :1:1: Premature end of file.
2026-09-28 00:24:43,526 [ERROR] LogOutputStream:75 - [STDERR_REDIRECT] 
2026-09-28 00:24:44,525 [ERROR] LogOutputStream:75 - [STDERR_REDIRECT] [Fatal Error] :1:1: Premature end of file.
2026-09-28 00:24:44,525 [ERROR] LogOutputStream:75 - [STDERR_REDIRECT] 
2026-09-28 00:24:45,525 [ERROR] LogOutputStream:75 - [STDERR_REDIRECT] [Fatal Error] :1:1: Premature end of file.
2026-09-28 00:24:45,525 [ERROR] LogOutputStream:75 - [STDERR_REDIRECT] 
2026-09-28 00:24:46,524 [ERROR] LogOutputStream:75 - [STDERR_REDIRECT] [Fatal Error] :1:1: Premature end of file.
2026-09-28 00:24:46,524 [ERROR] LogOutputStream:75 - [STDERR_REDIRECT] 
2026-09-28 00:24:47,523 [ERROR] LogOutputStream:75 - [STDERR_REDIRECT] [Fatal Error] :1:1: Premature end of file.
2026-09-28 00:24:47,523 [ERROR] LogOutputStream:75 - [STDERR_REDIRECT] 
2026-09-28 00:24:48,523 [ERROR] LogOutputStream:75 - [STDERR_REDIRECT] [Fatal Error] :1:1: Premature end of file.
2026-09-28 00:24:48,523 [ERROR] LogOutputStream:75 - [STDERR_REDIRECT] 
2026-09-28 00:24:49,525 [ERROR] LogOutputStream:75 - [STDERR_REDIRECT] [Fatal Error] :1:1: Premature end of file.
2026-09-28 00:24:49,525 [ERROR] LogOutputStream:75 - [STDERR_REDIRECT] 
2026-09-28 00:24:50,525 [ERROR] LogOutputStream:75 - [STDERR_REDIRECT] [Fatal Error] :1:1: Premature end of file.
2026-09-28 00:24:50,526 [ERROR] LogOutputStream:75 - [STDERR_REDIRECT] 
2026-09-28 00:24:51,524 [ERROR] LogOutputStream:75 - [STDERR_REDIRECT] [Fatal Error] :1:1: Premature end of file.
2026-09-28 00:24:51,524 [ERROR] LogOutputStream:75 - [STDERR_REDIRECT] 
2026-09-28 00:24:52,523 [ERROR] LogOutputStream:75 - [STDERR_REDIRECT] [Fatal Error] :1:1: Premature end of file.
2026-09-28 00:24:52,523 [ERROR] LogOutputStream:75 - [STDERR_REDIRECT] 
2026-09-28 00:24:53,523 [ERROR] LogOutputStream:75 - [STDERR_REDIRECT] [Fatal Error] :1:1: Premature end of file.
2026-09-28 00:24:53,523 [ERROR] LogOutputStream:75 - [STDERR_REDIRECT] 
2026-09-28 00:24:54,524 [ERROR] LogOutputStream:75 - [STDERR_REDIRECT] [Fatal Error] :1:1: Premature end of file.
2026-09-28 00:24:54,524 [ERROR] LogOutputStream:75 - [STDERR_REDIRECT] 
2026-09-28 00:24:55,525 [ERROR] LogOutputStream:75 - [STDERR_REDIRECT] [Fatal Error] :1:1: Premature end of file.
2026-09-28 00:24:55,525 [ERROR] LogOutputStream:75 - [STDERR_REDIRECT] 
2026-09-28 00:24:56,524 [ERROR] LogOutputStream:75 - [STDERR_REDIRECT] [Fatal Error] :1:1: Premature end of file.
2026-09-28 00:24:56,525 [ERROR] LogOutputStream:75 - [STDERR_REDIRECT] 
2026-09-28 00:24:57,524 [ERROR] LogOutputStream:75 - [STDERR_REDIRECT] [Fatal Error] :1:1: Premature end of file.
2026-09-28 00:24:57,524 [ERROR] LogOutputStream:75 - [STDERR_REDIRECT] 
2026-09-28 00:24:58,525 [ERROR] LogOutputStream:75 - [STDERR_REDIRECT] [Fatal Error] :1:1: Premature end of file.
2026-09-28 00:24:58,525 [ERROR] LogOutputStream:75 - [STDERR_REDIRECT] 
2026-09-28 00:24:59,526 [ERROR] LogOutputStream:75 - [STDERR_REDIRECT] [Fatal Error] :1:1: Premature end of file.
2026-09-28 00:24:59,526 [ERROR] LogOutputStream:75 - [STDERR_REDIRECT] 
2026-09-28 00:25:00,524 [ERROR] LogOutputStream:75 - [STDERR_REDIRECT] [Fatal Error] :1:1: Premature end of file.
2026-09-28 00:25:00,525 [ERROR] LogOutputStream:75 - [STDERR_REDIRECT] 
2026-09-28 00:25:01,525 [ERROR] LogOutputStream:75 - [STDERR_REDIRECT] [Fatal Error] :1:1: Premature end of file.
2026-09-28 00:25:01,525 [ERROR] LogOutputStream:75 - [STDERR_REDIRECT] 
2026-09-28 00:25:02,522 [ERROR] LogOutputStream:75 - [STDERR_REDIRECT] [Fatal Error] :1:1: Premature end of file.
2026-09-28 00:25:02,522 [ERROR] LogOutputStream:75 - [STDERR_REDIRECT] 
2026-09-28 00:25:03,523 [ERROR] LogOutputStream:75 - [STDERR_REDIRECT] [Fatal Error] :1:1: Premature end of file.
2026-09-28 00:25:03,523 [ERROR] LogOutputStream:75 - [STDERR_REDIRECT] 
2026-09-28 00:25:04,526 [ERROR] LogOutputStream:75 - [STDERR_REDIRECT] [Fatal Error] :1:1: Premature end of file.
2026-09-28 00:25:04,526 [ERROR] LogOutputStream:75 - [STDERR_REDIRECT] 
2026-09-28 00:25:05,525 [ERROR] LogOutputStream:75 - [STDERR_REDIRECT] [Fatal Error] :1:1: Premature end of file.
2026-09-28 00:25:05,525 [ERROR] LogOutputStream:75 - [STDERR_REDIRECT] 
2026-09-28 00:25:06,527 [ERROR] LogOutputStream:75 - [STDERR_REDIRECT] [Fatal Error] :1:1: Premature end of file.
2026-09-28 00:25:06,527 [ERROR] LogOutputStream:75 - [STDERR_REDIRECT] 
2026-09-28 00:25:07,525 [ERROR] LogOutputStream:75 - [STDERR_REDIRECT] [Fatal Error] :1:1: Premature end of file.
2026-09-28 00:25:07,525 [ERROR] LogOutputStream:75 - [STDERR_REDIRECT] 
2026-09-28 00:25:08,529 [ERROR] LogOutputStream:75 - [STDERR_REDIRECT] [Fatal Error] :1:1: Premature end of file.
2026-09-28 00:25:08,529 [ERROR] LogOutputStream:75 - [STDERR_REDIRECT] 
2026-09-28 00:25:09,524 [ERROR] LogOutputStream:75 - [STDERR_REDIRECT] [Fatal Error] :1:1: Premature end of file.
2026-09-28 00:25:09,524 [ERROR] LogOutputStream:75 - [STDERR_REDIRECT] 
2026-09-28 00:25:10,528 [ERROR] LogOutputStream:75 - [STDERR_REDIRECT] [Fatal Error] :1:1: Premature end of file.
2026-09-28 00:25:10,528 [ERROR] LogOutputStream:75 - [STDERR_REDIRECT] 
2026-09-28 00:25:11,527 [ERROR] LogOutputStream:75 - [STDERR_REDIRECT] [Fatal Error] :1:1: Premature end of file.
2026-09-28 00:25:11,527 [ERROR] LogOutputStream:75 - [STDERR_REDIRECT] 
2026-09-28 00:25:12,525 [ERROR] LogOutputStream:75 - [STDERR_REDIRECT] [Fatal Error] :1:1: Premature end of file.
2026-09-28 00:25:12,525 [ERROR] LogOutputStream:75 - [STDERR_REDIRECT] 
2026-09-28 00:25:13,524 [ERROR] LogOutputStream:75 - [STDERR_REDIRECT] [Fatal Error] :1:1: Premature end of file.
2026-09-28 00:25:13,524 [ERROR] LogOutputStream:75 - [STDERR_REDIRECT] 
2026-09-28 00:25:14,525 [ERROR] LogOutputStream:75 - [STDERR_REDIRECT] [Fatal Error] :1:1: Premature end of file.
2026-09-28 00:25:14,525 [ERROR] LogOutputStream:75 - [STDERR_REDIRECT] 
2026-09-28 00:25:15,525 [ERROR] LogOutputStream:75 - [STDERR_REDIRECT] [Fatal Error] :1:1: Premature end of file.
2026-09-28 00:25:15,525 [ERROR] LogOutputStream:75 - [STDERR_REDIRECT] 
2026-09-28 00:25:16,528 [ERROR] LogOutputStream:75 - [STDERR_REDIRECT] [Fatal Error] :1:1: Premature end of file.
2026-09-28 00:25:16,528 [ERROR] LogOutputStream:75 - [STDERR_REDIRECT] 
2026-09-28 00:25:17,528 [ERROR] LogOutputStream:75 - [STDERR_REDIRECT] [Fatal Error] :1:1: Premature end of file.
2026-09-28 00:25:17,528 [ERROR] LogOutputStream:75 - [STDERR_REDIRECT] 
2026-09-28 00:25:18,542 [ERROR] LogOutputStream:75 - [STDERR_REDIRECT] [Fatal Error] :1:1: Premature end of file.
2026-09-28 00:25:18,543 [ERROR] LogOutputStream:75 - [STDERR_REDIRECT] 
2026-09-28 00:25:19,527 [ERROR] LogOutputStream:75 - [STDERR_REDIRECT] [Fatal Error] :1:1: Premature end of file.
2026-09-28 00:25:19,527 [ERROR] LogOutputStream:75 - [STDERR_REDIRECT] 
2026-09-28 00:25:20,525 [ERROR] LogOutputStream:75 - [STDERR_REDIRECT] [Fatal Error] :1:1: Premature end of file.
2026-09-28 00:25:20,525 [ERROR] LogOutputStream:75 - [STDERR_REDIRECT] 
2026-09-28 00:25:21,525 [ERROR] LogOutputStream:75 - [STDERR_REDIRECT] [Fatal Error] :1:1: Premature end of file.
2026-09-28 00:25:21,525 [ERROR] LogOutputStream:75 - [STDERR_REDIRECT] 
2026-09-28 00:25:22,526 [ERROR] LogOutputStream:75 - [STDERR_REDIRECT] [Fatal Error] :1:1: Premature end of file.
2026-09-28 00:25:22,527 [ERROR] LogOutputStream:75 - [STDERR_REDIRECT] 
2026-09-28 00:25:23,530 [ERROR] LogOutputStream:75 - [STDERR_REDIRECT] [Fatal Error] :1:1: Premature end of file.
2026-09-28 00:25:23,530 [ERROR] LogOutputStream:75 - [STDERR_REDIRECT] 
2026-09-28 00:25:24,525 [ERROR] LogOutputStream:75 - [STDERR_REDIRECT] [Fatal Error] :1:1: Premature end of file.
2026-09-28 00:25:24,525 [ERROR] LogOutputStream:75 - [STDERR_REDIRECT] 
2026-09-28 00:25:25,526 [ERROR] LogOutputStream:75 - [STDERR_REDIRECT] [Fatal Error] :1:1: Premature end of file.
2026-09-28 00:25:25,526 [ERROR] LogOutputStream:75 - [STDERR_REDIRECT] 
2026-09-28 00:25:26,526 [ERROR] LogOutputStream:75 - [STDERR_REDIRECT] [Fatal Error] :1:1: Premature end of file.
2026-09-28 00:25:26,526 [ERROR] LogOutputStream:75 - [STDERR_REDIRECT] 
2026-09-28 00:25:27,530 [ERROR] LogOutputStream:75 - [STDERR_REDIRECT] [Fatal Error] :1:1: Premature end of file.
2026-09-28 00:25:27,530 [ERROR] LogOutputStream:75 - [STDERR_REDIRECT] 
2026-09-28 00:25:28,527 [ERROR] LogOutputStream:75 - [STDERR_REDIRECT] [Fatal Error] :1:1: Premature end of file.
2026-09-28 00:25:28,527 [ERROR] LogOutputStream:75 - [STDERR_REDIRECT] 
2026-09-28 00:25:29,525 [ERROR] LogOutputStream:75 - [STDERR_REDIRECT] [Fatal Error] :1:1: Premature end of file.
2026-09-28 00:25:29,525 [ERROR] LogOutputStream:75 - [STDERR_REDIRECT] 
2026-09-28 00:25:30,527 [ERROR] LogOutputStream:75 - [STDERR_REDIRECT] [Fatal Error] :1:1: Premature end of file.
2026-09-28 00:25:30,527 [ERROR] LogOutputStream:75 - [STDERR_REDIRECT] 
2026-09-28 00:25:31,527 [ERROR] LogOutputStream:75 - [STDERR_REDIRECT] [Fatal Error] :1:1: Premature end of file.
2026-09-28 00:25:31,527 [ERROR] LogOutputStream:75 - [STDERR_REDIRECT] 
2026-09-28 00:25:32,525 [ERROR] LogOutputStream:75 - [STDERR_REDIRECT] [Fatal Error] :1:1: Premature end of file.
2026-09-28 00:25:32,525 [ERROR] LogOutputStream:75 - [STDERR_REDIRECT] 
2026-09-28 00:25:33,524 [ERROR] LogOutputStream:75 - [STDERR_REDIRECT] [Fatal Error] :1:1: Premature end of file.
2026-09-28 00:25:33,524 [ERROR] LogOutputStream:75 - [STDERR_REDIRECT] 
2026-09-28 00:25:34,524 [ERROR] LogOutputStream:75 - [STDERR_REDIRECT] [Fatal Error] :1:1: Premature end of file.
2026-09-28 00:25:34,524 [ERROR] LogOutputStream:75 - [STDERR_REDIRECT] 
2026-09-28 00:25:35,525 [ERROR] LogOutputStream:75 - [STDERR_REDIRECT] [Fatal Error] :1:1: Premature end of file.
2026-09-28 00:25:35,526 [ERROR] LogOutputStream:75 - [STDERR_REDIRECT] 
2026-09-28 00:25:36,524 [ERROR] LogOutputStream:75 - [STDERR_REDIRECT] [Fatal Error] :1:1: Premature end of file.
2026-09-28 00:25:36,524 [ERROR] LogOutputStream:75 - [STDERR_REDIRECT] 
2026-09-28 00:25:37,525 [ERROR] LogOutputStream:75 - [STDERR_REDIRECT] [Fatal Error] :1:1: Premature end of file.
2026-09-28 00:25:37,525 [ERROR] LogOutputStream:75 - [STDERR_REDIRECT] 
2026-09-28 00:25:38,524 [ERROR] LogOutputStream:75 - [STDERR_REDIRECT] [Fatal Error] :1:1: Premature end of file.
2026-09-28 00:25:38,524 [ERROR] LogOutputStream:75 - [STDERR_REDIRECT] 
2026-09-28 00:25:39,528 [ERROR] LogOutputStream:75 - [STDERR_REDIRECT] [Fatal Error] :1:1: Premature end of file.
2026-09-28 00:25:39,528 [ERROR] LogOutputStream:75 - [STDERR_REDIRECT] 
2026-09-28 00:25:40,526 [ERROR] LogOutputStream:75 - [STDERR_REDIRECT] [Fatal Error] :1:1: Premature end of file.
2026-09-28 00:25:40,526 [ERROR] LogOutputStream:75 - [STDERR_REDIRECT] 
2026-09-28 00:25:41,525 [ERROR] LogOutputStream:75 - [STDERR_REDIRECT] [Fatal Error] :1:1: Premature end of file.
2026-09-28 00:25:41,525 [ERROR] LogOutputStream:75 - [STDERR_REDIRECT] 
2026-09-28 00:25:42,525 [ERROR] LogOutputStream:75 - [STDERR_REDIRECT] [Fatal Error] :1:1: Premature end of file.
2026-09-28 00:25:42,525 [ERROR] LogOutputStream:75 - [STDERR_REDIRECT] 
2026-09-28 00:25:43,523 [ERROR] LogOutputStream:75 - [STDERR_REDIRECT] [Fatal Error] :1:1: Premature end of file.
2026-09-28 00:25:43,523 [ERROR] LogOutputStream:75 - [STDERR_REDIRECT] 
2026-09-28 00:25:44,522 [ERROR] LogOutputStream:75 - [STDERR_REDIRECT] [Fatal Error] :1:1: Premature end of file.
2026-09-28 00:25:44,523 [ERROR] LogOutputStream:75 - [STDERR_REDIRECT] 
2026-09-28 00:25:45,525 [ERROR] LogOutputStream:75 - [STDERR_REDIRECT] [Fatal Error] :1:1: Premature end of file.
2026-09-28 00:25:45,525 [ERROR] LogOutputStream:75 - [STDERR_REDIRECT] 
2026-09-28 00:25:46,526 [ERROR] LogOutputStream:75 - [STDERR_REDIRECT] [Fatal Error] :1:1: Premature end of file.
2026-09-28 00:25:46,526 [ERROR] LogOutputStream:75 - [STDERR_REDIRECT] 
2026-09-28 00:25:47,526 [ERROR] LogOutputStream:75 - [STDERR_REDIRECT] [Fatal Error] :1:1: Premature end of file.
2026-09-28 00:25:47,526 [ERROR] LogOutputStream:75 - [STDERR_REDIRECT] 
2026-09-28 00:25:48,525 [ERROR] LogOutputStream:75 - [STDERR_REDIRECT] [Fatal Error] :1:1: Premature end of file.
2026-09-28 00:25:48,525 [ERROR] LogOutputStream:75 - [STDERR_REDIRECT] 
2026-09-28 00:25:49,528 [ERROR] LogOutputStream:75 - [STDERR_REDIRECT] [Fatal Error] :1:1: Premature end of file.
2026-09-28 00:25:49,528 [ERROR] LogOutputStream:75 - [STDERR_REDIRECT] 
2026-09-28 00:25:50,524 [ERROR] LogOutputStream:75 - [STDERR_REDIRECT] [Fatal Error] :1:1: Premature end of file.
2026-09-28 00:25:50,524 [ERROR] LogOutputStream:75 - [STDERR_REDIRECT] 
2026-09-28 00:25:51,525 [ERROR] LogOutputStream:75 - [STDERR_REDIRECT] [Fatal Error] :1:1: Premature end of file.
2026-09-28 00:25:51,525 [ERROR] LogOutputStream:75 - [STDERR_REDIRECT] 
2026-09-28 00:25:52,524 [ERROR] LogOutputStream:75 - [STDERR_REDIRECT] [Fatal Error] :1:1: Premature end of file.
2026-09-28 00:25:52,524 [ERROR] LogOutputStream:75 - [STDERR_REDIRECT] 
2026-09-28 00:25:53,527 [ERROR] LogOutputStream:75 - [STDERR_REDIRECT] [Fatal Error] :1:1: Premature end of file.
2026-09-28 00:25:53,527 [ERROR] LogOutputStream:75 - [STDERR_REDIRECT] 
2026-09-28 00:25:54,524 [ERROR] LogOutputStream:75 - [STDERR_REDIRECT] [Fatal Error] :1:1: Premature end of file.
2026-09-28 00:25:54,524 [ERROR] LogOutputStream:75 - [STDERR_REDIRECT] 
2026-09-28 00:25:55,524 [ERROR] LogOutputStream:75 - [STDERR_REDIRECT] [Fatal Error] :1:1: Premature end of file.
2026-09-28 00:25:55,524 [ERROR] LogOutputStream:75 - [STDERR_REDIRECT] 
2026-09-28 00:25:56,526 [ERROR] LogOutputStream:75 - [STDERR_REDIRECT] [Fatal Error] :1:1: Premature end of file.
2026-09-28 00:25:56,526 [ERROR] LogOutputStream:75 - [STDERR_REDIRECT] 
2026-09-28 00:25:57,523 [ERROR] LogOutputStream:75 - [STDERR_REDIRECT] [Fatal Error] :1:1: Premature end of file.
2026-09-28 00:25:57,523 [ERROR] LogOutputStream:75 - [STDERR_REDIRECT] 
2026-09-28 00:25:58,525 [ERROR] LogOutputStream:75 - [STDERR_REDIRECT] [Fatal Error] :1:1: Premature end of file.
2026-09-28 00:25:58,525 [ERROR] LogOutputStream:75 - [STDERR_REDIRECT] 
2026-09-28 00:25:59,524 [ERROR] LogOutputStream:75 - [STDERR_REDIRECT] [Fatal Error] :1:1: Premature end of file.
2026-09-28 00:25:59,525 [ERROR] LogOutputStream:75 - [STDERR_REDIRECT] 
2026-09-28 00:26:00,525 [ERROR] LogOutputStream:75 - [STDERR_REDIRECT] [Fatal Error] :1:1: Premature end of file.
2026-09-28 00:26:00,525 [ERROR] LogOutputStream:75 - [STDERR_REDIRECT] 
2026-09-28 00:26:01,524 [ERROR] LogOutputStream:75 - [STDERR_REDIRECT] [Fatal Error] :1:1: Premature end of file.
2026-09-28 00:26:01,524 [ERROR] LogOutputStream:75 - [STDERR_REDIRECT] 
2026-09-28 00:26:02,524 [ERROR] LogOutputStream:75 - [STDERR_REDIRECT] [Fatal Error] :1:1: Premature end of file.
2026-09-28 00:26:02,524 [ERROR] LogOutputStream:75 - [STDERR_REDIRECT] 
2026-09-28 00:26:03,524 [ERROR] LogOutputStream:75 - [STDERR_REDIRECT] [Fatal Error] :1:1: Premature end of file.
2026-09-28 00:26:03,524 [ERROR] LogOutputStream:75 - [STDERR_REDIRECT] 
2026-09-28 00:26:04,524 [ERROR] LogOutputStream:75 - [STDERR_REDIRECT] [Fatal Error] :1:1: Premature end of file.
2026-09-28 00:26:04,524 [ERROR] LogOutputStream:75 - [STDERR_REDIRECT] 
2026-09-28 00:26:05,523 [ERROR] LogOutputStream:75 - [STDERR_REDIRECT] [Fatal Error] :1:1: Premature end of file.
2026-09-28 00:26:05,523 [ERROR] LogOutputStream:75 - [STDERR_REDIRECT] 
2026-09-28 00:26:06,523 [ERROR] LogOutputStream:75 - [STDERR_REDIRECT] [Fatal Error] :1:1: Premature end of file.
2026-09-28 00:26:06,523 [ERROR] LogOutputStream:75 - [STDERR_REDIRECT] 
2026-09-28 00:26:07,525 [ERROR] LogOutputStream:75 - [STDERR_REDIRECT] [Fatal Error] :1:1: Premature end of file.
2026-09-28 00:26:07,525 [ERROR] LogOutputStream:75 - [STDERR_REDIRECT] 
2026-09-28 00:26:08,523 [ERROR] LogOutputStream:75 - [STDERR_REDIRECT] [Fatal Error] :1:1: Premature end of file.
2026-09-28 00:26:08,523 [ERROR] LogOutputStream:75 - [STDERR_REDIRECT] 
2026-09-28 00:26:09,525 [ERROR] LogOutputStream:75 - [STDERR_REDIRECT] [Fatal Error] :1:1: Premature end of file.
2026-09-28 00:26:09,525 [ERROR] LogOutputStream:75 - [STDERR_REDIRECT] 
2026-09-28 00:26:10,525 [ERROR] LogOutputStream:75 - [STDERR_REDIRECT] [Fatal Error] :1:1: Premature end of file.
2026-09-28 00:26:10,525 [ERROR] LogOutputStream:75 - [STDERR_REDIRECT] 
2026-09-28 00:26:11,525 [ERROR] LogOutputStream:75 - [STDERR_REDIRECT] [Fatal Error] :1:1: Premature end of file.
2026-09-28 00:26:11,525 [ERROR] LogOutputStream:75 - [STDERR_REDIRECT] 
2026-09-28 00:26:12,524 [ERROR] LogOutputStream:75 - [STDERR_REDIRECT] [Fatal Error] :1:1: Premature end of file.
2026-09-28 00:26:12,524 [ERROR] LogOutputStream:75 - [STDERR_REDIRECT] 
2026-09-28 00:26:13,525 [ERROR] LogOutputStream:75 - [STDERR_REDIRECT] [Fatal Error] :1:1: Premature end of file.
2026-09-28 00:26:13,525 [ERROR] LogOutputStream:75 - [STDERR_REDIRECT] 
2026-09-28 00:26:14,525 [ERROR] LogOutputStream:75 - [STDERR_REDIRECT] [Fatal Error] :1:1: Premature end of file.
2026-09-28 00:26:14,525 [ERROR] LogOutputStream:75 - [STDERR_REDIRECT] 
2026-09-28 00:26:15,524 [ERROR] LogOutputStream:75 - [STDERR_REDIRECT] [Fatal Error] :1:1: Premature end of file.
2026-09-28 00:26:15,524 [ERROR] LogOutputStream:75 - [STDERR_REDIRECT] 
2026-09-28 00:26:16,524 [ERROR] LogOutputStream:75 - [STDERR_REDIRECT] [Fatal Error] :1:1: Premature end of file.
2026-09-28 00:26:16,524 [ERROR] LogOutputStream:75 - [STDERR_REDIRECT] 
2026-09-28 00:26:17,525 [ERROR] LogOutputStream:75 - [STDERR_REDIRECT] [Fatal Error] :1:1: Premature end of file.
2026-09-28 00:26:17,526 [ERROR] LogOutputStream:75 - [STDERR_REDIRECT] 
2026-09-28 00:26:18,526 [ERROR] LogOutputStream:75 - [STDERR_REDIRECT] [Fatal Error] :1:1: Premature end of file.
2026-09-28 00:26:18,526 [ERROR] LogOutputStream:75 - [STDERR_REDIRECT] 
2026-09-28 00:26:19,523 [ERROR] LogOutputStream:75 - [STDERR_REDIRECT] [Fatal Error] :1:1: Premature end of file.
2026-09-28 00:26:19,523 [ERROR] LogOutputStream:75 - [STDERR_REDIRECT] 
2026-09-28 00:26:20,525 [ERROR] LogOutputStream:75 - [STDERR_REDIRECT] [Fatal Error] :1:1: Premature end of file.
2026-09-28 00:26:20,525 [ERROR] LogOutputStream:75 - [STDERR_REDIRECT] 
2026-09-28 00:26:21,523 [ERROR] LogOutputStream:75 - [STDERR_REDIRECT] [Fatal Error] :1:1: Premature end of file.
2026-09-28 00:26:21,523 [ERROR] LogOutputStream:75 - [STDERR_REDIRECT] 
2026-09-28 00:26:22,524 [ERROR] LogOutputStream:75 - [STDERR_REDIRECT] [Fatal Error] :1:1: Premature end of file.
2026-09-28 00:26:22,524 [ERROR] LogOutputStream:75 - [STDERR_REDIRECT] 
2026-09-28 00:26:23,523 [ERROR] LogOutputStream:75 - [STDERR_REDIRECT] [Fatal Error] :1:1: Premature end of file.
2026-09-28 00:26:23,523 [ERROR] LogOutputStream:75 - [STDERR_REDIRECT] 
2026-09-28 00:26:24,524 [ERROR] LogOutputStream:75 - [STDERR_REDIRECT] [Fatal Error] :1:1: Premature end of file.
2026-09-28 00:26:24,524 [ERROR] LogOutputStream:75 - [STDERR_REDIRECT] 
2026-09-28 00:26:25,523 [ERROR] LogOutputStream:75 - [STDERR_REDIRECT] [Fatal Error] :1:1: Premature end of file.
2026-09-28 00:26:25,523 [ERROR] LogOutputStream:75 - [STDERR_REDIRECT] 
2026-09-28 00:26:26,524 [ERROR] LogOutputStream:75 - [STDERR_REDIRECT] [Fatal Error] :1:1: Premature end of file.
2026-09-28 00:26:26,524 [ERROR] LogOutputStream:75 - [STDERR_REDIRECT] 
2026-09-28 00:26:27,525 [ERROR] LogOutputStream:75 - [STDERR_REDIRECT] [Fatal Error] :1:1: Premature end of file.
2026-09-28 00:26:27,525 [ERROR] LogOutputStream:75 - [STDERR_REDIRECT] 
2026-09-28 00:26:28,526 [ERROR] LogOutputStream:75 - [STDERR_REDIRECT] [Fatal Error] :1:1: Premature end of file.
2026-09-28 00:26:28,526 [ERROR] LogOutputStream:75 - [STDERR_REDIRECT] 
2026-09-28 00:26:29,524 [ERROR] LogOutputStream:75 - [STDERR_REDIRECT] [Fatal Error] :1:1: Premature end of file.
2026-09-28 00:26:29,524 [ERROR] LogOutputStream:75 - [STDERR_REDIRECT] 
2026-09-28 00:26:30,525 [ERROR] LogOutputStream:75 - [STDERR_REDIRECT] [Fatal Error] :1:1: Premature end of file.
2026-09-28 00:26:30,525 [ERROR] LogOutputStream:75 - [STDERR_REDIRECT] 
2026-09-28 00:26:31,525 [ERROR] LogOutputStream:75 - [STDERR_REDIRECT] [Fatal Error] :1:1: Premature end of file.
2026-09-28 00:26:31,525 [ERROR] LogOutputStream:75 - [STDERR_REDIRECT] 
2026-09-28 00:26:32,523 [ERROR] LogOutputStream:75 - [STDERR_REDIRECT] [Fatal Error] :1:1: Premature end of file.
2026-09-28 00:26:32,523 [ERROR] LogOutputStream:75 - [STDERR_REDIRECT] 
2026-09-28 00:26:33,524 [ERROR] LogOutputStream:75 - [STDERR_REDIRECT] [Fatal Error] :1:1: Premature end of file.
2026-09-28 00:26:33,524 [ERROR] LogOutputStream:75 - [STDERR_REDIRECT] 
2026-09-28 00:26:34,523 [ERROR] LogOutputStream:75 - [STDERR_REDIRECT] [Fatal Error] :1:1: Premature end of file.
2026-09-28 00:26:34,523 [ERROR] LogOutputStream:75 - [STDERR_REDIRECT] 
2026-09-28 00:26:35,523 [ERROR] LogOutputStream:75 - [STDERR_REDIRECT] [Fatal Error] :1:1: Premature end of file.
2026-09-28 00:26:35,523 [ERROR] LogOutputStream:75 - [STDERR_REDIRECT] 
2026-09-28 00:26:36,525 [ERROR] LogOutputStream:75 - [STDERR_REDIRECT] [Fatal Error] :1:1: Premature end of file.
2026-09-28 00:26:36,526 [ERROR] LogOutputStream:75 - [STDERR_REDIRECT] 
2026-09-28 00:26:37,524 [ERROR] LogOutputStream:75 - [STDERR_REDIRECT] [Fatal Error] :1:1: Premature end of file.
2026-09-28 00:26:37,524 [ERROR] LogOutputStream:75 - [STDERR_REDIRECT] 
2026-09-28 00:26:38,523 [ERROR] LogOutputStream:75 - [STDERR_REDIRECT] [Fatal Error] :1:1: Premature end of file.
2026-09-28 00:26:38,523 [ERROR] LogOutputStream:75 - [STDERR_REDIRECT] 
2026-09-28 00:26:39,525 [ERROR] LogOutputStream:75 - [STDERR_REDIRECT] [Fatal Error] :1:1: Premature end of file.
2026-09-28 00:26:39,525 [ERROR] LogOutputStream:75 - [STDERR_REDIRECT] 
2026-09-28 00:26:40,523 [ERROR] LogOutputStream:75 - [STDERR_REDIRECT] [Fatal Error] :1:1: Premature end of file.
2026-09-28 00:26:40,523 [ERROR] LogOutputStream:75 - [STDERR_REDIRECT] 
2026-09-28 00:26:41,525 [ERROR] LogOutputStream:75 - [STDERR_REDIRECT] [Fatal Error] :1:1: Premature end of file.
2026-09-28 00:26:41,525 [ERROR] LogOutputStream:75 - [STDERR_REDIRECT] 
2026-09-28 00:26:42,525 [ERROR] LogOutputStream:75 - [STDERR_REDIRECT] [Fatal Error] :1:1: Premature end of file.
2026-09-28 00:26:42,525 [ERROR] LogOutputStream:75 - [STDERR_REDIRECT] 
2026-09-28 00:26:43,524 [ERROR] LogOutputStream:75 - [STDERR_REDIRECT] [Fatal Error] :1:1: Premature end of file.
2026-09-28 00:26:43,524 [ERROR] LogOutputStream:75 - [STDERR_REDIRECT] 
2026-09-28 00:26:44,525 [ERROR] LogOutputStream:75 - [STDERR_REDIRECT] [Fatal Error] :1:1: Premature end of file.
2026-09-28 00:26:44,525 [ERROR] LogOutputStream:75 - [STDERR_REDIRECT] 
2026-09-28 00:26:45,523 [ERROR] LogOutputStream:75 - [STDERR_REDIRECT] [Fatal Error] :1:1: Premature end of file.
2026-09-28 00:26:45,523 [ERROR] LogOutputStream:75 - [STDERR_REDIRECT] 
2026-09-28 00:26:46,524 [ERROR] LogOutputStream:75 - [STDERR_REDIRECT] [Fatal Error] :1:1: Premature end of file.
2026-09-28 00:26:46,524 [ERROR] LogOutputStream:75 - [STDERR_REDIRECT] 
2026-09-28 00:26:47,524 [ERROR] LogOutputStream:75 - [STDERR_REDIRECT] [Fatal Error] :1:1: Premature end of file.
2026-09-28 00:26:47,524 [ERROR] LogOutputStream:75 - [STDERR_REDIRECT] 
2026-09-28 00:26:48,525 [ERROR] LogOutputStream:75 - [STDERR_REDIRECT] [Fatal Error] :1:1: Premature end of file.
2026-09-28 00:26:48,525 [ERROR] LogOutputStream:75 - [STDERR_REDIRECT] 
2026-09-28 00:26:49,525 [ERROR] LogOutputStream:75 - [STDERR_REDIRECT] [Fatal Error] :1:1: Premature end of file.
2026-09-28 00:26:49,525 [ERROR] LogOutputStream:75 - [STDERR_REDIRECT] 
2026-09-28 00:26:50,524 [ERROR] LogOutputStream:75 - [STDERR_REDIRECT] [Fatal Error] :1:1: Premature end of file.
2026-09-28 00:26:50,524 [ERROR] LogOutputStream:75 - [STDERR_REDIRECT] 
2026-09-28 00:26:51,526 [ERROR] LogOutputStream:75 - [STDERR_REDIRECT] [Fatal Error] :1:1: Premature end of file.
2026-09-28 00:26:51,526 [ERROR] LogOutputStream:75 - [STDERR_REDIRECT] 
2026-09-28 00:26:52,525 [ERROR] LogOutputStream:75 - [STDERR_REDIRECT] [Fatal Error] :1:1: Premature end of file.
2026-09-28 00:26:52,525 [ERROR] LogOutputStream:75 - [STDERR_REDIRECT] 
2026-09-28 00:26:53,527 [ERROR] LogOutputStream:75 - [STDERR_REDIRECT] [Fatal Error] :1:1: Premature end of file.
2026-09-28 00:26:53,527 [ERROR] LogOutputStream:75 - [STDERR_REDIRECT] 
2026-09-28 00:26:54,526 [ERROR] LogOutputStream:75 - [STDERR_REDIRECT] [Fatal Error] :1:1: Premature end of file.
2026-09-28 00:26:54,526 [ERROR] LogOutputStream:75 - [STDERR_REDIRECT] 
2026-09-28 00:26:55,522 [ERROR] LogOutputStream:75 - [STDERR_REDIRECT] [Fatal Error] :1:1: Premature end of file.
2026-09-28 00:26:55,522 [ERROR] LogOutputStream:75 - [STDERR_REDIRECT] 
2026-09-28 00:26:56,524 [ERROR] LogOutputStream:75 - [STDERR_REDIRECT] [Fatal Error] :1:1: Premature end of file.
2026-09-28 00:26:56,524 [ERROR] LogOutputStream:75 - [STDERR_REDIRECT] 
2026-09-28 00:26:57,523 [ERROR] LogOutputStream:75 - [STDERR_REDIRECT] [Fatal Error] :1:1: Premature end of file.
2026-09-28 00:26:57,523 [ERROR] LogOutputStream:75 - [STDERR_REDIRECT] 
2026-09-28 00:26:58,525 [ERROR] LogOutputStream:75 - [STDERR_REDIRECT] [Fatal Error] :1:1: Premature end of file.
2026-09-28 00:26:58,525 [ERROR] LogOutputStream:75 - [STDERR_REDIRECT] 
2026-09-28 00:26:59,524 [ERROR] LogOutputStream:75 - [STDERR_REDIRECT] [Fatal Error] :1:1: Premature end of file.
2026-09-28 00:26:59,524 [ERROR] LogOutputStream:75 - [STDERR_REDIRECT] 
2026-09-28 00:27:00,524 [ERROR] LogOutputStream:75 - [STDERR_REDIRECT] [Fatal Error] :1:1: Premature end of file.
2026-09-28 00:27:00,524 [ERROR] LogOutputStream:75 - [STDERR_REDIRECT] 
2026-09-28 00:27:01,523 [ERROR] LogOutputStream:75 - [STDERR_REDIRECT] [Fatal Error] :1:1: Premature end of file.
2026-09-28 00:27:01,523 [ERROR] LogOutputStream:75 - [STDERR_REDIRECT] 
2026-09-28 00:27:02,523 [ERROR] LogOutputStream:75 - [STDERR_REDIRECT] [Fatal Error] :1:1: Premature end of file.
2026-09-28 00:27:02,523 [ERROR] LogOutputStream:75 - [STDERR_REDIRECT] 
2026-09-28 00:27:03,526 [ERROR] LogOutputStream:75 - [STDERR_REDIRECT] [Fatal Error] :1:1: Premature end of file.
2026-09-28 00:27:03,527 [ERROR] LogOutputStream:75 - [STDERR_REDIRECT] 
2026-09-28 00:27:04,524 [ERROR] LogOutputStream:75 - [STDERR_REDIRECT] [Fatal Error] :1:1: Premature end of file.
2026-09-28 00:27:04,524 [ERROR] LogOutputStream:75 - [STDERR_REDIRECT] 
2026-09-28 00:27:05,523 [ERROR] LogOutputStream:75 - [STDERR_REDIRECT] [Fatal Error] :1:1: Premature end of file.
2026-09-28 00:27:05,524 [ERROR] LogOutputStream:75 - [STDERR_REDIRECT] 
2026-09-28 00:27:06,525 [ERROR] LogOutputStream:75 - [STDERR_REDIRECT] [Fatal Error] :1:1: Premature end of file.
2026-09-28 00:27:06,525 [ERROR] LogOutputStream:75 - [STDERR_REDIRECT] 
2026-09-28 00:27:07,523 [ERROR] LogOutputStream:75 - [STDERR_REDIRECT] [Fatal Error] :1:1: Premature end of file.
2026-09-28 00:27:07,523 [ERROR] LogOutputStream:75 - [STDERR_REDIRECT] 
2026-09-28 00:27:08,524 [ERROR] LogOutputStream:75 - [STDERR_REDIRECT] [Fatal Error] :1:1: Premature end of file.
2026-09-28 00:27:08,524 [ERROR] LogOutputStream:75 - [STDERR_REDIRECT] 
2026-09-28 00:27:09,524 [ERROR] LogOutputStream:75 - [STDERR_REDIRECT] [Fatal Error] :1:1: Premature end of file.
2026-09-28 00:27:09,524 [ERROR] LogOutputStream:75 - [STDERR_REDIRECT] 
2026-09-28 00:27:10,524 [ERROR] LogOutputStream:75 - [STDERR_REDIRECT] [Fatal Error] :1:1: Premature end of file.
2026-09-28 00:27:10,524 [ERROR] LogOutputStream:75 - [STDERR_REDIRECT] 
2026-09-28 00:27:11,525 [ERROR] LogOutputStream:75 - [STDERR_REDIRECT] [Fatal Error] :1:1: Premature end of file.
2026-09-28 00:27:11,525 [ERROR] LogOutputStream:75 - [STDERR_REDIRECT] 
2026-09-28 00:27:12,523 [ERROR] LogOutputStream:75 - [STDERR_REDIRECT] [Fatal Error] :1:1: Premature end of file.
2026-09-28 00:27:12,523 [ERROR] LogOutputStream:75 - [STDERR_REDIRECT] 
2026-09-28 00:27:13,524 [ERROR] LogOutputStream:75 - [STDERR_REDIRECT] [Fatal Error] :1:1: Premature end of file.
2026-09-28 00:27:13,524 [ERROR] LogOutputStream:75 - [STDERR_REDIRECT] 
2026-09-28 00:27:14,523 [ERROR] LogOutputStream:75 - [STDERR_REDIRECT] [Fatal Error] :1:1: Premature end of file.
2026-09-28 00:27:14,524 [ERROR] LogOutputStream:75 - [STDERR_REDIRECT] 
2026-09-28 00:27:15,527 [ERROR] LogOutputStream:75 - [STDERR_REDIRECT] [Fatal Error] :1:1: Premature end of file.
2026-09-28 00:27:15,527 [ERROR] LogOutputStream:75 - [STDERR_REDIRECT] 
2026-09-28 00:27:16,524 [ERROR] LogOutputStream:75 - [STDERR_REDIRECT] [Fatal Error] :1:1: Premature end of file.
2026-09-28 00:27:16,524 [ERROR] LogOutputStream:75 - [STDERR_REDIRECT] 
2026-09-28 00:27:17,525 [ERROR] LogOutputStream:75 - [STDERR_REDIRECT] [Fatal Error] :1:1: Premature end of file.
2026-09-28 00:27:17,525 [ERROR] LogOutputStream:75 - [STDERR_REDIRECT] 
2026-09-28 00:27:18,525 [ERROR] LogOutputStream:75 - [STDERR_REDIRECT] [Fatal Error] :1:1: Premature end of file.
2026-09-28 00:27:18,525 [ERROR] LogOutputStream:75 - [STDERR_REDIRECT] 
2026-09-28 00:27:19,524 [ERROR] LogOutputStream:75 - [STDERR_REDIRECT] [Fatal Error] :1:1: Premature end of file.
2026-09-28 00:27:19,524 [ERROR] LogOutputStream:75 - [STDERR_REDIRECT] 
2026-09-28 00:27:20,525 [ERROR] LogOutputStream:75 - [STDERR_REDIRECT] [Fatal Error] :1:1: Premature end of file.
2026-09-28 00:27:20,525 [ERROR] LogOutputStream:75 - [STDERR_REDIRECT] 
2026-09-28 00:27:21,524 [ERROR] LogOutputStream:75 - [STDERR_REDIRECT] [Fatal Error] :1:1: Premature end of file.
2026-09-28 00:27:21,524 [ERROR] LogOutputStream:75 - [STDERR_REDIRECT] 
2026-09-28 00:27:22,524 [ERROR] LogOutputStream:75 - [STDERR_REDIRECT] [Fatal Error] :1:1: Premature end of file.
2026-09-28 00:27:22,524 [ERROR] LogOutputStream:75 - [STDERR_REDIRECT] 
2026-09-28 00:27:23,524 [ERROR] LogOutputStream:75 - [STDERR_REDIRECT] [Fatal Error] :1:1: Premature end of file.
2026-09-28 00:27:23,524 [ERROR] LogOutputStream:75 - [STDERR_REDIRECT] 
2026-09-28 00:27:24,523 [ERROR] LogOutputStream:75 - [STDERR_REDIRECT] [Fatal Error] :1:1: Premature end of file.
2026-09-28 00:27:24,524 [ERROR] LogOutputStream:75 - [STDERR_REDIRECT] 
2026-09-28 00:27:25,526 [ERROR] LogOutputStream:75 - [STDERR_REDIRECT] [Fatal Error] :1:1: Premature end of file.
2026-09-28 00:27:25,526 [ERROR] LogOutputStream:75 - [STDERR_REDIRECT] 
2026-09-28 00:27:26,524 [ERROR] LogOutputStream:75 - [STDERR_REDIRECT] [Fatal Error] :1:1: Premature end of file.
2026-09-28 00:27:26,524 [ERROR] LogOutputStream:75 - [STDERR_REDIRECT] 
2026-09-28 00:27:27,525 [ERROR] LogOutputStream:75 - [STDERR_REDIRECT] [Fatal Error] :1:1: Premature end of file.
2026-09-28 00:27:27,525 [ERROR] LogOutputStream:75 - [STDERR_REDIRECT] 
2026-09-28 00:27:28,525 [ERROR] LogOutputStream:75 - [STDERR_REDIRECT] [Fatal Error] :1:1: Premature end of file.
2026-09-28 00:27:28,525 [ERROR] LogOutputStream:75 - [STDERR_REDIRECT] 
2026-09-28 00:27:29,525 [ERROR] LogOutputStream:75 - [STDERR_REDIRECT] [Fatal Error] :1:1: Premature end of file.
2026-09-28 00:27:29,525 [ERROR] LogOutputStream:75 - [STDERR_REDIRECT] 
2026-09-28 00:27:30,525 [ERROR] LogOutputStream:75 - [STDERR_REDIRECT] [Fatal Error] :1:1: Premature end of file.
2026-09-28 00:27:30,526 [ERROR] LogOutputStream:75 - [STDERR_REDIRECT] 
2026-09-28 00:27:31,523 [ERROR] LogOutputStream:75 - [STDERR_REDIRECT] [Fatal Error] :1:1: Premature end of file.
2026-09-28 00:27:31,523 [ERROR] LogOutputStream:75 - [STDERR_REDIRECT] 
2026-09-28 00:27:32,524 [ERROR] LogOutputStream:75 - [STDERR_REDIRECT] [Fatal Error] :1:1: Premature end of file.
2026-09-28 00:27:32,524 [ERROR] LogOutputStream:75 - [STDERR_REDIRECT] 
2026-09-28 00:27:33,526 [ERROR] LogOutputStream:75 - [STDERR_REDIRECT] [Fatal Error] :1:1: Premature end of file.
2026-09-28 00:27:33,526 [ERROR] LogOutputStream:75 - [STDERR_REDIRECT] 
2026-09-28 00:27:34,523 [ERROR] LogOutputStream:75 - [STDERR_REDIRECT] [Fatal Error] :1:1: Premature end of file.
2026-09-28 00:27:34,523 [ERROR] LogOutputStream:75 - [STDERR_REDIRECT] 
2026-09-28 00:27:35,525 [ERROR] LogOutputStream:75 - [STDERR_REDIRECT] [Fatal Error] :1:1: Premature end of file.
2026-09-28 00:27:35,525 [ERROR] LogOutputStream:75 - [STDERR_REDIRECT] 
2026-09-28 00:27:36,524 [ERROR] LogOutputStream:75 - [STDERR_REDIRECT] [Fatal Error] :1:1: Premature end of file.
2026-09-28 00:27:36,525 [ERROR] LogOutputStream:75 - [STDERR_REDIRECT] 
2026-09-28 00:27:37,524 [ERROR] LogOutputStream:75 - [STDERR_REDIRECT] [Fatal Error] :1:1: Premature end of file.
2026-09-28 00:27:37,524 [ERROR] LogOutputStream:75 - [STDERR_REDIRECT] 
2026-09-28 00:27:38,525 [ERROR] LogOutputStream:75 - [STDERR_REDIRECT] [Fatal Error] :1:1: Premature end of file.
2026-09-28 00:27:38,525 [ERROR] LogOutputStream:75 - [STDERR_REDIRECT] 
2026-09-28 00:27:39,522 [ERROR] LogOutputStream:75 - [STDERR_REDIRECT] [Fatal Error] :1:1: Premature end of file.
2026-09-28 00:27:39,522 [ERROR] LogOutputStream:75 - [STDERR_REDIRECT] 
2026-09-28 00:27:40,524 [ERROR] LogOutputStream:75 - [STDERR_REDIRECT] [Fatal Error] :1:1: Premature end of file.
2026-09-28 00:27:40,524 [ERROR] LogOutputStream:75 - [STDERR_REDIRECT] 
2026-09-28 00:27:41,523 [ERROR] LogOutputStream:75 - [STDERR_REDIRECT] [Fatal Error] :1:1: Premature end of file.
2026-09-28 00:27:41,523 [ERROR] LogOutputStream:75 - [STDERR_REDIRECT] 
2026-09-28 00:27:42,525 [ERROR] LogOutputStream:75 - [STDERR_REDIRECT] [Fatal Error] :1:1: Premature end of file.
2026-09-28 00:27:42,525 [ERROR] LogOutputStream:75 - [STDERR_REDIRECT] 
2026-09-28 00:27:43,524 [ERROR] LogOutputStream:75 - [STDERR_REDIRECT] [Fatal Error] :1:1: Premature end of file.
2026-09-28 00:27:43,524 [ERROR] LogOutputStream:75 - [STDERR_REDIRECT] 
2026-09-28 00:27:44,524 [ERROR] LogOutputStream:75 - [STDERR_REDIRECT] [Fatal Error] :1:1: Premature end of file.
2026-09-28 00:27:44,524 [ERROR] LogOutputStream:75 - [STDERR_REDIRECT] 
2026-09-28 00:27:45,524 [ERROR] LogOutputStream:75 - [STDERR_REDIRECT] [Fatal Error] :1:1: Premature end of file.
2026-09-28 00:27:45,525 [ERROR] LogOutputStream:75 - [STDERR_REDIRECT] 
2026-09-28 00:27:46,524 [ERROR] LogOutputStream:75 - [STDERR_REDIRECT] [Fatal Error] :1:1: Premature end of file.
2026-09-28 00:27:46,524 [ERROR] LogOutputStream:75 - [STDERR_REDIRECT] 
2026-09-28 00:27:47,524 [ERROR] LogOutputStream:75 - [STDERR_REDIRECT] [Fatal Error] :1:1: Premature end of file.
2026-09-28 00:27:47,524 [ERROR] LogOutputStream:75 - [STDERR_REDIRECT] 
2026-09-28 00:27:48,523 [ERROR] LogOutputStream:75 - [STDERR_REDIRECT] [Fatal Error] :1:1: Premature end of file.
2026-09-28 00:27:48,523 [ERROR] LogOutputStream:75 - [STDERR_REDIRECT] 
2026-09-28 00:27:49,525 [ERROR] LogOutputStream:75 - [STDERR_REDIRECT] [Fatal Error] :1:1: Premature end of file.
2026-09-28 00:27:49,525 [ERROR] LogOutputStream:75 - [STDERR_REDIRECT] 
2026-09-28 00:27:50,524 [ERROR] LogOutputStream:75 - [STDERR_REDIRECT] [Fatal Error] :1:1: Premature end of file.
2026-09-28 00:27:50,524 [ERROR] LogOutputStream:75 - [STDERR_REDIRECT] 
2026-09-28 00:27:51,523 [ERROR] LogOutputStream:75 - [STDERR_REDIRECT] [Fatal Error] :1:1: Premature end of file.
2026-09-28 00:27:51,523 [ERROR] LogOutputStream:75 - [STDERR_REDIRECT] 
2026-09-28 00:27:52,523 [ERROR] LogOutputStream:75 - [STDERR_REDIRECT] [Fatal Error] :1:1: Premature end of file.
2026-09-28 00:27:52,524 [ERROR] LogOutputStream:75 - [STDERR_REDIRECT] 
2026-09-28 00:27:53,524 [ERROR] LogOutputStream:75 - [STDERR_REDIRECT] [Fatal Error] :1:1: Premature end of file.
2026-09-28 00:27:53,525 [ERROR] LogOutputStream:75 - [STDERR_REDIRECT] 
2026-09-28 00:27:54,524 [ERROR] LogOutputStream:75 - [STDERR_REDIRECT] [Fatal Error] :1:1: Premature end of file.
2026-09-28 00:27:54,524 [ERROR] LogOutputStream:75 - [STDERR_REDIRECT] 
2026-09-28 00:27:55,525 [ERROR] LogOutputStream:75 - [STDERR_REDIRECT] [Fatal Error] :1:1: Premature end of file.
2026-09-28 00:27:55,525 [ERROR] LogOutputStream:75 - [STDERR_REDIRECT] 
2026-09-28 00:27:56,526 [ERROR] LogOutputStream:75 - [STDERR_REDIRECT] [Fatal Error] :1:1: Premature end of file.
2026-09-28 00:27:56,526 [ERROR] LogOutputStream:75 - [STDERR_REDIRECT] 
2026-09-28 00:27:57,525 [ERROR] LogOutputStream:75 - [STDERR_REDIRECT] [Fatal Error] :1:1: Premature end of file.
2026-09-28 00:27:57,525 [ERROR] LogOutputStream:75 - [STDERR_REDIRECT] 
2026-09-28 00:27:58,523 [ERROR] LogOutputStream:75 - [STDERR_REDIRECT] [Fatal Error] :1:1: Premature end of file.
2026-09-28 00:27:58,523 [ERROR] LogOutputStream:75 - [STDERR_REDIRECT] 
2026-09-28 00:27:59,523 [ERROR] LogOutputStream:75 - [STDERR_REDIRECT] [Fatal Error] :1:1: Premature end of file.
2026-09-28 00:27:59,523 [ERROR] LogOutputStream:75 - [STDERR_REDIRECT] 
2026-09-28 00:28:00,523 [ERROR] LogOutputStream:75 - [STDERR_REDIRECT] [Fatal Error] :1:1: Premature end of file.
2026-09-28 00:28:00,523 [ERROR] LogOutputStream:75 - [STDERR_REDIRECT] 
2026-09-28 00:28:01,525 [ERROR] LogOutputStream:75 - [STDERR_REDIRECT] [Fatal Error] :1:1: Premature end of file.
2026-09-28 00:28:01,525 [ERROR] LogOutputStream:75 - [STDERR_REDIRECT] 
2026-09-28 00:28:02,524 [ERROR] LogOutputStream:75 - [STDERR_REDIRECT] [Fatal Error] :1:1: Premature end of file.
2026-09-28 00:28:02,524 [ERROR] LogOutputStream:75 - [STDERR_REDIRECT] 
2026-09-28 00:28:03,524 [ERROR] LogOutputStream:75 - [STDERR_REDIRECT] [Fatal Error] :1:1: Premature end of file.
2026-09-28 00:28:03,524 [ERROR] LogOutputStream:75 - [STDERR_REDIRECT] 
2026-09-28 00:28:04,524 [ERROR] LogOutputStream:75 - [STDERR_REDIRECT] [Fatal Error] :1:1: Premature end of file.
2026-09-28 00:28:04,524 [ERROR] LogOutputStream:75 - [STDERR_REDIRECT] 
2026-09-28 00:28:05,523 [ERROR] LogOutputStream:75 - [STDERR_REDIRECT] [Fatal Error] :1:1: Premature end of file.
2026-09-28 00:28:05,523 [ERROR] LogOutputStream:75 - [STDERR_REDIRECT] 
2026-09-28 00:28:06,524 [ERROR] LogOutputStream:75 - [STDERR_REDIRECT] [Fatal Error] :1:1: Premature end of file.
2026-09-28 00:28:06,524 [ERROR] LogOutputStream:75 - [STDERR_REDIRECT] 
2026-09-28 00:28:07,524 [ERROR] LogOutputStream:75 - [STDERR_REDIRECT] [Fatal Error] :1:1: Premature end of file.
2026-09-28 00:28:07,524 [ERROR] LogOutputStream:75 - [STDERR_REDIRECT] 
2026-09-28 00:28:08,525 [ERROR] LogOutputStream:75 - [STDERR_REDIRECT] [Fatal Error] :1:1: Premature end of file.
2026-09-28 00:28:08,525 [ERROR] LogOutputStream:75 - [STDERR_REDIRECT] 
2026-09-28 00:28:09,524 [ERROR] LogOutputStream:75 - [STDERR_REDIRECT] [Fatal Error] :1:1: Premature end of file.
2026-09-28 00:28:09,524 [ERROR] LogOutputStream:75 - [STDERR_REDIRECT] 
2026-09-28 00:28:10,526 [ERROR] LogOutputStream:75 - [STDERR_REDIRECT] [Fatal Error] :1:1: Premature end of file.
2026-09-28 00:28:10,526 [ERROR] LogOutputStream:75 - [STDERR_REDIRECT] 
2026-09-28 00:28:11,525 [ERROR] LogOutputStream:75 - [STDERR_REDIRECT] [Fatal Error] :1:1: Premature end of file.
2026-09-28 00:28:11,525 [ERROR] LogOutputStream:75 - [STDERR_REDIRECT] 
2026-09-28 00:28:12,522 [ERROR] LogOutputStream:75 - [STDERR_REDIRECT] [Fatal Error] :1:1: Premature end of file.
2026-09-28 00:28:12,522 [ERROR] LogOutputStream:75 - [STDERR_REDIRECT] 
2026-09-28 00:28:13,525 [ERROR] LogOutputStream:75 - [STDERR_REDIRECT] [Fatal Error] :1:1: Premature end of file.
2026-09-28 00:28:13,525 [ERROR] LogOutputStream:75 - [STDERR_REDIRECT] 
2026-09-28 00:28:14,524 [ERROR] LogOutputStream:75 - [STDERR_REDIRECT] [Fatal Error] :1:1: Premature end of file.
2026-09-28 00:28:14,524 [ERROR] LogOutputStream:75 - [STDERR_REDIRECT] 
2026-09-28 00:28:15,523 [ERROR] LogOutputStream:75 - [STDERR_REDIRECT] [Fatal Error] :1:1: Premature end of file.
2026-09-28 00:28:15,523 [ERROR] LogOutputStream:75 - [STDERR_REDIRECT] 
2026-09-28 00:28:16,524 [ERROR] LogOutputStream:75 - [STDERR_REDIRECT] [Fatal Error] :1:1: Premature end of file.
2026-09-28 00:28:16,524 [ERROR] LogOutputStream:75 - [STDERR_REDIRECT] 
2026-09-28 00:28:17,526 [ERROR] LogOutputStream:75 - [STDERR_REDIRECT] [Fatal Error] :1:1: Premature end of file.
2026-09-28 00:28:17,526 [ERROR] LogOutputStream:75 - [STDERR_REDIRECT] 
2026-09-28 00:28:18,524 [ERROR] LogOutputStream:75 - [STDERR_REDIRECT] [Fatal Error] :1:1: Premature end of file.
2026-09-28 00:28:18,524 [ERROR] LogOutputStream:75 - [STDERR_REDIRECT] 
2026-09-28 00:28:19,524 [ERROR] LogOutputStream:75 - [STDERR_REDIRECT] [Fatal Error] :1:1: Premature end of file.
2026-09-28 00:28:19,524 [ERROR] LogOutputStream:75 - [STDERR_REDIRECT] 
2026-09-28 00:28:20,523 [ERROR] LogOutputStream:75 - [STDERR_REDIRECT] [Fatal Error] :1:1: Premature end of file.
2026-09-28 00:28:20,523 [ERROR] LogOutputStream:75 - [STDERR_REDIRECT] 
2026-09-28 00:28:21,524 [ERROR] LogOutputStream:75 - [STDERR_REDIRECT] [Fatal Error] :1:1: Premature end of file.
2026-09-28 00:28:21,524 [ERROR] LogOutputStream:75 - [STDERR_REDIRECT] 
2026-09-28 00:28:22,523 [ERROR] LogOutputStream:75 - [STDERR_REDIRECT] [Fatal Error] :1:1: Premature end of file.
2026-09-28 00:28:22,523 [ERROR] LogOutputStream:75 - [STDERR_REDIRECT] 
2026-09-28 00:28:23,524 [ERROR] LogOutputStream:75 - [STDERR_REDIRECT] [Fatal Error] :1:1: Premature end of file.
2026-09-28 00:28:23,524 [ERROR] LogOutputStream:75 - [STDERR_REDIRECT] 
2026-09-28 00:28:24,524 [ERROR] LogOutputStream:75 - [STDERR_REDIRECT] [Fatal Error] :1:1: Premature end of file.
2026-09-28 00:28:24,524 [ERROR] LogOutputStream:75 - [STDERR_REDIRECT] 
2026-09-28 00:28:25,523 [ERROR] LogOutputStream:75 - [STDERR_REDIRECT] [Fatal Error] :1:1: Premature end of file.
2026-09-28 00:28:25,523 [ERROR] LogOutputStream:75 - [STDERR_REDIRECT] 
2026-09-28 00:28:26,525 [ERROR] LogOutputStream:75 - [STDERR_REDIRECT] [Fatal Error] :1:1: Premature end of file.
2026-09-28 00:28:26,525 [ERROR] LogOutputStream:75 - [STDERR_REDIRECT] 
2026-09-28 00:28:27,524 [ERROR] LogOutputStream:75 - [STDERR_REDIRECT] [Fatal Error] :1:1: Premature end of file.
2026-09-28 00:28:27,524 [ERROR] LogOutputStream:75 - [STDERR_REDIRECT] 
2026-09-28 00:28:28,525 [ERROR] LogOutputStream:75 - [STDERR_REDIRECT] [Fatal Error] :1:1: Premature end of file.
2026-09-28 00:28:28,525 [ERROR] LogOutputStream:75 - [STDERR_REDIRECT] 
2026-09-28 00:28:29,523 [ERROR] LogOutputStream:75 - [STDERR_REDIRECT] [Fatal Error] :1:1: Premature end of file.
2026-09-28 00:28:29,524 [ERROR] LogOutputStream:75 - [STDERR_REDIRECT] 
2026-09-28 00:28:30,525 [ERROR] LogOutputStream:75 - [STDERR_REDIRECT] [Fatal Error] :1:1: Premature end of file.
2026-09-28 00:28:30,525 [ERROR] LogOutputStream:75 - [STDERR_REDIRECT] 
2026-09-28 00:28:31,525 [ERROR] LogOutputStream:75 - [STDERR_REDIRECT] [Fatal Error] :1:1: Premature end of file.
2026-09-28 00:28:31,525 [ERROR] LogOutputStream:75 - [STDERR_REDIRECT] 
2026-09-28 00:28:32,524 [ERROR] LogOutputStream:75 - [STDERR_REDIRECT] [Fatal Error] :1:1: Premature end of file.
2026-09-28 00:28:32,524 [ERROR] LogOutputStream:75 - [STDERR_REDIRECT] 
2026-09-28 00:28:33,522 [ERROR] LogOutputStream:75 - [STDERR_REDIRECT] [Fatal Error] :1:1: Premature end of file.
2026-09-28 00:28:33,522 [ERROR] LogOutputStream:75 - [STDERR_REDIRECT] 
2026-09-28 00:28:34,523 [ERROR] LogOutputStream:75 - [STDERR_REDIRECT] [Fatal Error] :1:1: Premature end of file.
2026-09-28 00:28:34,523 [ERROR] LogOutputStream:75 - [STDERR_REDIRECT] 
2026-09-28 00:28:35,524 [ERROR] LogOutputStream:75 - [STDERR_REDIRECT] [Fatal Error] :1:1: Premature end of file.
2026-09-28 00:28:35,524 [ERROR] LogOutputStream:75 - [STDERR_REDIRECT] 
2026-09-28 00:28:36,526 [ERROR] LogOutputStream:75 - [STDERR_REDIRECT] [Fatal Error] :1:1: Premature end of file.
2026-09-28 00:28:36,526 [ERROR] LogOutputStream:75 - [STDERR_REDIRECT] 
2026-09-28 00:28:37,523 [ERROR] LogOutputStream:75 - [STDERR_REDIRECT] [Fatal Error] :1:1: Premature end of file.
2026-09-28 00:28:37,523 [ERROR] LogOutputStream:75 - [STDERR_REDIRECT] 
2026-09-28 00:28:38,524 [ERROR] LogOutputStream:75 - [STDERR_REDIRECT] [Fatal Error] :1:1: Premature end of file.
2026-09-28 00:28:38,524 [ERROR] LogOutputStream:75 - [STDERR_REDIRECT] 
2026-09-28 00:28:39,525 [ERROR] LogOutputStream:75 - [STDERR_REDIRECT] [Fatal Error] :1:1: Premature end of file.
2026-09-28 00:28:39,525 [ERROR] LogOutputStream:75 - [STDERR_REDIRECT] 
2026-09-28 00:28:40,523 [ERROR] LogOutputStream:75 - [STDERR_REDIRECT] [Fatal Error] :1:1: Premature end of file.
2026-09-28 00:28:40,524 [ERROR] LogOutputStream:75 - [STDERR_REDIRECT] 
2026-09-28 00:28:41,524 [ERROR] LogOutputStream:75 - [STDERR_REDIRECT] [Fatal Error] :1:1: Premature end of file.
2026-09-28 00:28:41,524 [ERROR] LogOutputStream:75 - [STDERR_REDIRECT] 
2026-09-28 00:28:42,524 [ERROR] LogOutputStream:75 - [STDERR_REDIRECT] [Fatal Error] :1:1: Premature end of file.
2026-09-28 00:28:42,524 [ERROR] LogOutputStream:75 - [STDERR_REDIRECT] 
2026-09-28 00:28:43,524 [ERROR] LogOutputStream:75 - [STDERR_REDIRECT] [Fatal Error] :1:1: Premature end of file.
2026-09-28 00:28:43,524 [ERROR] LogOutputStream:75 - [STDERR_REDIRECT] 
2026-09-28 00:28:44,524 [ERROR] LogOutputStream:75 - [STDERR_REDIRECT] [Fatal Error] :1:1: Premature end of file.
2026-09-28 00:28:44,524 [ERROR] LogOutputStream:75 - [STDERR_REDIRECT] 
2026-09-28 00:28:45,524 [ERROR] LogOutputStream:75 - [STDERR_REDIRECT] [Fatal Error] :1:1: Premature end of file.
2026-09-28 00:28:45,524 [ERROR] LogOutputStream:75 - [STDERR_REDIRECT] 
2026-09-28 00:28:46,524 [ERROR] LogOutputStream:75 - [STDERR_REDIRECT] [Fatal Error] :1:1: Premature end of file.
2026-09-28 00:28:46,525 [ERROR] LogOutputStream:75 - [STDERR_REDIRECT] 
2026-09-28 00:28:47,525 [ERROR] LogOutputStream:75 - [STDERR_REDIRECT] [Fatal Error] :1:1: Premature end of file.
2026-09-28 00:28:47,525 [ERROR] LogOutputStream:75 - [STDERR_REDIRECT] 
2026-09-28 00:28:48,524 [ERROR] LogOutputStream:75 - [STDERR_REDIRECT] [Fatal Error] :1:1: Premature end of file.
2026-09-28 00:28:48,524 [ERROR] LogOutputStream:75 - [STDERR_REDIRECT] 
2026-09-28 00:28:49,524 [ERROR] LogOutputStream:75 - [STDERR_REDIRECT] [Fatal Error] :1:1: Premature end of file.
2026-09-28 00:28:49,524 [ERROR] LogOutputStream:75 - [STDERR_REDIRECT] 
2026-09-28 00:28:50,525 [ERROR] LogOutputStream:75 - [STDERR_REDIRECT] [Fatal Error] :1:1: Premature end of file.
2026-09-28 00:28:50,525 [ERROR] LogOutputStream:75 - [STDERR_REDIRECT] 
2026-09-28 00:28:51,524 [ERROR] LogOutputStream:75 - [STDERR_REDIRECT] [Fatal Error] :1:1: Premature end of file.
2026-09-28 00:28:51,524 [ERROR] LogOutputStream:75 - [STDERR_REDIRECT] 
2026-09-28 00:28:52,523 [ERROR] LogOutputStream:75 - [STDERR_REDIRECT] [Fatal Error] :1:1: Premature end of file.
2026-09-28 00:28:52,523 [ERROR] LogOutputStream:75 - [STDERR_REDIRECT] 
2026-09-28 00:28:53,524 [ERROR] LogOutputStream:75 - [STDERR_REDIRECT] [Fatal Error] :1:1: Premature end of file.
2026-09-28 00:28:53,524 [ERROR] LogOutputStream:75 - [STDERR_REDIRECT] 
2026-09-28 00:28:54,524 [ERROR] LogOutputStream:75 - [STDERR_REDIRECT] [Fatal Error] :1:1: Premature end of file.
2026-09-28 00:28:54,524 [ERROR] LogOutputStream:75 - [STDERR_REDIRECT] 
2026-09-28 00:28:55,524 [ERROR] LogOutputStream:75 - [STDERR_REDIRECT] [Fatal Error] :1:1: Premature end of file.
2026-09-28 00:28:55,524 [ERROR] LogOutputStream:75 - [STDERR_REDIRECT] 
2026-09-28 00:28:56,524 [ERROR] LogOutputStream:75 - [STDERR_REDIRECT] [Fatal Error] :1:1: Premature end of file.
2026-09-28 00:28:56,524 [ERROR] LogOutputStream:75 - [STDERR_REDIRECT] 
2026-09-28 00:28:57,525 [ERROR] LogOutputStream:75 - [STDERR_REDIRECT] [Fatal Error] :1:1: Premature end of file.
2026-09-28 00:28:57,525 [ERROR] LogOutputStream:75 - [STDERR_REDIRECT] 
2026-09-28 00:28:58,524 [ERROR] LogOutputStream:75 - [STDERR_REDIRECT] [Fatal Error] :1:1: Premature end of file.
2026-09-28 00:28:58,524 [ERROR] LogOutputStream:75 - [STDERR_REDIRECT] 
2026-09-28 00:28:59,525 [ERROR] LogOutputStream:75 - [STDERR_REDIRECT] [Fatal Error] :1:1: Premature end of file.
2026-09-28 00:28:59,525 [ERROR] LogOutputStream:75 - [STDERR_REDIRECT] 
2026-09-28 00:29:00,526 [ERROR] LogOutputStream:75 - [STDERR_REDIRECT] [Fatal Error] :1:1: Premature end of file.
2026-09-28 00:29:00,526 [ERROR] LogOutputStream:75 - [STDERR_REDIRECT] 
2026-09-28 00:29:01,525 [ERROR] LogOutputStream:75 - [STDERR_REDIRECT] [Fatal Error] :1:1: Premature end of file.
2026-09-28 00:29:01,525 [ERROR] LogOutputStream:75 - [STDERR_REDIRECT] 
2026-09-28 00:29:02,525 [ERROR] LogOutputStream:75 - [STDERR_REDIRECT] [Fatal Error] :1:1: Premature end of file.
2026-09-28 00:29:02,526 [ERROR] LogOutputStream:75 - [STDERR_REDIRECT] 
2026-09-28 00:29:03,523 [ERROR] LogOutputStream:75 - [STDERR_REDIRECT] [Fatal Error] :1:1: Premature end of file.
2026-09-28 00:29:03,523 [ERROR] LogOutputStream:75 - [STDERR_REDIRECT] 
2026-09-28 00:29:04,525 [ERROR] LogOutputStream:75 - [STDERR_REDIRECT] [Fatal Error] :1:1: Premature end of file.
2026-09-28 00:29:04,525 [ERROR] LogOutputStream:75 - [STDERR_REDIRECT] 
2026-09-28 00:29:05,523 [ERROR] LogOutputStream:75 - [STDERR_REDIRECT] [Fatal Error] :1:1: Premature end of file.
2026-09-28 00:29:05,523 [ERROR] LogOutputStream:75 - [STDERR_REDIRECT] 
2026-09-28 00:29:06,526 [ERROR] LogOutputStream:75 - [STDERR_REDIRECT] [Fatal Error] :1:1: Premature end of file.
2026-09-28 00:29:06,526 [ERROR] LogOutputStream:75 - [STDERR_REDIRECT] 
2026-09-28 00:29:07,525 [ERROR] LogOutputStream:75 - [STDERR_REDIRECT] [Fatal Error] :1:1: Premature end of file.
2026-09-28 00:29:07,525 [ERROR] LogOutputStream:75 - [STDERR_REDIRECT] 
2026-09-28 00:29:08,524 [ERROR] LogOutputStream:75 - [STDERR_REDIRECT] [Fatal Error] :1:1: Premature end of file.
2026-09-28 00:29:08,524 [ERROR] LogOutputStream:75 - [STDERR_REDIRECT] 
2026-09-28 00:29:09,525 [ERROR] LogOutputStream:75 - [STDERR_REDIRECT] [Fatal Error] :1:1: Premature end of file.
2026-09-28 00:29:09,525 [ERROR] LogOutputStream:75 - [STDERR_REDIRECT] 
2026-09-28 00:29:10,522 [ERROR] LogOutputStream:75 - [STDERR_REDIRECT] [Fatal Error] :1:1: Premature end of file.
2026-09-28 00:29:10,522 [ERROR] LogOutputStream:75 - [STDERR_REDIRECT] 
2026-09-28 00:29:11,524 [ERROR] LogOutputStream:75 - [STDERR_REDIRECT] [Fatal Error] :1:1: Premature end of file.
2026-09-28 00:29:11,524 [ERROR] LogOutputStream:75 - [STDERR_REDIRECT] 
2026-09-28 00:29:12,524 [ERROR] LogOutputStream:75 - [STDERR_REDIRECT] [Fatal Error] :1:1: Premature end of file.
2026-09-28 00:29:12,524 [ERROR] LogOutputStream:75 - [STDERR_REDIRECT] 
2026-09-28 00:29:13,524 [ERROR] LogOutputStream:75 - [STDERR_REDIRECT] [Fatal Error] :1:1: Premature end of file.
2026-09-28 00:29:13,524 [ERROR] LogOutputStream:75 - [STDERR_REDIRECT] 
2026-09-28 00:29:14,523 [ERROR] LogOutputStream:75 - [STDERR_REDIRECT] [Fatal Error] :1:1: Premature end of file.
2026-09-28 00:29:14,523 [ERROR] LogOutputStream:75 - [STDERR_REDIRECT] 
2026-09-28 00:29:15,523 [ERROR] LogOutputStream:75 - [STDERR_REDIRECT] [Fatal Error] :1:1: Premature end of file.
2026-09-28 00:29:15,523 [ERROR] LogOutputStream:75 - [STDERR_REDIRECT] 
2026-09-28 00:29:16,524 [ERROR] LogOutputStream:75 - [STDERR_REDIRECT] [Fatal Error] :1:1: Premature end of file.
2026-09-28 00:29:16,524 [ERROR] LogOutputStream:75 - [STDERR_REDIRECT] 
2026-09-28 00:29:17,523 [ERROR] LogOutputStream:75 - [STDERR_REDIRECT] [Fatal Error] :1:1: Premature end of file.
2026-09-28 00:29:17,523 [ERROR] LogOutputStream:75 - [STDERR_REDIRECT] 
2026-09-28 00:29:18,523 [ERROR] LogOutputStream:75 - [STDERR_REDIRECT] [Fatal Error] :1:1: Premature end of file.
2026-09-28 00:29:18,523 [ERROR] LogOutputStream:75 - [STDERR_REDIRECT] 
2026-09-28 00:29:19,524 [ERROR] LogOutputStream:75 - [STDERR_REDIRECT] [Fatal Error] :1:1: Premature end of file.
2026-09-28 00:29:19,524 [ERROR] LogOutputStream:75 - [STDERR_REDIRECT] 
2026-09-28 00:29:20,525 [ERROR] LogOutputStream:75 - [STDERR_REDIRECT] [Fatal Error] :1:1: Premature end of file.
2026-09-28 00:29:20,525 [ERROR] LogOutputStream:75 - [STDERR_REDIRECT] 
2026-09-28 00:29:21,523 [ERROR] LogOutputStream:75 - [STDERR_REDIRECT] [Fatal Error] :1:1: Premature end of file.
2026-09-28 00:29:21,523 [ERROR] LogOutputStream:75 - [STDERR_REDIRECT] 
2026-09-28 00:29:22,524 [ERROR] LogOutputStream:75 - [STDERR_REDIRECT] [Fatal Error] :1:1: Premature end of file.
2026-09-28 00:29:22,524 [ERROR] LogOutputStream:75 - [STDERR_REDIRECT] 
2026-09-28 00:29:23,526 [ERROR] LogOutputStream:75 - [STDERR_REDIRECT] [Fatal Error] :1:1: Premature end of file.
2026-09-28 00:29:23,526 [ERROR] LogOutputStream:75 - [STDERR_REDIRECT] 
2026-09-28 00:29:24,523 [ERROR] LogOutputStream:75 - [STDERR_REDIRECT] [Fatal Error] :1:1: Premature end of file.
2026-09-28 00:29:24,523 [ERROR] LogOutputStream:75 - [STDERR_REDIRECT] 
2026-09-28 00:29:25,525 [ERROR] LogOutputStream:75 - [STDERR_REDIRECT] [Fatal Error] :1:1: Premature end of file.
2026-09-28 00:29:25,525 [ERROR] LogOutputStream:75 - [STDERR_REDIRECT] 
2026-09-28 00:29:26,525 [ERROR] LogOutputStream:75 - [STDERR_REDIRECT] [Fatal Error] :1:1: Premature end of file.
2026-09-28 00:29:26,525 [ERROR] LogOutputStream:75 - [STDERR_REDIRECT] 
2026-09-28 00:29:27,525 [ERROR] LogOutputStream:75 - [STDERR_REDIRECT] [Fatal Error] :1:1: Premature end of file.
2026-09-28 00:29:27,525 [ERROR] LogOutputStream:75 - [STDERR_REDIRECT] 
2026-09-28 00:29:28,524 [ERROR] LogOutputStream:75 - [STDERR_REDIRECT] [Fatal Error] :1:1: Premature end of file.
2026-09-28 00:29:28,524 [ERROR] LogOutputStream:75 - [STDERR_REDIRECT] 
2026-09-28 00:29:29,524 [ERROR] LogOutputStream:75 - [STDERR_REDIRECT] [Fatal Error] :1:1: Premature end of file.
2026-09-28 00:29:29,524 [ERROR] LogOutputStream:75 - [STDERR_REDIRECT] 
2026-09-28 00:29:30,524 [ERROR] LogOutputStream:75 - [STDERR_REDIRECT] [Fatal Error] :1:1: Premature end of file.
2026-09-28 00:29:30,524 [ERROR] LogOutputStream:75 - [STDERR_REDIRECT] 
2026-09-28 00:29:31,524 [ERROR] LogOutputStream:75 - [STDERR_REDIRECT] [Fatal Error] :1:1: Premature end of file.
2026-09-28 00:29:31,524 [ERROR] LogOutputStream:75 - [STDERR_REDIRECT] 
2026-09-28 00:29:32,525 [ERROR] LogOutputStream:75 - [STDERR_REDIRECT] [Fatal Error] :1:1: Premature end of file.
2026-09-28 00:29:32,525 [ERROR] LogOutputStream:75 - [STDERR_REDIRECT] 
2026-09-28 00:29:33,523 [ERROR] LogOutputStream:75 - [STDERR_REDIRECT] [Fatal Error] :1:1: Premature end of file.
2026-09-28 00:29:33,523 [ERROR] LogOutputStream:75 - [STDERR_REDIRECT] 
2026-09-28 00:29:34,524 [ERROR] LogOutputStream:75 - [STDERR_REDIRECT] [Fatal Error] :1:1: Premature end of file.
2026-09-28 00:29:34,524 [ERROR] LogOutputStream:75 - [STDERR_REDIRECT] 
2026-09-28 00:29:35,523 [ERROR] LogOutputStream:75 - [STDERR_REDIRECT] [Fatal Error] :1:1: Premature end of file.
2026-09-28 00:29:35,523 [ERROR] LogOutputStream:75 - [STDERR_REDIRECT] 
2026-09-28 00:29:36,526 [ERROR] LogOutputStream:75 - [STDERR_REDIRECT] [Fatal Error] :1:1: Premature end of file.
2026-09-28 00:29:36,526 [ERROR] LogOutputStream:75 - [STDERR_REDIRECT] 
2026-09-28 00:29:37,524 [ERROR] LogOutputStream:75 - [STDERR_REDIRECT] [Fatal Error] :1:1: Premature end of file.
2026-09-28 00:29:37,524 [ERROR] LogOutputStream:75 - [STDERR_REDIRECT] 
2026-09-28 00:29:38,523 [ERROR] LogOutputStream:75 - [STDERR_REDIRECT] [Fatal Error] :1:1: Premature end of file.
2026-09-28 00:29:38,524 [ERROR] LogOutputStream:75 - [STDERR_REDIRECT] 
2026-09-28 00:29:39,524 [ERROR] LogOutputStream:75 - [STDERR_REDIRECT] [Fatal Error] :1:1: Premature end of file.
2026-09-28 00:29:39,524 [ERROR] LogOutputStream:75 - [STDERR_REDIRECT] 
2026-09-28 00:29:40,525 [ERROR] LogOutputStream:75 - [STDERR_REDIRECT] [Fatal Error] :1:1: Premature end of file.
2026-09-28 00:29:40,525 [ERROR] LogOutputStream:75 - [STDERR_REDIRECT] 
2026-09-28 00:29:41,524 [ERROR] LogOutputStream:75 - [STDERR_REDIRECT] [Fatal Error] :1:1: Premature end of file.
2026-09-28 00:29:41,524 [ERROR] LogOutputStream:75 - [STDERR_REDIRECT] 
2026-09-28 00:29:42,525 [ERROR] LogOutputStream:75 - [STDERR_REDIRECT] [Fatal Error] :1:1: Premature end of file.
2026-09-28 00:29:42,525 [ERROR] LogOutputStream:75 - [STDERR_REDIRECT] 
2026-09-28 00:29:43,527 [ERROR] LogOutputStream:75 - [STDERR_REDIRECT] [Fatal Error] :1:1: Premature end of file.
2026-09-28 00:29:43,527 [ERROR] LogOutputStream:75 - [STDERR_REDIRECT] 
2026-09-28 00:29:44,525 [ERROR] LogOutputStream:75 - [STDERR_REDIRECT] [Fatal Error] :1:1: Premature end of file.
2026-09-28 00:29:44,525 [ERROR] LogOutputStream:75 - [STDERR_REDIRECT] 
2026-09-28 00:29:45,524 [ERROR] LogOutputStream:75 - [STDERR_REDIRECT] [Fatal Error] :1:1: Premature end of file.
2026-09-28 00:29:45,524 [ERROR] LogOutputStream:75 - [STDERR_REDIRECT] 
2026-09-28 00:29:46,525 [ERROR] LogOutputStream:75 - [STDERR_REDIRECT] [Fatal Error] :1:1: Premature end of file.
2026-09-28 00:29:46,525 [ERROR] LogOutputStream:75 - [STDERR_REDIRECT] 
2026-09-28 00:29:47,524 [ERROR] LogOutputStream:75 - [STDERR_REDIRECT] [Fatal Error] :1:1: Premature end of file.
2026-09-28 00:29:47,524 [ERROR] LogOutputStream:75 - [STDERR_REDIRECT] 
2026-09-28 00:29:48,524 [ERROR] LogOutputStream:75 - [STDERR_REDIRECT] [Fatal Error] :1:1: Premature end of file.
2026-09-28 00:29:48,524 [ERROR] LogOutputStream:75 - [STDERR_REDIRECT] 
2026-09-28 00:29:49,525 [ERROR] LogOutputStream:75 - [STDERR_REDIRECT] [Fatal Error] :1:1: Premature end of file.
2026-09-28 00:29:49,525 [ERROR] LogOutputStream:75 - [STDERR_REDIRECT] 
2026-09-28 00:29:50,523 [ERROR] LogOutputStream:75 - [STDERR_REDIRECT] [Fatal Error] :1:1: Premature end of file.
2026-09-28 00:29:50,523 [ERROR] LogOutputStream:75 - [STDERR_REDIRECT] 
2026-09-28 00:29:51,524 [ERROR] LogOutputStream:75 - [STDERR_REDIRECT] [Fatal Error] :1:1: Premature end of file.
2026-09-28 00:29:51,524 [ERROR] LogOutputStream:75 - [STDERR_REDIRECT] 
2026-09-28 00:29:52,525 [ERROR] LogOutputStream:75 - [STDERR_REDIRECT] [Fatal Error] :1:1: Premature end of file.
2026-09-28 00:29:52,525 [ERROR] LogOutputStream:75 - [STDERR_REDIRECT] 
2026-09-28 00:29:53,524 [ERROR] LogOutputStream:75 - [STDERR_REDIRECT] [Fatal Error] :1:1: Premature end of file.
2026-09-28 00:29:53,525 [ERROR] LogOutputStream:75 - [STDERR_REDIRECT] 
2026-09-28 00:29:54,522 [ERROR] LogOutputStream:75 - [STDERR_REDIRECT] [Fatal Error] :1:1: Premature end of file.
2026-09-28 00:29:54,522 [ERROR] LogOutputStream:75 - [STDERR_REDIRECT] 
2026-09-28 00:29:55,524 [ERROR] LogOutputStream:75 - [STDERR_REDIRECT] [Fatal Error] :1:1: Premature end of file.
2026-09-28 00:29:55,524 [ERROR] LogOutputStream:75 - [STDERR_REDIRECT] 
2026-09-28 00:29:56,524 [ERROR] LogOutputStream:75 - [STDERR_REDIRECT] [Fatal Error] :1:1: Premature end of file.
2026-09-28 00:29:56,524 [ERROR] LogOutputStream:75 - [STDERR_REDIRECT] 
2026-09-28 00:29:57,525 [ERROR] LogOutputStream:75 - [STDERR_REDIRECT] [Fatal Error] :1:1: Premature end of file.
2026-09-28 00:29:57,525 [ERROR] LogOutputStream:75 - [STDERR_REDIRECT] 
2026-09-28 00:29:58,523 [ERROR] LogOutputStream:75 - [STDERR_REDIRECT] [Fatal Error] :1:1: Premature end of file.
2026-09-28 00:29:58,523 [ERROR] LogOutputStream:75 - [STDERR_REDIRECT] 
2026-09-28 00:29:59,524 [ERROR] LogOutputStream:75 - [STDERR_REDIRECT] [Fatal Error] :1:1: Premature end of file.
2026-09-28 00:29:59,524 [ERROR] LogOutputStream:75 - [STDERR_REDIRECT] 
2026-09-28 00:30:00,524 [ERROR] LogOutputStream:75 - [STDERR_REDIRECT] [Fatal Error] :1:1: Premature end of file.
2026-09-28 00:30:00,525 [ERROR] LogOutputStream:75 - [STDERR_REDIRECT] 
2026-09-28 00:30:01,525 [ERROR] LogOutputStream:75 - [STDERR_REDIRECT] [Fatal Error] :1:1: Premature end of file.
2026-09-28 00:30:01,525 [ERROR] LogOutputStream:75 - [STDERR_REDIRECT] 
2026-09-28 00:30:02,524 [ERROR] LogOutputStream:75 - [STDERR_REDIRECT] [Fatal Error] :1:1: Premature end of file.
2026-09-28 00:30:02,524 [ERROR] LogOutputStream:75 - [STDERR_REDIRECT] 
2026-09-28 00:30:03,524 [ERROR] LogOutputStream:75 - [STDERR_REDIRECT] [Fatal Error] :1:1: Premature end of file.
2026-09-28 00:30:03,524 [ERROR] LogOutputStream:75 - [STDERR_REDIRECT] 
2026-09-28 00:30:04,525 [ERROR] LogOutputStream:75 - [STDERR_REDIRECT] [Fatal Error] :1:1: Premature end of file.
2026-09-28 00:30:04,525 [ERROR] LogOutputStream:75 - [STDERR_REDIRECT] 
2026-09-28 00:30:05,525 [ERROR] LogOutputStream:75 - [STDERR_REDIRECT] [Fatal Error] :1:1: Premature end of file.
2026-09-28 00:30:05,525 [ERROR] LogOutputStream:75 - [STDERR_REDIRECT] 
2026-09-28 00:30:06,524 [ERROR] LogOutputStream:75 - [STDERR_REDIRECT] [Fatal Error] :1:1: Premature end of file.
2026-09-28 00:30:06,525 [ERROR] LogOutputStream:75 - [STDERR_REDIRECT] 
2026-09-28 00:30:07,524 [ERROR] LogOutputStream:75 - [STDERR_REDIRECT] [Fatal Error] :1:1: Premature end of file.
2026-09-28 00:30:07,524 [ERROR] LogOutputStream:75 - [STDERR_REDIRECT] 
2026-09-28 00:30:08,525 [ERROR] LogOutputStream:75 - [STDERR_REDIRECT] [Fatal Error] :1:1: Premature end of file.
2026-09-28 00:30:08,525 [ERROR] LogOutputStream:75 - [STDERR_REDIRECT] 
2026-09-28 00:30:09,524 [ERROR] LogOutputStream:75 - [STDERR_REDIRECT] [Fatal Error] :1:1: Premature end of file.
2026-09-28 00:30:09,524 [ERROR] LogOutputStream:75 - [STDERR_REDIRECT] 
2026-09-28 00:30:10,525 [ERROR] LogOutputStream:75 - [STDERR_REDIRECT] [Fatal Error] :1:1: Premature end of file.
2026-09-28 00:30:10,525 [ERROR] LogOutputStream:75 - [STDERR_REDIRECT] 
2026-09-28 00:30:11,526 [ERROR] LogOutputStream:75 - [STDERR_REDIRECT] [Fatal Error] :1:1: Premature end of file.
2026-09-28 00:30:11,526 [ERROR] LogOutputStream:75 - [STDERR_REDIRECT] 
2026-09-28 00:30:12,525 [ERROR] LogOutputStream:75 - [STDERR_REDIRECT] [Fatal Error] :1:1: Premature end of file.
2026-09-28 00:30:12,525 [ERROR] LogOutputStream:75 - [STDERR_REDIRECT] 
2026-09-28 00:30:13,525 [ERROR] LogOutputStream:75 - [STDERR_REDIRECT] [Fatal Error] :1:1: Premature end of file.
2026-09-28 00:30:13,525 [ERROR] LogOutputStream:75 - [STDERR_REDIRECT] 
2026-09-28 00:30:14,523 [ERROR] LogOutputStream:75 - [STDERR_REDIRECT] [Fatal Error] :1:1: Premature end of file.
2026-09-28 00:30:14,523 [ERROR] LogOutputStream:75 - [STDERR_REDIRECT] 
2026-09-28 00:30:15,524 [ERROR] LogOutputStream:75 - [STDERR_REDIRECT] [Fatal Error] :1:1: Premature end of file.
2026-09-28 00:30:15,524 [ERROR] LogOutputStream:75 - [STDERR_REDIRECT] 
2026-09-28 00:30:16,523 [ERROR] LogOutputStream:75 - [STDERR_REDIRECT] [Fatal Error] :1:1: Premature end of file.
2026-09-28 00:30:16,524 [ERROR] LogOutputStream:75 - [STDERR_REDIRECT] 
2026-09-28 00:30:17,523 [ERROR] LogOutputStream:75 - [STDERR_REDIRECT] [Fatal Error] :1:1: Premature end of file.
2026-09-28 00:30:17,524 [ERROR] LogOutputStream:75 - [STDERR_REDIRECT] 
2026-09-28 00:30:18,523 [ERROR] LogOutputStream:75 - [STDERR_REDIRECT] [Fatal Error] :1:1: Premature end of file.
2026-09-28 00:30:18,524 [ERROR] LogOutputStream:75 - [STDERR_REDIRECT] 
2026-09-28 00:30:19,525 [ERROR] LogOutputStream:75 - [STDERR_REDIRECT] [Fatal Error] :1:1: Premature end of file.
2026-09-28 00:30:19,525 [ERROR] LogOutputStream:75 - [STDERR_REDIRECT] 
2026-09-28 00:30:20,525 [ERROR] LogOutputStream:75 - [STDERR_REDIRECT] [Fatal Error] :1:1: Premature end of file.
2026-09-28 00:30:20,525 [ERROR] LogOutputStream:75 - [STDERR_REDIRECT] 
2026-09-28 00:30:21,525 [ERROR] LogOutputStream:75 - [STDERR_REDIRECT] [Fatal Error] :1:1: Premature end of file.
2026-09-28 00:30:21,525 [ERROR] LogOutputStream:75 - [STDERR_REDIRECT] 
2026-09-28 00:30:22,524 [ERROR] LogOutputStream:75 - [STDERR_REDIRECT] [Fatal Error] :1:1: Premature end of file.
2026-09-28 00:30:22,524 [ERROR] LogOutputStream:75 - [STDERR_REDIRECT] 
2026-09-28 00:30:23,526 [ERROR] LogOutputStream:75 - [STDERR_REDIRECT] [Fatal Error] :1:1: Premature end of file.
2026-09-28 00:30:23,526 [ERROR] LogOutputStream:75 - [STDERR_REDIRECT] 
2026-09-28 00:30:24,525 [ERROR] LogOutputStream:75 - [STDERR_REDIRECT] [Fatal Error] :1:1: Premature end of file.
2026-09-28 00:30:24,525 [ERROR] LogOutputStream:75 - [STDERR_REDIRECT] 
2026-09-28 00:30:25,524 [ERROR] LogOutputStream:75 - [STDERR_REDIRECT] [Fatal Error] :1:1: Premature end of file.
2026-09-28 00:30:25,524 [ERROR] LogOutputStream:75 - [STDERR_REDIRECT] 
2026-09-28 00:30:26,522 [ERROR] LogOutputStream:75 - [STDERR_REDIRECT] [Fatal Error] :1:1: Premature end of file.
2026-09-28 00:30:26,522 [ERROR] LogOutputStream:75 - [STDERR_REDIRECT] 
2026-09-28 00:30:27,525 [ERROR] LogOutputStream:75 - [STDERR_REDIRECT] [Fatal Error] :1:1: Premature end of file.
2026-09-28 00:30:27,525 [ERROR] LogOutputStream:75 - [STDERR_REDIRECT] 
2026-09-28 00:30:28,524 [ERROR] LogOutputStream:75 - [STDERR_REDIRECT] [Fatal Error] :1:1: Premature end of file.
2026-09-28 00:30:28,524 [ERROR] LogOutputStream:75 - [STDERR_REDIRECT] 
2026-09-28 00:30:29,524 [ERROR] LogOutputStream:75 - [STDERR_REDIRECT] [Fatal Error] :1:1: Premature end of file.
2026-09-28 00:30:29,524 [ERROR] LogOutputStream:75 - [STDERR_REDIRECT] 
2026-09-28 00:30:30,524 [ERROR] LogOutputStream:75 - [STDERR_REDIRECT] [Fatal Error] :1:1: Premature end of file.
2026-09-28 00:30:30,524 [ERROR] LogOutputStream:75 - [STDERR_REDIRECT] 
2026-09-28 00:30:31,524 [ERROR] LogOutputStream:75 - [STDERR_REDIRECT] [Fatal Error] :1:1: Premature end of file.
2026-09-28 00:30:31,525 [ERROR] LogOutputStream:75 - [STDERR_REDIRECT] 
2026-09-28 00:30:32,525 [ERROR] LogOutputStream:75 - [STDERR_REDIRECT] [Fatal Error] :1:1: Premature end of file.
2026-09-28 00:30:32,525 [ERROR] LogOutputStream:75 - [STDERR_REDIRECT] 
2026-09-28 00:30:33,524 [ERROR] LogOutputStream:75 - [STDERR_REDIRECT] [Fatal Error] :1:1: Premature end of file.
2026-09-28 00:30:33,524 [ERROR] LogOutputStream:75 - [STDERR_REDIRECT] 
2026-09-28 00:30:34,526 [ERROR] LogOutputStream:75 - [STDERR_REDIRECT] [Fatal Error] :1:1: Premature end of file.
2026-09-28 00:30:34,526 [ERROR] LogOutputStream:75 - [STDERR_REDIRECT] 
2026-09-28 00:30:35,525 [ERROR] LogOutputStream:75 - [STDERR_REDIRECT] [Fatal Error] :1:1: Premature end of file.
2026-09-28 00:30:35,525 [ERROR] LogOutputStream:75 - [STDERR_REDIRECT] 
2026-09-28 00:30:36,525 [ERROR] LogOutputStream:75 - [STDERR_REDIRECT] [Fatal Error] :1:1: Premature end of file.
2026-09-28 00:30:36,525 [ERROR] LogOutputStream:75 - [STDERR_REDIRECT] 
2026-09-28 00:30:37,551 [ERROR] LogOutputStream:75 - [STDERR_REDIRECT] [Fatal Error] :1:1: Premature end of file.
2026-09-28 00:30:37,551 [ERROR] LogOutputStream:75 - [STDERR_REDIRECT] 
2026-09-28 00:30:38,523 [ERROR] LogOutputStream:75 - [STDERR_REDIRECT] [Fatal Error] :1:1: Premature end of file.
2026-09-28 00:30:38,523 [ERROR] LogOutputStream:75 - [STDERR_REDIRECT] 
2026-09-28 00:30:39,524 [ERROR] LogOutputStream:75 - [STDERR_REDIRECT] [Fatal Error] :1:1: Premature end of file.
2026-09-28 00:30:39,524 [ERROR] LogOutputStream:75 - [STDERR_REDIRECT] 
2026-09-28 00:30:40,525 [ERROR] LogOutputStream:75 - [STDERR_REDIRECT] [Fatal Error] :1:1: Premature end of file.
2026-09-28 00:30:40,525 [ERROR] LogOutputStream:75 - [STDERR_REDIRECT] 
2026-09-28 00:30:41,524 [ERROR] LogOutputStream:75 - [STDERR_REDIRECT] [Fatal Error] :1:1: Premature end of file.
2026-09-28 00:30:41,524 [ERROR] LogOutputStream:75 - [STDERR_REDIRECT] 
2026-09-28 00:30:42,524 [ERROR] LogOutputStream:75 - [STDERR_REDIRECT] [Fatal Error] :1:1: Premature end of file.
2026-09-28 00:30:42,524 [ERROR] LogOutputStream:75 - [STDERR_REDIRECT] 
2026-09-28 00:30:43,525 [ERROR] LogOutputStream:75 - [STDERR_REDIRECT] [Fatal Error] :1:1: Premature end of file.
2026-09-28 00:30:43,525 [ERROR] LogOutputStream:75 - [STDERR_REDIRECT] 
2026-09-28 00:30:44,524 [ERROR] LogOutputStream:75 - [STDERR_REDIRECT] [Fatal Error] :1:1: Premature end of file.
2026-09-28 00:30:44,524 [ERROR] LogOutputStream:75 - [STDERR_REDIRECT] 
2026-09-28 00:30:45,526 [ERROR] LogOutputStream:75 - [STDERR_REDIRECT] [Fatal Error] :1:1: Premature end of file.
2026-09-28 00:30:45,526 [ERROR] LogOutputStream:75 - [STDERR_REDIRECT] 
2026-09-28 00:30:46,525 [ERROR] LogOutputStream:75 - [STDERR_REDIRECT] [Fatal Error] :1:1: Premature end of file.
2026-09-28 00:30:46,525 [ERROR] LogOutputStream:75 - [STDERR_REDIRECT] 
2026-09-28 00:30:47,523 [ERROR] LogOutputStream:75 - [STDERR_REDIRECT] [Fatal Error] :1:1: Premature end of file.
2026-09-28 00:30:47,523 [ERROR] LogOutputStream:75 - [STDERR_REDIRECT] 
2026-09-28 00:30:48,525 [ERROR] LogOutputStream:75 - [STDERR_REDIRECT] [Fatal Error] :1:1: Premature end of file.
2026-09-28 00:30:48,525 [ERROR] LogOutputStream:75 - [STDERR_REDIRECT] 
2026-09-28 00:30:49,525 [ERROR] LogOutputStream:75 - [STDERR_REDIRECT] [Fatal Error] :1:1: Premature end of file.
2026-09-28 00:30:49,525 [ERROR] LogOutputStream:75 - [STDERR_REDIRECT] 
2026-09-28 00:30:50,525 [ERROR] LogOutputStream:75 - [STDERR_REDIRECT] [Fatal Error] :1:1: Premature end of file.
2026-09-28 00:30:50,525 [ERROR] LogOutputStream:75 - [STDERR_REDIRECT] 
2026-09-28 00:30:51,524 [ERROR] LogOutputStream:75 - [STDERR_REDIRECT] [Fatal Error] :1:1: Premature end of file.
2026-09-28 00:30:51,524 [ERROR] LogOutputStream:75 - [STDERR_REDIRECT] 
2026-09-28 00:30:52,526 [ERROR] LogOutputStream:75 - [STDERR_REDIRECT] [Fatal Error] :1:1: Premature end of file.
2026-09-28 00:30:52,526 [ERROR] LogOutputStream:75 - [STDERR_REDIRECT] 
2026-09-28 00:30:53,523 [ERROR] LogOutputStream:75 - [STDERR_REDIRECT] [Fatal Error] :1:1: Premature end of file.
2026-09-28 00:30:53,523 [ERROR] LogOutputStream:75 - [STDERR_REDIRECT] 
2026-09-28 00:30:54,524 [ERROR] LogOutputStream:75 - [STDERR_REDIRECT] [Fatal Error] :1:1: Premature end of file.
2026-09-28 00:30:54,524 [ERROR] LogOutputStream:75 - [STDERR_REDIRECT] 
2026-09-28 00:30:55,524 [ERROR] LogOutputStream:75 - [STDERR_REDIRECT] [Fatal Error] :1:1: Premature end of file.
2026-09-28 00:30:55,525 [ERROR] LogOutputStream:75 - [STDERR_REDIRECT] 
2026-09-28 00:30:56,524 [ERROR] LogOutputStream:75 - [STDERR_REDIRECT] [Fatal Error] :1:1: Premature end of file.
2026-09-28 00:30:56,524 [ERROR] LogOutputStream:75 - [STDERR_REDIRECT] 
2026-09-28 00:30:57,524 [ERROR] LogOutputStream:75 - [STDERR_REDIRECT] [Fatal Error] :1:1: Premature end of file.
2026-09-28 00:30:57,525 [ERROR] LogOutputStream:75 - [STDERR_REDIRECT] 
2026-09-28 00:30:58,527 [ERROR] LogOutputStream:75 - [STDERR_REDIRECT] [Fatal Error] :1:1: Premature end of file.
2026-09-28 00:30:58,527 [ERROR] LogOutputStream:75 - [STDERR_REDIRECT] 
2026-09-28 00:30:59,525 [ERROR] LogOutputStream:75 - [STDERR_REDIRECT] [Fatal Error] :1:1: Premature end of file.
2026-09-28 00:30:59,525 [ERROR] LogOutputStream:75 - [STDERR_REDIRECT] 
2026-09-28 00:31:00,524 [ERROR] LogOutputStream:75 - [STDERR_REDIRECT] [Fatal Error] :1:1: Premature end of file.
2026-09-28 00:31:00,524 [ERROR] LogOutputStream:75 - [STDERR_REDIRECT] 
